model	revision	layer	normalized_depth	condition	regime	seed	benchmark_roc_auc	casual_roc_auc	macro_format_roc_auc	worst_format_roc_auc	benchmark_balanced_accuracy	casual_balanced_accuracy	macro_format_balanced_accuracy	worst_format_balanced_accuracy
meta-llama/Llama-3.1-70B-Instruct	1605565b47bb9346c5515c34102e054115b4f98b	-60	0.25	payload_heldout	benchmark_only		0.8657457139756944	0.87267265625	0.8692091851128472	0.8657457139756944	0.7776041666666667	0.7978125	0.7877083333333333	0.7776041666666667
meta-llama/Llama-3.1-70B-Instruct	1605565b47bb9346c5515c34102e054115b4f98b	-60	0.25	payload_heldout	casual_only		0.8678057183159723	0.885739453125	0.8767725857204862	0.8678057183159723	0.7848958333333333	0.8125	0.7986979166666667	0.7848958333333333
meta-llama/Llama-3.1-70B-Instruct	1605565b47bb9346c5515c34102e054115b4f98b	-60	0.25	payload_heldout	mixed	20260823	0.866322021484375	0.879854296875	0.8730881591796875	0.866322021484375	0.7830729166666667	0.81	0.7965364583333334	0.7830729166666667
meta-llama/Llama-3.1-70B-Instruct	1605565b47bb9346c5515c34102e054115b4f98b	-60	0.25	payload_heldout	mixed	20260824	0.8653800455729167	0.8771753906249999	0.8712777180989584	0.8653800455729167	0.7809895833333333	0.810625	0.7958072916666667	0.7809895833333333
meta-llama/Llama-3.1-70B-Instruct	1605565b47bb9346c5515c34102e054115b4f98b	-60	0.25	payload_heldout	mixed	20260825	0.86617919921875	0.8803046875	0.873241943359375	0.86617919921875	0.7791666666666667	0.8090625	0.7941145833333334	0.7791666666666667
meta-llama/Llama-3.1-70B-Instruct	1605565b47bb9346c5515c34102e054115b4f98b	-60	0.25	payload_heldout	mixed	20260826	0.8661577690972222	0.8798761718749999	0.873016970486111	0.8661577690972222	0.7828125	0.81	0.79640625	0.7828125
meta-llama/Llama-3.1-70B-Instruct	1605565b47bb9346c5515c34102e054115b4f98b	-60	0.25	payload_heldout	mixed	20260827	0.8652544487847222	0.8789625	0.872108474392361	0.8652544487847222	0.7783854166666666	0.8087500000000001	0.7935677083333333	0.7783854166666666
meta-llama/Llama-3.1-70B-Instruct	1605565b47bb9346c5515c34102e054115b4f98b	-60	0.25	payload_heldout	mixed	20260828	0.8657305230034723	0.87865859375	0.8721945583767361	0.8657305230034723	0.7765625	0.809375	0.79296875	0.7765625
meta-llama/Llama-3.1-70B-Instruct	1605565b47bb9346c5515c34102e054115b4f98b	-60	0.25	payload_heldout	mixed	20260829	0.8656415473090278	0.8789046875	0.8722731174045139	0.8656415473090278	0.77734375	0.8096875	0.793515625	0.77734375
meta-llama/Llama-3.1-70B-Instruct	1605565b47bb9346c5515c34102e054115b4f98b	-60	0.25	payload_heldout	mixed	20260830	0.8656070963541667	0.87954765625	0.8725773763020833	0.8656070963541667	0.7776041666666667	0.8084375	0.7930208333333333	0.7776041666666667
meta-llama/Llama-3.1-70B-Instruct	1605565b47bb9346c5515c34102e054115b4f98b	-60	0.25	payload_exposed	benchmark_only		0.866005859375	0.872692578125	0.86934921875	0.866005859375	0.77890625	0.798125	0.788515625	0.77890625
meta-llama/Llama-3.1-70B-Instruct	1605565b47bb9346c5515c34102e054115b4f98b	-60	0.25	payload_exposed	casual_only		0.8680504014756943	0.8857859374999999	0.8769181694878472	0.8680504014756943	0.7861979166666666	0.8118749999999999	0.7990364583333333	0.7861979166666666
meta-llama/Llama-3.1-70B-Instruct	1605565b47bb9346c5515c34102e054115b4f98b	-60	0.25	payload_exposed	mixed	20260823	0.8659486219618056	0.87950078125	0.8727247016059028	0.8659486219618056	0.7791666666666667	0.8109375	0.7950520833333333	0.7791666666666667
meta-llama/Llama-3.1-70B-Instruct	1605565b47bb9346c5515c34102e054115b4f98b	-60	0.25	payload_exposed	mixed	20260824	0.8649397786458335	0.8772445312499999	0.8710921549479167	0.8649397786458335	0.778125	0.8096875	0.79390625	0.778125
meta-llama/Llama-3.1-70B-Instruct	1605565b47bb9346c5515c34102e054115b4f98b	-60	0.25	payload_exposed	mixed	20260825	0.865549587673611	0.879357421875	0.8724535047743055	0.865549587673611	0.7796875	0.8109375	0.7953125	0.7796875
meta-llama/Llama-3.1-70B-Instruct	1605565b47bb9346c5515c34102e054115b4f98b	-60	0.25	payload_exposed	mixed	20260826	0.8669845920138888	0.8801105468750001	0.8735475694444444	0.8669845920138888	0.7817708333333333	0.8103125	0.7960416666666666	0.7817708333333333
meta-llama/Llama-3.1-70B-Instruct	1605565b47bb9346c5515c34102e054115b4f98b	-60	0.25	payload_exposed	mixed	20260827	0.8654342990451389	0.8793472656249999	0.8723907823350694	0.8654342990451389	0.77734375	0.8106249999999999	0.793984375	0.77734375
meta-llama/Llama-3.1-70B-Instruct	1605565b47bb9346c5515c34102e054115b4f98b	-60	0.25	payload_exposed	mixed	20260828	0.8655726453993055	0.8788203125	0.8721964789496528	0.8655726453993055	0.778125	0.8103125	0.79421875	0.778125
meta-llama/Llama-3.1-70B-Instruct	1605565b47bb9346c5515c34102e054115b4f98b	-60	0.25	payload_exposed	mixed	20260829	0.8657831488715277	0.8789214843750001	0.8723523166232638	0.8657831488715277	0.7791666666666666	0.8115625	0.7953645833333333	0.7791666666666666
meta-llama/Llama-3.1-70B-Instruct	1605565b47bb9346c5515c34102e054115b4f98b	-60	0.25	payload_exposed	mixed	20260830	0.8657275390625	0.879987890625	0.87285771484375	0.8657275390625	0.7791666666666667	0.8084375	0.7938020833333334	0.7791666666666667
meta-llama/Llama-3.1-70B-Instruct	1605565b47bb9346c5515c34102e054115b4f98b	-50	0.375	payload_heldout	benchmark_only		0.8630338541666667	0.856177734375	0.8596057942708333	0.856177734375	0.7911458333333334	0.7696875	0.7804166666666668	0.7696875
meta-llama/Llama-3.1-70B-Instruct	1605565b47bb9346c5515c34102e054115b4f98b	-50	0.375	payload_heldout	casual_only		0.8467727322048612	0.857466015625	0.8521193739149306	0.8467727322048612	0.7856770833333333	0.7915625	0.7886197916666666	0.7856770833333333
meta-llama/Llama-3.1-70B-Instruct	1605565b47bb9346c5515c34102e054115b4f98b	-50	0.375	payload_heldout	mixed	20260823	0.854331325954861	0.8575437499999999	0.8559375379774306	0.854331325954861	0.7893229166666667	0.7796875	0.7845052083333333	0.7796875
meta-llama/Llama-3.1-70B-Instruct	1605565b47bb9346c5515c34102e054115b4f98b	-50	0.375	payload_heldout	mixed	20260824	0.8556255425347221	0.85853515625	0.8570803493923611	0.8556255425347221	0.7908854166666667	0.78125	0.7860677083333334	0.78125
meta-llama/Llama-3.1-70B-Instruct	1605565b47bb9346c5515c34102e054115b4f98b	-50	0.375	payload_heldout	mixed	20260825	0.8531274414062501	0.856309375	0.8547184082031251	0.8531274414062501	0.7869791666666666	0.78	0.7834895833333333	0.78
meta-llama/Llama-3.1-70B-Instruct	1605565b47bb9346c5515c34102e054115b4f98b	-50	0.375	payload_heldout	mixed	20260826	0.8552837456597222	0.85801640625	0.8566500759548611	0.8552837456597222	0.7893229166666667	0.7809375000000001	0.7851302083333334	0.7809375000000001
meta-llama/Llama-3.1-70B-Instruct	1605565b47bb9346c5515c34102e054115b4f98b	-50	0.375	payload_heldout	mixed	20260827	0.8552042643229166	0.8578695312499999	0.8565368977864583	0.8552042643229166	0.79140625	0.7815624999999999	0.7864843749999999	0.7815624999999999
meta-llama/Llama-3.1-70B-Instruct	1605565b47bb9346c5515c34102e054115b4f98b	-50	0.375	payload_heldout	mixed	20260828	0.8534369574652778	0.8554984374999999	0.8544676974826388	0.8534369574652778	0.7877604166666667	0.7759375	0.7818489583333333	0.7759375
meta-llama/Llama-3.1-70B-Instruct	1605565b47bb9346c5515c34102e054115b4f98b	-50	0.375	payload_heldout	mixed	20260829	0.8542089843749999	0.857115625	0.8556623046875	0.8542089843749999	0.78828125	0.78	0.784140625	0.78
meta-llama/Llama-3.1-70B-Instruct	1605565b47bb9346c5515c34102e054115b4f98b	-50	0.375	payload_heldout	mixed	20260830	0.8541094292534722	0.858626171875	0.8563678005642361	0.8541094292534722	0.790625	0.781875	0.78625	0.781875
meta-llama/Llama-3.1-70B-Instruct	1605565b47bb9346c5515c34102e054115b4f98b	-50	0.375	payload_exposed	benchmark_only		0.8629307725694444	0.85690078125	0.8599157769097222	0.85690078125	0.7901041666666666	0.770625	0.7803645833333333	0.770625
meta-llama/Llama-3.1-70B-Instruct	1605565b47bb9346c5515c34102e054115b4f98b	-50	0.375	payload_exposed	casual_only		0.8467876519097223	0.8580554687499999	0.852421560329861	0.8467876519097223	0.7830729166666667	0.79375	0.7884114583333333	0.7830729166666667
meta-llama/Llama-3.1-70B-Instruct	1605565b47bb9346c5515c34102e054115b4f98b	-50	0.375	payload_exposed	mixed	20260823	0.8537074110243055	0.8574558593749999	0.8555816351996527	0.8537074110243055	0.7880208333333334	0.7815624999999999	0.7847916666666667	0.7815624999999999
meta-llama/Llama-3.1-70B-Instruct	1605565b47bb9346c5515c34102e054115b4f98b	-50	0.375	payload_exposed	mixed	20260824	0.8539405653211807	0.85763203125	0.8557862982855904	0.8539405653211807	0.784375	0.780625	0.7825	0.780625
meta-llama/Llama-3.1-70B-Instruct	1605565b47bb9346c5515c34102e054115b4f98b	-50	0.375	payload_exposed	mixed	20260825	0.8530287000868055	0.856832421875	0.8549305609809028	0.8530287000868055	0.7846354166666667	0.78125	0.7829427083333333	0.78125
meta-llama/Llama-3.1-70B-Instruct	1605565b47bb9346c5515c34102e054115b4f98b	-50	0.375	payload_exposed	mixed	20260826	0.8558778211805556	0.8586732421874999	0.8572755316840277	0.8558778211805556	0.7890625	0.7825	0.78578125	0.7825
meta-llama/Llama-3.1-70B-Instruct	1605565b47bb9346c5515c34102e054115b4f98b	-50	0.375	payload_exposed	mixed	20260827	0.8547200520833333	0.858734765625	0.8567274088541666	0.8547200520833333	0.7861979166666666	0.78	0.7830989583333333	0.78
meta-llama/Llama-3.1-70B-Instruct	1605565b47bb9346c5515c34102e054115b4f98b	-50	0.375	payload_exposed	mixed	20260828	0.8533897569444444	0.8571285156249999	0.8552591362847222	0.8533897569444444	0.7838541666666667	0.7793749999999999	0.7816145833333333	0.7793749999999999
meta-llama/Llama-3.1-70B-Instruct	1605565b47bb9346c5515c34102e054115b4f98b	-50	0.375	payload_exposed	mixed	20260829	0.8538180881076389	0.85770390625	0.8557609971788195	0.8538180881076389	0.784375	0.7818750000000001	0.7831250000000001	0.7818750000000001
meta-llama/Llama-3.1-70B-Instruct	1605565b47bb9346c5515c34102e054115b4f98b	-50	0.375	payload_exposed	mixed	20260830	0.8542306857638888	0.8591597656250001	0.8566952256944445	0.8542306857638888	0.7854166666666667	0.7834375	0.7844270833333333	0.7834375
meta-llama/Llama-3.1-70B-Instruct	1605565b47bb9346c5515c34102e054115b4f98b	-40	0.5	payload_heldout	benchmark_only		0.8054372829861112	0.80999609375	0.8077166883680555	0.8054372829861112	0.72109375	0.7103125	0.715703125	0.7103125
meta-llama/Llama-3.1-70B-Instruct	1605565b47bb9346c5515c34102e054115b4f98b	-40	0.5	payload_heldout	casual_only		0.7829069010416667	0.7935292968750001	0.7882180989583334	0.7829069010416667	0.7033854166666667	0.711875	0.7076302083333333	0.7033854166666667
meta-llama/Llama-3.1-70B-Instruct	1605565b47bb9346c5515c34102e054115b4f98b	-40	0.5	payload_heldout	mixed	20260823	0.8019352213541667	0.805619140625	0.8037771809895833	0.8019352213541667	0.7182291666666667	0.718125	0.7181770833333334	0.718125
meta-llama/Llama-3.1-70B-Instruct	1605565b47bb9346c5515c34102e054115b4f98b	-40	0.5	payload_heldout	mixed	20260824	0.8047452799479167	0.807966015625	0.8063556477864584	0.8047452799479167	0.7213541666666667	0.7175	0.7194270833333334	0.7175
meta-llama/Llama-3.1-70B-Instruct	1605565b47bb9346c5515c34102e054115b4f98b	-40	0.5	payload_heldout	mixed	20260825	0.7962969292534723	0.8015351562499999	0.7989160427517361	0.7962969292534723	0.7213541666666666	0.7115625000000001	0.7164583333333334	0.7115625000000001
meta-llama/Llama-3.1-70B-Instruct	1605565b47bb9346c5515c34102e054115b4f98b	-40	0.5	payload_heldout	mixed	20260826	0.8010658094618055	0.8046824218749999	0.8028741156684027	0.8010658094618055	0.7197916666666666	0.7159375	0.7178645833333333	0.7159375
meta-llama/Llama-3.1-70B-Instruct	1605565b47bb9346c5515c34102e054115b4f98b	-40	0.5	payload_heldout	mixed	20260827	0.8018290201822916	0.805891015625	0.8038600179036458	0.8018290201822916	0.7234375	0.7203125	0.721875	0.7203125
meta-llama/Llama-3.1-70B-Instruct	1605565b47bb9346c5515c34102e054115b4f98b	-40	0.5	payload_heldout	mixed	20260828	0.7974773491753472	0.8007726562499999	0.7991250027126735	0.7974773491753472	0.7192708333333333	0.71375	0.7165104166666667	0.71375
meta-llama/Llama-3.1-70B-Instruct	1605565b47bb9346c5515c34102e054115b4f98b	-40	0.5	payload_heldout	mixed	20260829	0.7986244032118056	0.8034421875	0.8010332953559027	0.7986244032118056	0.7200520833333333	0.7153125	0.7176822916666666	0.7153125
meta-llama/Llama-3.1-70B-Instruct	1605565b47bb9346c5515c34102e054115b4f98b	-40	0.5	payload_heldout	mixed	20260830	0.7949145507812501	0.801998828125	0.7984566894531251	0.7949145507812501	0.7192708333333333	0.714375	0.7168229166666666	0.714375
meta-llama/Llama-3.1-70B-Instruct	1605565b47bb9346c5515c34102e054115b4f98b	-40	0.5	payload_exposed	benchmark_only		0.8063582356770832	0.8109460937499999	0.8086521647135416	0.8063582356770832	0.72265625	0.7109375	0.716796875	0.7109375
meta-llama/Llama-3.1-70B-Instruct	1605565b47bb9346c5515c34102e054115b4f98b	-40	0.5	payload_exposed	casual_only		0.7843793402777779	0.793503125	0.7889412326388889	0.7843793402777779	0.7067708333333333	0.7093750000000001	0.7080729166666667	0.7067708333333333
meta-llama/Llama-3.1-70B-Instruct	1605565b47bb9346c5515c34102e054115b4f98b	-40	0.5	payload_exposed	mixed	20260823	0.8014265950520834	0.805296875	0.8033617350260417	0.8014265950520834	0.7166666666666667	0.71625	0.7164583333333334	0.71625
meta-llama/Llama-3.1-70B-Instruct	1605565b47bb9346c5515c34102e054115b4f98b	-40	0.5	payload_exposed	mixed	20260824	0.802546115451389	0.8067019531249999	0.8046240342881945	0.802546115451389	0.7213541666666666	0.71875	0.7200520833333333	0.71875
meta-llama/Llama-3.1-70B-Instruct	1605565b47bb9346c5515c34102e054115b4f98b	-40	0.5	payload_exposed	mixed	20260825	0.7978575303819444	0.802640625	0.8002490776909722	0.7978575303819444	0.715625	0.7168749999999999	0.7162499999999999	0.715625
meta-llama/Llama-3.1-70B-Instruct	1605565b47bb9346c5515c34102e054115b4f98b	-40	0.5	payload_exposed	mixed	20260826	0.8058363172743055	0.80742109375	0.8066287055121528	0.8058363172743055	0.7205729166666667	0.72	0.7202864583333333	0.72
meta-llama/Llama-3.1-70B-Instruct	1605565b47bb9346c5515c34102e054115b4f98b	-40	0.5	payload_exposed	mixed	20260827	0.8009266493055556	0.8057894531249999	0.8033580512152778	0.8009266493055556	0.72109375	0.7153125	0.718203125	0.7153125
meta-llama/Llama-3.1-70B-Instruct	1605565b47bb9346c5515c34102e054115b4f98b	-40	0.5	payload_exposed	mixed	20260828	0.7964737955729166	0.8009683593750001	0.7987210774739584	0.7964737955729166	0.71328125	0.7125	0.712890625	0.7125
meta-llama/Llama-3.1-70B-Instruct	1605565b47bb9346c5515c34102e054115b4f98b	-40	0.5	payload_exposed	mixed	20260829	0.7984176974826388	0.8044753906250001	0.8014465440538194	0.7984176974826388	0.7158854166666666	0.7190625	0.7174739583333334	0.7158854166666666
meta-llama/Llama-3.1-70B-Instruct	1605565b47bb9346c5515c34102e054115b4f98b	-40	0.5	payload_exposed	mixed	20260830	0.7986276584201388	0.8030222656249999	0.8008249620225694	0.7986276584201388	0.71484375	0.7146874999999999	0.714765625	0.7146874999999999
meta-llama/Llama-3.1-70B-Instruct	1605565b47bb9346c5515c34102e054115b4f98b	-30	0.625	payload_heldout	benchmark_only		0.7567898220486111	0.7754171875	0.7661035047743056	0.7567898220486111	0.6721354166666667	0.6771875	0.6746614583333334	0.6721354166666667
meta-llama/Llama-3.1-70B-Instruct	1605565b47bb9346c5515c34102e054115b4f98b	-30	0.625	payload_heldout	casual_only		0.771708713107639	0.7762417968750001	0.7739752549913195	0.771708713107639	0.6893229166666667	0.6946875	0.6920052083333333	0.6893229166666667
meta-llama/Llama-3.1-70B-Instruct	1605565b47bb9346c5515c34102e054115b4f98b	-30	0.625	payload_heldout	mixed	20260823	0.773620334201389	0.7801183593750001	0.7768693467881945	0.773620334201389	0.6895833333333333	0.6915625000000001	0.6905729166666668	0.6895833333333333
meta-llama/Llama-3.1-70B-Instruct	1605565b47bb9346c5515c34102e054115b4f98b	-30	0.625	payload_heldout	mixed	20260824	0.7783295355902777	0.7831046875	0.7807171115451388	0.7783295355902777	0.6932291666666667	0.69625	0.6947395833333334	0.6932291666666667
meta-llama/Llama-3.1-70B-Instruct	1605565b47bb9346c5515c34102e054115b4f98b	-30	0.625	payload_heldout	mixed	20260825	0.7700566948784724	0.77741953125	0.7737381130642362	0.7700566948784724	0.6872395833333333	0.6871875	0.6872135416666667	0.6871875
meta-llama/Llama-3.1-70B-Instruct	1605565b47bb9346c5515c34102e054115b4f98b	-30	0.625	payload_heldout	mixed	20260826	0.7741615125868055	0.7797859375	0.7769737250434028	0.7741615125868055	0.69453125	0.6921875	0.693359375	0.6921875
meta-llama/Llama-3.1-70B-Instruct	1605565b47bb9346c5515c34102e054115b4f98b	-30	0.625	payload_heldout	mixed	20260827	0.7755978732638888	0.781530859375	0.7785643663194444	0.7755978732638888	0.6919270833333333	0.6915625000000001	0.6917447916666667	0.6915625000000001
meta-llama/Llama-3.1-70B-Instruct	1605565b47bb9346c5515c34102e054115b4f98b	-30	0.625	payload_heldout	mixed	20260828	0.7697965494791666	0.7766796874999999	0.7732381184895833	0.7697965494791666	0.68671875	0.6871875000000001	0.686953125	0.68671875
meta-llama/Llama-3.1-70B-Instruct	1605565b47bb9346c5515c34102e054115b4f98b	-30	0.625	payload_heldout	mixed	20260829	0.7710636393229167	0.7784921875	0.7747779134114583	0.7710636393229167	0.6901041666666666	0.686875	0.6884895833333333	0.686875
meta-llama/Llama-3.1-70B-Instruct	1605565b47bb9346c5515c34102e054115b4f98b	-30	0.625	payload_heldout	mixed	20260830	0.7681838650173611	0.778644140625	0.7734140028211806	0.7681838650173611	0.6830729166666667	0.6893750000000001	0.6862239583333334	0.6830729166666667
meta-llama/Llama-3.1-70B-Instruct	1605565b47bb9346c5515c34102e054115b4f98b	-30	0.625	payload_exposed	benchmark_only		0.7580069986979167	0.77579296875	0.7668999837239583	0.7580069986979167	0.6716145833333333	0.68375	0.6776822916666667	0.6716145833333333
meta-llama/Llama-3.1-70B-Instruct	1605565b47bb9346c5515c34102e054115b4f98b	-30	0.625	payload_exposed	casual_only		0.7736851671006945	0.7757925781250001	0.7747388726128472	0.7736851671006945	0.6903645833333334	0.694375	0.6923697916666667	0.6903645833333334
meta-llama/Llama-3.1-70B-Instruct	1605565b47bb9346c5515c34102e054115b4f98b	-30	0.625	payload_exposed	mixed	20260823	0.7727037217881945	0.7792480468749999	0.7759758843315971	0.7727037217881945	0.6885416666666666	0.6853125	0.6869270833333333	0.6853125
meta-llama/Llama-3.1-70B-Instruct	1605565b47bb9346c5515c34102e054115b4f98b	-30	0.625	payload_exposed	mixed	20260824	0.7769547526041667	0.781955078125	0.7794549153645833	0.7769547526041667	0.6971354166666667	0.6950000000000001	0.6960677083333333	0.6950000000000001
meta-llama/Llama-3.1-70B-Instruct	1605565b47bb9346c5515c34102e054115b4f98b	-30	0.625	payload_exposed	mixed	20260825	0.7717735460069445	0.777843359375	0.7748084526909722	0.7717735460069445	0.6880208333333333	0.6812499999999999	0.6846354166666666	0.6812499999999999
meta-llama/Llama-3.1-70B-Instruct	1605565b47bb9346c5515c34102e054115b4f98b	-30	0.625	payload_exposed	mixed	20260826	0.7789263237847223	0.7813500000000001	0.7801381618923612	0.7789263237847223	0.6958333333333333	0.6946875	0.6952604166666667	0.6946875
meta-llama/Llama-3.1-70B-Instruct	1605565b47bb9346c5515c34102e054115b4f98b	-30	0.625	payload_exposed	mixed	20260827	0.7739702690972222	0.7809535156249999	0.7774618923611111	0.7739702690972222	0.6872395833333333	0.6928125	0.6900260416666667	0.6872395833333333
meta-llama/Llama-3.1-70B-Instruct	1605565b47bb9346c5515c34102e054115b4f98b	-30	0.625	payload_exposed	mixed	20260828	0.7690147569444444	0.77688203125	0.7729483940972222	0.7690147569444444	0.6854166666666667	0.6865625	0.6859895833333334	0.6854166666666667
meta-llama/Llama-3.1-70B-Instruct	1605565b47bb9346c5515c34102e054115b4f98b	-30	0.625	payload_exposed	mixed	20260829	0.77156494140625	0.779259765625	0.775412353515625	0.77156494140625	0.6807291666666666	0.6921875	0.6864583333333333	0.6807291666666666
meta-llama/Llama-3.1-70B-Instruct	1605565b47bb9346c5515c34102e054115b4f98b	-30	0.625	payload_exposed	mixed	20260830	0.7713576931423611	0.7788886718750001	0.7751231825086806	0.7713576931423611	0.6885416666666666	0.6884375	0.6884895833333333	0.6884375
meta-llama/Llama-3.1-70B-Instruct	1605565b47bb9346c5515c34102e054115b4f98b	-20	0.75	payload_heldout	benchmark_only		0.73279052734375	0.7499414062499999	0.741365966796875	0.73279052734375	0.6559895833333333	0.6621874999999999	0.6590885416666666	0.6559895833333333
meta-llama/Llama-3.1-70B-Instruct	1605565b47bb9346c5515c34102e054115b4f98b	-20	0.75	payload_heldout	casual_only		0.7405740017361112	0.7459617187500001	0.7432678602430556	0.7405740017361112	0.6651041666666666	0.6671875	0.6661458333333333	0.6651041666666666
meta-llama/Llama-3.1-70B-Instruct	1605565b47bb9346c5515c34102e054115b4f98b	-20	0.75	payload_heldout	mixed	20260823	0.7420244683159722	0.7504230468749999	0.7462237575954861	0.7420244683159722	0.6674479166666667	0.6678124999999999	0.6676302083333333	0.6674479166666667
meta-llama/Llama-3.1-70B-Instruct	1605565b47bb9346c5515c34102e054115b4f98b	-20	0.75	payload_heldout	mixed	20260824	0.7475161404079861	0.754251171875	0.7508836561414931	0.7475161404079861	0.6705729166666667	0.6659375000000001	0.6682552083333334	0.6659375000000001
meta-llama/Llama-3.1-70B-Instruct	1605565b47bb9346c5515c34102e054115b4f98b	-20	0.75	payload_heldout	mixed	20260825	0.7404657660590278	0.748485546875	0.7444756564670139	0.7404657660590278	0.66796875	0.6590625	0.663515625	0.6590625
meta-llama/Llama-3.1-70B-Instruct	1605565b47bb9346c5515c34102e054115b4f98b	-20	0.75	payload_heldout	mixed	20260826	0.7440776909722222	0.750780859375	0.7474292751736111	0.7440776909722222	0.6700520833333333	0.6634374999999999	0.6667447916666667	0.6634374999999999
meta-llama/Llama-3.1-70B-Instruct	1605565b47bb9346c5515c34102e054115b4f98b	-20	0.75	payload_heldout	mixed	20260827	0.7456507703993055	0.752652734375	0.7491517523871527	0.7456507703993055	0.6643229166666667	0.661875	0.6630989583333333	0.661875
meta-llama/Llama-3.1-70B-Instruct	1605565b47bb9346c5515c34102e054115b4f98b	-20	0.75	payload_heldout	mixed	20260828	0.7394620768229166	0.7474734375000001	0.7434677571614583	0.7394620768229166	0.66328125	0.65875	0.661015625	0.65875
meta-llama/Llama-3.1-70B-Instruct	1605565b47bb9346c5515c34102e054115b4f98b	-20	0.75	payload_heldout	mixed	20260829	0.74105224609375	0.74936953125	0.745210888671875	0.74105224609375	0.6645833333333333	0.663125	0.6638541666666666	0.663125
meta-llama/Llama-3.1-70B-Instruct	1605565b47bb9346c5515c34102e054115b4f98b	-20	0.75	payload_heldout	mixed	20260830	0.7382636176215278	0.749348828125	0.7438062228732639	0.7382636176215278	0.6640625	0.6615625	0.6628125	0.6615625
meta-llama/Llama-3.1-70B-Instruct	1605565b47bb9346c5515c34102e054115b4f98b	-20	0.75	payload_exposed	benchmark_only		0.7340256076388889	0.7504382812499999	0.7422319444444444	0.7340256076388889	0.6578125	0.66125	0.65953125	0.6578125
meta-llama/Llama-3.1-70B-Instruct	1605565b47bb9346c5515c34102e054115b4f98b	-20	0.75	payload_exposed	casual_only		0.7421039496527778	0.7456625	0.7438832248263889	0.7421039496527778	0.6669270833333334	0.669375	0.6681510416666667	0.6669270833333334
meta-llama/Llama-3.1-70B-Instruct	1605565b47bb9346c5515c34102e054115b4f98b	-20	0.75	payload_exposed	mixed	20260823	0.7419520399305556	0.7503320312499999	0.7461420355902777	0.7419520399305556	0.6640625	0.6621874999999999	0.663125	0.6621874999999999
meta-llama/Llama-3.1-70B-Instruct	1605565b47bb9346c5515c34102e054115b4f98b	-20	0.75	payload_exposed	mixed	20260824	0.7469501410590278	0.7528945312499999	0.7499223361545139	0.7469501410590278	0.67265625	0.6690625	0.670859375	0.6690625
meta-llama/Llama-3.1-70B-Instruct	1605565b47bb9346c5515c34102e054115b4f98b	-20	0.75	payload_exposed	mixed	20260825	0.7423174370659722	0.749236328125	0.745776882595486	0.7423174370659722	0.66484375	0.6596875	0.662265625	0.6596875
meta-llama/Llama-3.1-70B-Instruct	1605565b47bb9346c5515c34102e054115b4f98b	-20	0.75	payload_exposed	mixed	20260826	0.7481255425347222	0.752170703125	0.7501481228298611	0.7481255425347222	0.6697916666666667	0.6675	0.6686458333333334	0.6675
meta-llama/Llama-3.1-70B-Instruct	1605565b47bb9346c5515c34102e054115b4f98b	-20	0.75	payload_exposed	mixed	20260827	0.7435276963975694	0.7514625	0.7474950981987847	0.7435276963975694	0.6638020833333333	0.6634375	0.6636197916666666	0.6634375
meta-llama/Llama-3.1-70B-Instruct	1605565b47bb9346c5515c34102e054115b4f98b	-20	0.75	payload_exposed	mixed	20260828	0.7388905164930556	0.74810859375	0.7434995551215278	0.7388905164930556	0.6640625	0.661875	0.66296875	0.661875
meta-llama/Llama-3.1-70B-Instruct	1605565b47bb9346c5515c34102e054115b4f98b	-20	0.75	payload_exposed	mixed	20260829	0.7417377387152779	0.750525390625	0.746131564670139	0.7417377387152779	0.6622395833333333	0.668125	0.6651822916666666	0.6622395833333333
meta-llama/Llama-3.1-70B-Instruct	1605565b47bb9346c5515c34102e054115b4f98b	-20	0.75	payload_exposed	mixed	20260830	0.7410291883680555	0.749782421875	0.7454058051215278	0.7410291883680555	0.6640625	0.663125	0.66359375	0.663125
meta-llama/Llama-3.3-70B-Instruct	6f6073b423013f6a7d4d9f39144961bfbfbc386b	-60	0.25	payload_heldout	benchmark_only		0.8570461697048611	0.880254296875	0.8686502332899306	0.8570461697048611	0.7559895833333333	0.8	0.7779947916666667	0.7559895833333333
meta-llama/Llama-3.3-70B-Instruct	6f6073b423013f6a7d4d9f39144961bfbfbc386b	-60	0.25	payload_heldout	casual_only		0.8428350151909723	0.878368359375	0.8606016872829861	0.8428350151909723	0.7354166666666666	0.7990625	0.7672395833333333	0.7354166666666666
meta-llama/Llama-3.3-70B-Instruct	6f6073b423013f6a7d4d9f39144961bfbfbc386b	-60	0.25	payload_heldout	mixed	20260823	0.8489754231770832	0.878819140625	0.8638972819010415	0.8489754231770832	0.7434895833333333	0.801875	0.7726822916666667	0.7434895833333333
meta-llama/Llama-3.3-70B-Instruct	6f6073b423013f6a7d4d9f39144961bfbfbc386b	-60	0.25	payload_heldout	mixed	20260824	0.8489306640625001	0.8780246093749999	0.86347763671875	0.8489306640625001	0.7445312500000001	0.8031250000000001	0.7738281250000001	0.7445312500000001
meta-llama/Llama-3.3-70B-Instruct	6f6073b423013f6a7d4d9f39144961bfbfbc386b	-60	0.25	payload_heldout	mixed	20260825	0.8493926323784722	0.8792207031250001	0.8643066677517361	0.8493926323784722	0.7437499999999999	0.8046875	0.77421875	0.7437499999999999
meta-llama/Llama-3.3-70B-Instruct	6f6073b423013f6a7d4d9f39144961bfbfbc386b	-60	0.25	payload_heldout	mixed	20260826	0.8491634114583333	0.879468359375	0.8643158854166666	0.8491634114583333	0.7432291666666667	0.798125	0.7706770833333334	0.7432291666666667
meta-llama/Llama-3.3-70B-Instruct	6f6073b423013f6a7d4d9f39144961bfbfbc386b	-60	0.25	payload_heldout	mixed	20260827	0.8489165581597222	0.8788507812499999	0.8638836697048611	0.8489165581597222	0.7447916666666666	0.7984375	0.7716145833333333	0.7447916666666666
meta-llama/Llama-3.3-70B-Instruct	6f6073b423013f6a7d4d9f39144961bfbfbc386b	-60	0.25	payload_heldout	mixed	20260828	0.8487318250868057	0.8779171875	0.8633245062934028	0.8487318250868057	0.7455729166666667	0.80125	0.7734114583333334	0.7455729166666667
meta-llama/Llama-3.3-70B-Instruct	6f6073b423013f6a7d4d9f39144961bfbfbc386b	-60	0.25	payload_heldout	mixed	20260829	0.8493039279513889	0.8790394531250001	0.8641716905381944	0.8493039279513889	0.7453125	0.80125	0.77328125	0.7453125
meta-llama/Llama-3.3-70B-Instruct	6f6073b423013f6a7d4d9f39144961bfbfbc386b	-60	0.25	payload_heldout	mixed	20260830	0.8477237955729167	0.878328125	0.8630259602864583	0.8477237955729167	0.7424479166666667	0.7990625	0.7707552083333333	0.7424479166666667
meta-llama/Llama-3.3-70B-Instruct	6f6073b423013f6a7d4d9f39144961bfbfbc386b	-60	0.25	payload_exposed	benchmark_only		0.8571723090277777	0.880160546875	0.8686664279513889	0.8571723090277777	0.7567708333333334	0.8	0.7783854166666667	0.7567708333333334
meta-llama/Llama-3.3-70B-Instruct	6f6073b423013f6a7d4d9f39144961bfbfbc386b	-60	0.25	payload_exposed	casual_only		0.8431743706597222	0.878518359375	0.8608463650173611	0.8431743706597222	0.7348958333333333	0.7990625	0.7669791666666667	0.7348958333333333
meta-llama/Llama-3.3-70B-Instruct	6f6073b423013f6a7d4d9f39144961bfbfbc386b	-60	0.25	payload_exposed	mixed	20260823	0.8490462239583334	0.87875390625	0.8639000651041667	0.8490462239583334	0.7442708333333333	0.8028124999999999	0.7735416666666666	0.7442708333333333
meta-llama/Llama-3.3-70B-Instruct	6f6073b423013f6a7d4d9f39144961bfbfbc386b	-60	0.25	payload_exposed	mixed	20260824	0.8486482747395833	0.87826171875	0.8634549967447916	0.8486482747395833	0.74609375	0.8009375000000001	0.773515625	0.74609375
meta-llama/Llama-3.3-70B-Instruct	6f6073b423013f6a7d4d9f39144961bfbfbc386b	-60	0.25	payload_exposed	mixed	20260825	0.8491845703125	0.8790466796875	0.864115625	0.8491845703125	0.7440104166666667	0.8009375000000001	0.7724739583333333	0.7440104166666667
meta-llama/Llama-3.3-70B-Instruct	6f6073b423013f6a7d4d9f39144961bfbfbc386b	-60	0.25	payload_exposed	mixed	20260826	0.8497254774305555	0.8795349609375	0.8646302191840278	0.8497254774305555	0.7440104166666667	0.800625	0.7723177083333334	0.7440104166666667
meta-llama/Llama-3.3-70B-Instruct	6f6073b423013f6a7d4d9f39144961bfbfbc386b	-60	0.25	payload_exposed	mixed	20260827	0.8487806532118055	0.8788746093750002	0.8638276312934028	0.8487806532118055	0.7445312500000001	0.79875	0.7716406250000001	0.7445312500000001
meta-llama/Llama-3.3-70B-Instruct	6f6073b423013f6a7d4d9f39144961bfbfbc386b	-60	0.25	payload_exposed	mixed	20260828	0.8488707139756944	0.87815078125	0.8635107476128472	0.8488707139756944	0.7455729166666667	0.8034375	0.7745052083333334	0.7455729166666667
meta-llama/Llama-3.3-70B-Instruct	6f6073b423013f6a7d4d9f39144961bfbfbc386b	-60	0.25	payload_exposed	mixed	20260829	0.8494911024305556	0.87886875	0.8641799262152778	0.8494911024305556	0.7453125	0.8021875	0.77375	0.7453125
meta-llama/Llama-3.3-70B-Instruct	6f6073b423013f6a7d4d9f39144961bfbfbc386b	-60	0.25	payload_exposed	mixed	20260830	0.8479353841145834	0.8787085937499999	0.8633219889322916	0.8479353841145834	0.7450520833333334	0.796875	0.7709635416666667	0.7450520833333334
meta-llama/Llama-3.3-70B-Instruct	6f6073b423013f6a7d4d9f39144961bfbfbc386b	-50	0.375	payload_heldout	benchmark_only		0.7925013563368055	0.8083429687499999	0.8004221625434027	0.7925013563368055	0.7106770833333333	0.7153125	0.7129947916666667	0.7106770833333333
meta-llama/Llama-3.3-70B-Instruct	6f6073b423013f6a7d4d9f39144961bfbfbc386b	-50	0.375	payload_heldout	casual_only		0.7762725151909723	0.800825	0.7885487575954861	0.7762725151909723	0.7281249999999999	0.7584375	0.7432812499999999	0.7281249999999999
meta-llama/Llama-3.3-70B-Instruct	6f6073b423013f6a7d4d9f39144961bfbfbc386b	-50	0.375	payload_heldout	mixed	20260823	0.7833774142795139	0.80387890625	0.793628160264757	0.7833774142795139	0.7208333333333333	0.7459375	0.7333854166666667	0.7208333333333333
meta-llama/Llama-3.3-70B-Instruct	6f6073b423013f6a7d4d9f39144961bfbfbc386b	-50	0.375	payload_heldout	mixed	20260824	0.7858439127604167	0.804159765625	0.7950018391927083	0.7858439127604167	0.7252604166666667	0.7428125	0.7340364583333334	0.7252604166666667
meta-llama/Llama-3.3-70B-Instruct	6f6073b423013f6a7d4d9f39144961bfbfbc386b	-50	0.375	payload_heldout	mixed	20260825	0.7820024956597222	0.802999609375	0.7925010525173611	0.7820024956597222	0.71875	0.7403124999999999	0.72953125	0.71875
meta-llama/Llama-3.3-70B-Instruct	6f6073b423013f6a7d4d9f39144961bfbfbc386b	-50	0.375	payload_heldout	mixed	20260826	0.7821435546875	0.8036259765625	0.792884765625	0.7821435546875	0.7203125	0.7440625000000001	0.7321875	0.7203125
meta-llama/Llama-3.3-70B-Instruct	6f6073b423013f6a7d4d9f39144961bfbfbc386b	-50	0.375	payload_heldout	mixed	20260827	0.7828534613715278	0.8037203125000001	0.7932868869357639	0.7828534613715278	0.71796875	0.7409375	0.729453125	0.71796875
meta-llama/Llama-3.3-70B-Instruct	6f6073b423013f6a7d4d9f39144961bfbfbc386b	-50	0.375	payload_heldout	mixed	20260828	0.7826158311631943	0.8022253906250001	0.7924206108940972	0.7826158311631943	0.7197916666666666	0.741875	0.7308333333333332	0.7197916666666666
meta-llama/Llama-3.3-70B-Instruct	6f6073b423013f6a7d4d9f39144961bfbfbc386b	-50	0.375	payload_heldout	mixed	20260829	0.7848692491319444	0.8051421875	0.7950057183159722	0.7848692491319444	0.7208333333333333	0.7421875	0.7315104166666666	0.7208333333333333
meta-llama/Llama-3.3-70B-Instruct	6f6073b423013f6a7d4d9f39144961bfbfbc386b	-50	0.375	payload_heldout	mixed	20260830	0.7790774197048611	0.803244140625	0.7911607801649305	0.7790774197048611	0.7153645833333333	0.7446875	0.7300260416666666	0.7153645833333333
meta-llama/Llama-3.3-70B-Instruct	6f6073b423013f6a7d4d9f39144961bfbfbc386b	-50	0.375	payload_exposed	benchmark_only		0.7927384440104166	0.8088523437499999	0.8007953938802083	0.7927384440104166	0.7174479166666666	0.7140625	0.7157552083333334	0.7140625
meta-llama/Llama-3.3-70B-Instruct	6f6073b423013f6a7d4d9f39144961bfbfbc386b	-50	0.375	payload_exposed	casual_only		0.77711669921875	0.8004050781250001	0.7887608886718751	0.77711669921875	0.7268229166666667	0.76	0.7434114583333333	0.7268229166666667
meta-llama/Llama-3.3-70B-Instruct	6f6073b423013f6a7d4d9f39144961bfbfbc386b	-50	0.375	payload_exposed	mixed	20260823	0.7833455403645833	0.8038546875	0.7936001139322917	0.7833455403645833	0.7205729166666667	0.743125	0.7318489583333334	0.7205729166666667
meta-llama/Llama-3.3-70B-Instruct	6f6073b423013f6a7d4d9f39144961bfbfbc386b	-50	0.375	payload_exposed	mixed	20260824	0.7847829861111111	0.803285546875	0.7940342664930555	0.7847829861111111	0.7234375	0.7403125	0.731875	0.7234375
meta-llama/Llama-3.3-70B-Instruct	6f6073b423013f6a7d4d9f39144961bfbfbc386b	-50	0.375	payload_exposed	mixed	20260825	0.7833626302083334	0.8032316406250001	0.7932971354166667	0.7833626302083334	0.7234375	0.74125	0.73234375	0.7234375
meta-llama/Llama-3.3-70B-Instruct	6f6073b423013f6a7d4d9f39144961bfbfbc386b	-50	0.375	payload_exposed	mixed	20260826	0.7839409722222221	0.8041119140625	0.7940264431423611	0.7839409722222221	0.7190104166666667	0.745	0.7320052083333333	0.7190104166666667
meta-llama/Llama-3.3-70B-Instruct	6f6073b423013f6a7d4d9f39144961bfbfbc386b	-50	0.375	payload_exposed	mixed	20260827	0.7833094618055556	0.80368046875	0.7934949652777779	0.7833094618055556	0.7166666666666667	0.7462500000000001	0.7314583333333333	0.7166666666666667
meta-llama/Llama-3.3-70B-Instruct	6f6073b423013f6a7d4d9f39144961bfbfbc386b	-50	0.375	payload_exposed	mixed	20260828	0.7823442925347223	0.802539453125	0.7924418728298611	0.7823442925347223	0.7190104166666667	0.7378125	0.7284114583333333	0.7190104166666667
meta-llama/Llama-3.3-70B-Instruct	6f6073b423013f6a7d4d9f39144961bfbfbc386b	-50	0.375	payload_exposed	mixed	20260829	0.7841533745659723	0.804843359375	0.7944983669704861	0.7841533745659723	0.7200520833333333	0.7453125	0.7326822916666667	0.7200520833333333
meta-llama/Llama-3.3-70B-Instruct	6f6073b423013f6a7d4d9f39144961bfbfbc386b	-50	0.375	payload_exposed	mixed	20260830	0.7801399739583332	0.8034859375000001	0.7918129557291667	0.7801399739583332	0.7169270833333333	0.7434375	0.7301822916666667	0.7169270833333333
meta-llama/Llama-3.3-70B-Instruct	6f6073b423013f6a7d4d9f39144961bfbfbc386b	-40	0.5	payload_heldout	benchmark_only		0.7086659071180555	0.74410078125	0.7263833441840277	0.7086659071180555	0.6122395833333334	0.6268750000000001	0.6195572916666667	0.6122395833333334
meta-llama/Llama-3.3-70B-Instruct	6f6073b423013f6a7d4d9f39144961bfbfbc386b	-40	0.5	payload_heldout	casual_only		0.7096199544270833	0.7522535156250001	0.7309367350260416	0.7096199544270833	0.63671875	0.674375	0.655546875	0.63671875
meta-llama/Llama-3.3-70B-Instruct	6f6073b423013f6a7d4d9f39144961bfbfbc386b	-40	0.5	payload_heldout	mixed	20260823	0.7088267686631944	0.74846015625	0.7286434624565972	0.7088267686631944	0.6213541666666667	0.6515625	0.6364583333333333	0.6213541666666667
meta-llama/Llama-3.3-70B-Instruct	6f6073b423013f6a7d4d9f39144961bfbfbc386b	-40	0.5	payload_heldout	mixed	20260824	0.7109280056423611	0.74977578125	0.7303518934461806	0.7109280056423611	0.62734375	0.6534375	0.640390625	0.62734375
meta-llama/Llama-3.3-70B-Instruct	6f6073b423013f6a7d4d9f39144961bfbfbc386b	-40	0.5	payload_heldout	mixed	20260825	0.7082401529947917	0.747036328125	0.7276382405598958	0.7082401529947917	0.6265625	0.654375	0.64046875	0.6265625
meta-llama/Llama-3.3-70B-Instruct	6f6073b423013f6a7d4d9f39144961bfbfbc386b	-40	0.5	payload_heldout	mixed	20260826	0.7082370334201388	0.747946875	0.7280919542100694	0.7082370334201388	0.6239583333333334	0.65125	0.6376041666666667	0.6239583333333334
meta-llama/Llama-3.3-70B-Instruct	6f6073b423013f6a7d4d9f39144961bfbfbc386b	-40	0.5	payload_heldout	mixed	20260827	0.7080221896701389	0.74757265625	0.7277974229600694	0.7080221896701389	0.6216145833333333	0.650625	0.6361197916666667	0.6216145833333333
meta-llama/Llama-3.3-70B-Instruct	6f6073b423013f6a7d4d9f39144961bfbfbc386b	-40	0.5	payload_heldout	mixed	20260828	0.7075526258680556	0.7462695312500001	0.7269110785590278	0.7075526258680556	0.6244791666666667	0.64625	0.6353645833333333	0.6244791666666667
meta-llama/Llama-3.3-70B-Instruct	6f6073b423013f6a7d4d9f39144961bfbfbc386b	-40	0.5	payload_heldout	mixed	20260829	0.7094403754340277	0.7488828125	0.7291615939670139	0.7094403754340277	0.6244791666666667	0.650625	0.6375520833333334	0.6244791666666667
meta-llama/Llama-3.3-70B-Instruct	6f6073b423013f6a7d4d9f39144961bfbfbc386b	-40	0.5	payload_heldout	mixed	20260830	0.7041170247395834	0.7446513671875	0.7243841959635418	0.7041170247395834	0.6190104166666666	0.6478125	0.6334114583333332	0.6190104166666666
meta-llama/Llama-3.3-70B-Instruct	6f6073b423013f6a7d4d9f39144961bfbfbc386b	-40	0.5	payload_exposed	benchmark_only		0.7088953993055556	0.7438277343749999	0.7263615668402778	0.7088953993055556	0.6109375	0.628125	0.6195312500000001	0.6109375
meta-llama/Llama-3.3-70B-Instruct	6f6073b423013f6a7d4d9f39144961bfbfbc386b	-40	0.5	payload_exposed	casual_only		0.710959201388889	0.7520171875000001	0.7314881944444446	0.710959201388889	0.6385416666666667	0.675	0.6567708333333333	0.6385416666666667
meta-llama/Llama-3.3-70B-Instruct	6f6073b423013f6a7d4d9f39144961bfbfbc386b	-40	0.5	payload_exposed	mixed	20260823	0.7093277994791667	0.748515234375	0.7289215169270833	0.7093277994791667	0.6213541666666667	0.6515625	0.6364583333333333	0.6213541666666667
meta-llama/Llama-3.3-70B-Instruct	6f6073b423013f6a7d4d9f39144961bfbfbc386b	-40	0.5	payload_exposed	mixed	20260824	0.7102365451388888	0.7484679687500001	0.7293522569444444	0.7102365451388888	0.62578125	0.6543749999999999	0.6400781249999999	0.62578125
meta-llama/Llama-3.3-70B-Instruct	6f6073b423013f6a7d4d9f39144961bfbfbc386b	-40	0.5	payload_exposed	mixed	20260825	0.7089284939236111	0.747278125	0.7281033094618056	0.7089284939236111	0.6239583333333334	0.6525	0.6382291666666666	0.6239583333333334
meta-llama/Llama-3.3-70B-Instruct	6f6073b423013f6a7d4d9f39144961bfbfbc386b	-40	0.5	payload_exposed	mixed	20260826	0.7093397352430556	0.748008984375	0.7286743598090277	0.7093397352430556	0.6234375	0.6484375	0.6359375	0.6234375
meta-llama/Llama-3.3-70B-Instruct	6f6073b423013f6a7d4d9f39144961bfbfbc386b	-40	0.5	payload_exposed	mixed	20260827	0.7077897135416666	0.746346875	0.7270682942708333	0.7077897135416666	0.6197916666666667	0.651875	0.6358333333333334	0.6197916666666667
meta-llama/Llama-3.3-70B-Instruct	6f6073b423013f6a7d4d9f39144961bfbfbc386b	-40	0.5	payload_exposed	mixed	20260828	0.7076310221354167	0.745857421875	0.7267442220052084	0.7076310221354167	0.6205729166666667	0.6425000000000001	0.6315364583333334	0.6205729166666667
meta-llama/Llama-3.3-70B-Instruct	6f6073b423013f6a7d4d9f39144961bfbfbc386b	-40	0.5	payload_exposed	mixed	20260829	0.7090017361111111	0.74799296875	0.7284973524305556	0.7090017361111111	0.6247395833333333	0.6487499999999999	0.6367447916666666	0.6247395833333333
meta-llama/Llama-3.3-70B-Instruct	6f6073b423013f6a7d4d9f39144961bfbfbc386b	-40	0.5	payload_exposed	mixed	20260830	0.7062263997395835	0.74522578125	0.7257260904947918	0.7062263997395835	0.61875	0.6484375	0.63359375	0.61875
meta-llama/Llama-3.3-70B-Instruct	6f6073b423013f6a7d4d9f39144961bfbfbc386b	-30	0.625	payload_heldout	benchmark_only		0.6936280653211805	0.72486015625	0.7092441107855902	0.6936280653211805	0.60078125	0.6140625	0.607421875	0.60078125
meta-llama/Llama-3.3-70B-Instruct	6f6073b423013f6a7d4d9f39144961bfbfbc386b	-30	0.625	payload_heldout	casual_only		0.709169921875	0.7402810546874999	0.7247254882812499	0.709169921875	0.6231770833333333	0.6646875	0.6439322916666667	0.6231770833333333
meta-llama/Llama-3.3-70B-Instruct	6f6073b423013f6a7d4d9f39144961bfbfbc386b	-30	0.625	payload_heldout	mixed	20260823	0.7017404513888889	0.7353128906249999	0.7185266710069445	0.7017404513888889	0.61015625	0.645625	0.627890625	0.61015625
meta-llama/Llama-3.3-70B-Instruct	6f6073b423013f6a7d4d9f39144961bfbfbc386b	-30	0.625	payload_heldout	mixed	20260824	0.7043134223090278	0.73648359375	0.7203985080295139	0.7043134223090278	0.61484375	0.649375	0.632109375	0.61484375
meta-llama/Llama-3.3-70B-Instruct	6f6073b423013f6a7d4d9f39144961bfbfbc386b	-30	0.625	payload_heldout	mixed	20260825	0.7025029839409722	0.734177734375	0.7183403591579861	0.7025029839409722	0.61328125	0.655	0.634140625	0.61328125
meta-llama/Llama-3.3-70B-Instruct	6f6073b423013f6a7d4d9f39144961bfbfbc386b	-30	0.625	payload_heldout	mixed	20260826	0.7013210720486112	0.7348132812500001	0.7180671766493056	0.7013210720486112	0.61640625	0.6475	0.631953125	0.61640625
meta-llama/Llama-3.3-70B-Instruct	6f6073b423013f6a7d4d9f39144961bfbfbc386b	-30	0.625	payload_heldout	mixed	20260827	0.7016205512152778	0.735034375	0.7183274631076388	0.7016205512152778	0.6111979166666667	0.6503125000000001	0.6307552083333334	0.6111979166666667
meta-llama/Llama-3.3-70B-Instruct	6f6073b423013f6a7d4d9f39144961bfbfbc386b	-30	0.625	payload_heldout	mixed	20260828	0.7008726671006944	0.733978515625	0.7174255913628472	0.7008726671006944	0.6091145833333333	0.6443749999999999	0.6267447916666666	0.6091145833333333
meta-llama/Llama-3.3-70B-Instruct	6f6073b423013f6a7d4d9f39144961bfbfbc386b	-30	0.625	payload_heldout	mixed	20260829	0.7014363606770834	0.7347371093749999	0.7180867350260416	0.7014363606770834	0.6127604166666667	0.646875	0.6298177083333334	0.6127604166666667
meta-llama/Llama-3.3-70B-Instruct	6f6073b423013f6a7d4d9f39144961bfbfbc386b	-30	0.625	payload_heldout	mixed	20260830	0.6976331922743055	0.7330558593750001	0.7153445258246528	0.6976331922743055	0.6075520833333333	0.6490625	0.6283072916666667	0.6075520833333333
meta-llama/Llama-3.3-70B-Instruct	6f6073b423013f6a7d4d9f39144961bfbfbc386b	-30	0.625	payload_exposed	benchmark_only		0.6936555989583333	0.724588671875	0.7091221354166666	0.6936555989583333	0.5997395833333333	0.6140625	0.6069010416666667	0.5997395833333333
meta-llama/Llama-3.3-70B-Instruct	6f6073b423013f6a7d4d9f39144961bfbfbc386b	-30	0.625	payload_exposed	casual_only		0.7102568901909723	0.739719921875	0.7249884060329861	0.7102568901909723	0.6278645833333333	0.6681250000000001	0.6479947916666666	0.6278645833333333
meta-llama/Llama-3.3-70B-Instruct	6f6073b423013f6a7d4d9f39144961bfbfbc386b	-30	0.625	payload_exposed	mixed	20260823	0.7020187717013889	0.73531171875	0.7186652452256945	0.7020187717013889	0.6114583333333333	0.6484375	0.6299479166666666	0.6114583333333333
meta-llama/Llama-3.3-70B-Instruct	6f6073b423013f6a7d4d9f39144961bfbfbc386b	-30	0.625	payload_exposed	mixed	20260824	0.7041088867187499	0.7353998046875	0.719754345703125	0.7041088867187499	0.6143229166666666	0.6528125	0.6335677083333333	0.6143229166666666
meta-llama/Llama-3.3-70B-Instruct	6f6073b423013f6a7d4d9f39144961bfbfbc386b	-30	0.625	payload_exposed	mixed	20260825	0.7022566731770834	0.7335121093750001	0.7178843912760418	0.7022566731770834	0.6127604166666667	0.6540625	0.6334114583333333	0.6127604166666667
meta-llama/Llama-3.3-70B-Instruct	6f6073b423013f6a7d4d9f39144961bfbfbc386b	-30	0.625	payload_exposed	mixed	20260826	0.7021763780381944	0.7343968750000001	0.7182866265190972	0.7021763780381944	0.6158854166666667	0.646875	0.6313802083333333	0.6158854166666667
meta-llama/Llama-3.3-70B-Instruct	6f6073b423013f6a7d4d9f39144961bfbfbc386b	-30	0.625	payload_exposed	mixed	20260827	0.7007956271701389	0.733401953125	0.7170987901475694	0.7007956271701389	0.6138020833333333	0.649375	0.6315885416666667	0.6138020833333333
meta-llama/Llama-3.3-70B-Instruct	6f6073b423013f6a7d4d9f39144961bfbfbc386b	-30	0.625	payload_exposed	mixed	20260828	0.7013821072048612	0.733743359375	0.7175627332899306	0.7013821072048612	0.6072916666666667	0.6471875	0.6272395833333333	0.6072916666666667
meta-llama/Llama-3.3-70B-Instruct	6f6073b423013f6a7d4d9f39144961bfbfbc386b	-30	0.625	payload_exposed	mixed	20260829	0.7011583116319444	0.73385546875	0.7175068901909722	0.7011583116319444	0.6161458333333334	0.6509375	0.6335416666666667	0.6161458333333334
meta-llama/Llama-3.3-70B-Instruct	6f6073b423013f6a7d4d9f39144961bfbfbc386b	-30	0.625	payload_exposed	mixed	20260830	0.6992740885416666	0.7329171875	0.7160956380208333	0.6992740885416666	0.61015625	0.6499999999999999	0.6300781249999999	0.61015625
meta-llama/Llama-3.3-70B-Instruct	6f6073b423013f6a7d4d9f39144961bfbfbc386b	-20	0.75	payload_heldout	benchmark_only		0.6797515190972222	0.709884765625	0.6948181423611111	0.6797515190972222	0.5963541666666667	0.6053125	0.6008333333333333	0.5963541666666667
meta-llama/Llama-3.3-70B-Instruct	6f6073b423013f6a7d4d9f39144961bfbfbc386b	-20	0.75	payload_heldout	casual_only		0.6907606336805556	0.7213484375000001	0.7060545355902779	0.6907606336805556	0.6156250000000001	0.650625	0.633125	0.6156250000000001
meta-llama/Llama-3.3-70B-Instruct	6f6073b423013f6a7d4d9f39144961bfbfbc386b	-20	0.75	payload_heldout	mixed	20260823	0.6831073676215278	0.7179667968750001	0.7005370822482639	0.6831073676215278	0.6078125000000001	0.6334375	0.620625	0.6078125000000001
meta-llama/Llama-3.3-70B-Instruct	6f6073b423013f6a7d4d9f39144961bfbfbc386b	-20	0.75	payload_heldout	mixed	20260824	0.6854945203993056	0.7193078125	0.7024011664496528	0.6854945203993056	0.6098958333333333	0.6371875	0.6235416666666667	0.6098958333333333
meta-llama/Llama-3.3-70B-Instruct	6f6073b423013f6a7d4d9f39144961bfbfbc386b	-20	0.75	payload_heldout	mixed	20260825	0.6839762369791667	0.7171531250000001	0.7005646809895834	0.6839762369791667	0.6106770833333333	0.6365624999999999	0.6236197916666666	0.6106770833333333
meta-llama/Llama-3.3-70B-Instruct	6f6073b423013f6a7d4d9f39144961bfbfbc386b	-20	0.75	payload_heldout	mixed	20260826	0.6830769856770833	0.718037109375	0.7005570475260416	0.6830769856770833	0.6080729166666667	0.635625	0.6218489583333333	0.6080729166666667
meta-llama/Llama-3.3-70B-Instruct	6f6073b423013f6a7d4d9f39144961bfbfbc386b	-20	0.75	payload_heldout	mixed	20260827	0.6836067708333333	0.718270703125	0.7009387369791666	0.6836067708333333	0.6075520833333333	0.6331249999999999	0.6203385416666667	0.6075520833333333
meta-llama/Llama-3.3-70B-Instruct	6f6073b423013f6a7d4d9f39144961bfbfbc386b	-20	0.75	payload_heldout	mixed	20260828	0.6815443250868055	0.71648203125	0.6990131781684028	0.6815443250868055	0.6036458333333333	0.6296875	0.6166666666666667	0.6036458333333333
meta-llama/Llama-3.3-70B-Instruct	6f6073b423013f6a7d4d9f39144961bfbfbc386b	-20	0.75	payload_heldout	mixed	20260829	0.6832416449652778	0.71815078125	0.7006962131076389	0.6832416449652778	0.6096354166666667	0.631875	0.6207552083333333	0.6096354166666667
meta-llama/Llama-3.3-70B-Instruct	6f6073b423013f6a7d4d9f39144961bfbfbc386b	-20	0.75	payload_heldout	mixed	20260830	0.6797783745659722	0.7163871093749999	0.698082741970486	0.6797783745659722	0.60234375	0.6331249999999999	0.617734375	0.60234375
meta-llama/Llama-3.3-70B-Instruct	6f6073b423013f6a7d4d9f39144961bfbfbc386b	-20	0.75	payload_exposed	benchmark_only		0.6798624674479167	0.7096515625	0.6947570149739584	0.6798624674479167	0.5919270833333333	0.6065625	0.5992447916666667	0.5919270833333333
meta-llama/Llama-3.3-70B-Instruct	6f6073b423013f6a7d4d9f39144961bfbfbc386b	-20	0.75	payload_exposed	casual_only		0.691322970920139	0.7208871093749999	0.7061050401475695	0.691322970920139	0.6138020833333333	0.6499999999999999	0.6319010416666666	0.6138020833333333
meta-llama/Llama-3.3-70B-Instruct	6f6073b423013f6a7d4d9f39144961bfbfbc386b	-20	0.75	payload_exposed	mixed	20260823	0.6837296549479167	0.7182515625	0.7009906087239584	0.6837296549479167	0.6057291666666667	0.6375	0.6216145833333333	0.6057291666666667
meta-llama/Llama-3.3-70B-Instruct	6f6073b423013f6a7d4d9f39144961bfbfbc386b	-20	0.75	payload_exposed	mixed	20260824	0.6858673773871528	0.71833828125	0.7021028293185764	0.6858673773871528	0.6111979166666667	0.6396875	0.6254427083333334	0.6111979166666667
meta-llama/Llama-3.3-70B-Instruct	6f6073b423013f6a7d4d9f39144961bfbfbc386b	-20	0.75	payload_exposed	mixed	20260825	0.6837809244791666	0.716544921875	0.7001629231770833	0.6837809244791666	0.60859375	0.6368750000000001	0.6227343750000001	0.60859375
meta-llama/Llama-3.3-70B-Instruct	6f6073b423013f6a7d4d9f39144961bfbfbc386b	-20	0.75	payload_exposed	mixed	20260826	0.6839293077256945	0.7176921875000001	0.7008107476128473	0.6839293077256945	0.6106770833333334	0.6403125000000001	0.6254947916666667	0.6106770833333334
meta-llama/Llama-3.3-70B-Instruct	6f6073b423013f6a7d4d9f39144961bfbfbc386b	-20	0.75	payload_exposed	mixed	20260827	0.6825279405381945	0.7164382812500001	0.6994831108940973	0.6825279405381945	0.60703125	0.6396875	0.6233593749999999	0.60703125
meta-llama/Llama-3.3-70B-Instruct	6f6073b423013f6a7d4d9f39144961bfbfbc386b	-20	0.75	payload_exposed	mixed	20260828	0.682353515625	0.7166421875	0.6994978515625	0.682353515625	0.6018229166666667	0.63375	0.6177864583333333	0.6018229166666667
meta-llama/Llama-3.3-70B-Instruct	6f6073b423013f6a7d4d9f39144961bfbfbc386b	-20	0.75	payload_exposed	mixed	20260829	0.6832961697048611	0.717686328125	0.7004912489149305	0.6832961697048611	0.6083333333333334	0.6403125	0.6243229166666666	0.6083333333333334
meta-llama/Llama-3.3-70B-Instruct	6f6073b423013f6a7d4d9f39144961bfbfbc386b	-20	0.75	payload_exposed	mixed	20260830	0.6812679036458333	0.71643203125	0.6988499674479167	0.6812679036458333	0.6044270833333334	0.6375	0.6209635416666667	0.6044270833333334
