model	revision	layer	normalized_depth	estimator	regime	seed	benchmark_roc_auc	casual_roc_auc	macro_format_roc_auc	worst_format_roc_auc	benchmark_balanced_accuracy	casual_balanced_accuracy	macro_format_balanced_accuracy	worst_format_balanced_accuracy
meta-llama/Llama-3.1-8B-Instruct	0e9e39f249a16976918f6564b8830bc894c89659	12	0.375	logistic	benchmark_only		0.9838764105902778	0.9474281250000002	0.9656522677951389	0.9474281250000002	0.9338541666666667	0.8653125	0.8995833333333334	0.8653125
meta-llama/Llama-3.1-8B-Instruct	0e9e39f249a16976918f6564b8830bc894c89659	12	0.375	logistic	casual_only		0.9315695529513889	0.9817078125	0.9566386827256945	0.9315695529513889	0.825	0.9296875	0.87734375	0.825
meta-llama/Llama-3.1-8B-Instruct	0e9e39f249a16976918f6564b8830bc894c89659	12	0.375	logistic	mixed	20260823	0.9803987630208333	0.977978515625	0.9791886393229167	0.977978515625	0.9296875	0.9215625000000001	0.925625	0.9215625000000001
meta-llama/Llama-3.1-8B-Instruct	0e9e39f249a16976918f6564b8830bc894c89659	12	0.375	logistic	mixed	20260824	0.9814835611979166	0.9783832031249999	0.9799333821614582	0.9783832031249999	0.9278645833333333	0.925	0.9264322916666667	0.925
meta-llama/Llama-3.1-8B-Instruct	0e9e39f249a16976918f6564b8830bc894c89659	12	0.375	logistic	mixed	20260825	0.983127712673611	0.979105859375	0.9811167860243055	0.979105859375	0.9281250000000001	0.9237500000000001	0.9259375000000001	0.9237500000000001
meta-llama/Llama-3.1-8B-Instruct	0e9e39f249a16976918f6564b8830bc894c89659	12	0.375	logistic	mixed	20260826	0.9811585828993056	0.97861171875	0.9798851508246528	0.97861171875	0.9268229166666666	0.9199999999999999	0.9234114583333333	0.9199999999999999
meta-llama/Llama-3.1-8B-Instruct	0e9e39f249a16976918f6564b8830bc894c89659	12	0.375	logistic	mixed	20260827	0.9824666341145835	0.97844296875	0.9804548014322918	0.97844296875	0.928125	0.9221874999999999	0.9251562499999999	0.9221874999999999
meta-llama/Llama-3.1-8B-Instruct	0e9e39f249a16976918f6564b8830bc894c89659	12	0.375	logistic	mixed	20260828	0.983064236111111	0.978640234375	0.9808522352430555	0.978640234375	0.9286458333333334	0.923125	0.9258854166666667	0.923125
meta-llama/Llama-3.1-8B-Instruct	0e9e39f249a16976918f6564b8830bc894c89659	12	0.375	logistic	mixed	20260829	0.9811640082465278	0.9786828125	0.9799234103732639	0.9786828125	0.9270833333333334	0.9159375	0.9215104166666667	0.9159375
meta-llama/Llama-3.1-8B-Instruct	0e9e39f249a16976918f6564b8830bc894c89659	12	0.375	logistic	mixed	20260830	0.9830837673611111	0.9795582031250001	0.9813209852430556	0.9795582031250001	0.9315104166666666	0.920625	0.9260677083333333	0.920625
meta-llama/Llama-3.1-8B-Instruct	0e9e39f249a16976918f6564b8830bc894c89659	12	0.375	diagonal_lda	benchmark_only		0.7597056749131944	0.747130859375	0.7534182671440972	0.747130859375	0.6901041666666667	0.645	0.6675520833333334	0.645
meta-llama/Llama-3.1-8B-Instruct	0e9e39f249a16976918f6564b8830bc894c89659	12	0.375	diagonal_lda	casual_only		0.7427376302083334	0.750173828125	0.7464557291666667	0.7427376302083334	0.6869791666666667	0.69	0.6884895833333333	0.6869791666666667
meta-llama/Llama-3.1-8B-Instruct	0e9e39f249a16976918f6564b8830bc894c89659	12	0.375	diagonal_lda	mixed	20260823	0.7565806749131945	0.752041015625	0.7543108452690972	0.752041015625	0.69296875	0.68125	0.687109375	0.68125
meta-llama/Llama-3.1-8B-Instruct	0e9e39f249a16976918f6564b8830bc894c89659	12	0.375	diagonal_lda	mixed	20260824	0.7571609157986111	0.7508398437499999	0.7540003797743056	0.7508398437499999	0.6934895833333333	0.6821875	0.6878385416666666	0.6821875
meta-llama/Llama-3.1-8B-Instruct	0e9e39f249a16976918f6564b8830bc894c89659	12	0.375	diagonal_lda	mixed	20260825	0.7539347330729167	0.7499871093749999	0.7519609212239583	0.7499871093749999	0.6908854166666667	0.68	0.6854427083333334	0.68
meta-llama/Llama-3.1-8B-Instruct	0e9e39f249a16976918f6564b8830bc894c89659	12	0.375	diagonal_lda	mixed	20260826	0.7559852430555556	0.7539550781249998	0.7549701605902777	0.7539550781249998	0.6932291666666667	0.6840625	0.6886458333333334	0.6840625
meta-llama/Llama-3.1-8B-Instruct	0e9e39f249a16976918f6564b8830bc894c89659	12	0.375	diagonal_lda	mixed	20260827	0.7512860785590278	0.7483386718749999	0.7498123752170138	0.7483386718749999	0.6901041666666666	0.67625	0.6831770833333333	0.67625
meta-llama/Llama-3.1-8B-Instruct	0e9e39f249a16976918f6564b8830bc894c89659	12	0.375	diagonal_lda	mixed	20260828	0.7536319986979167	0.749903515625	0.7517677571614584	0.749903515625	0.6927083333333334	0.6799999999999999	0.6863541666666666	0.6799999999999999
meta-llama/Llama-3.1-8B-Instruct	0e9e39f249a16976918f6564b8830bc894c89659	12	0.375	diagonal_lda	mixed	20260829	0.7544083658854166	0.7506941406250001	0.7525512532552083	0.7506941406250001	0.6919270833333333	0.681875	0.6869010416666667	0.681875
meta-llama/Llama-3.1-8B-Instruct	0e9e39f249a16976918f6564b8830bc894c89659	12	0.375	diagonal_lda	mixed	20260830	0.7565782335069444	0.751943359375	0.7542607964409722	0.751943359375	0.6942708333333334	0.684375	0.6893229166666667	0.684375
meta-llama/Llama-3.1-70B-Instruct	1605565b47bb9346c5515c34102e054115b4f98b	30	0.375	logistic	benchmark_only		0.9938503689236112	0.9664722656250001	0.9801613172743057	0.9664722656250001	0.9575520833333333	0.8896875	0.9236197916666666	0.8896875
meta-llama/Llama-3.1-70B-Instruct	1605565b47bb9346c5515c34102e054115b4f98b	30	0.375	logistic	casual_only		0.9798828125	0.9918414062500001	0.985862109375	0.9798828125	0.8752604166666667	0.95625	0.9157552083333333	0.8752604166666667
meta-llama/Llama-3.1-70B-Instruct	1605565b47bb9346c5515c34102e054115b4f98b	30	0.375	logistic	mixed	20260823	0.9936908637152778	0.990135546875	0.9919132052951389	0.990135546875	0.9567708333333333	0.94875	0.9527604166666667	0.94875
meta-llama/Llama-3.1-70B-Instruct	1605565b47bb9346c5515c34102e054115b4f98b	30	0.375	logistic	mixed	20260824	0.99298583984375	0.991142578125	0.992064208984375	0.991142578125	0.9546875	0.951875	0.9532812500000001	0.951875
meta-llama/Llama-3.1-70B-Instruct	1605565b47bb9346c5515c34102e054115b4f98b	30	0.375	logistic	mixed	20260825	0.9935544162326388	0.9914226562499999	0.9924885362413194	0.9914226562499999	0.9585937499999999	0.9540625	0.956328125	0.9540625
meta-llama/Llama-3.1-70B-Instruct	1605565b47bb9346c5515c34102e054115b4f98b	30	0.375	logistic	mixed	20260826	0.9933159722222223	0.9911648437499999	0.9922404079861111	0.9911648437499999	0.9575520833333333	0.9503125	0.9539322916666666	0.9503125
meta-llama/Llama-3.1-70B-Instruct	1605565b47bb9346c5515c34102e054115b4f98b	30	0.375	logistic	mixed	20260827	0.9933973524305555	0.9919152343750001	0.9926562934027778	0.9919152343750001	0.9552083333333333	0.9553125	0.9552604166666667	0.9552083333333333
meta-llama/Llama-3.1-70B-Instruct	1605565b47bb9346c5515c34102e054115b4f98b	30	0.375	logistic	mixed	20260828	0.9939371744791666	0.9911273437500001	0.9925322591145833	0.9911273437500001	0.9585937499999999	0.9521875	0.9553906249999999	0.9521875
meta-llama/Llama-3.1-70B-Instruct	1605565b47bb9346c5515c34102e054115b4f98b	30	0.375	logistic	mixed	20260829	0.9939954969618054	0.990933984375	0.9924647406684027	0.990933984375	0.9565104166666667	0.9546874999999999	0.9555989583333333	0.9546874999999999
meta-llama/Llama-3.1-70B-Instruct	1605565b47bb9346c5515c34102e054115b4f98b	30	0.375	logistic	mixed	20260830	0.9940424262152778	0.991537109375	0.9927897677951389	0.991537109375	0.9611979166666667	0.95375	0.9574739583333334	0.95375
meta-llama/Llama-3.1-70B-Instruct	1605565b47bb9346c5515c34102e054115b4f98b	30	0.375	diagonal_lda	benchmark_only		0.86427978515625	0.856844921875	0.860562353515625	0.856844921875	0.7903645833333334	0.7737499999999999	0.7820572916666666	0.7737499999999999
meta-llama/Llama-3.1-70B-Instruct	1605565b47bb9346c5515c34102e054115b4f98b	30	0.375	diagonal_lda	casual_only		0.8473019748263889	0.857812890625	0.8525574327256944	0.8473019748263889	0.7848958333333333	0.7921875	0.7885416666666667	0.7848958333333333
meta-llama/Llama-3.1-70B-Instruct	1605565b47bb9346c5515c34102e054115b4f98b	30	0.375	diagonal_lda	mixed	20260823	0.8546123589409722	0.8568984374999999	0.8557553982204861	0.8546123589409722	0.7848958333333333	0.7790625	0.7819791666666667	0.7790625
meta-llama/Llama-3.1-70B-Instruct	1605565b47bb9346c5515c34102e054115b4f98b	30	0.375	diagonal_lda	mixed	20260824	0.8545231119791666	0.8564722656249999	0.8554976888020833	0.8545231119791666	0.78828125	0.781875	0.7850781250000001	0.781875
meta-llama/Llama-3.1-70B-Instruct	1605565b47bb9346c5515c34102e054115b4f98b	30	0.375	diagonal_lda	mixed	20260825	0.8518975151909721	0.8551886718749999	0.853543093532986	0.8518975151909721	0.78515625	0.7759375	0.780546875	0.7759375
meta-llama/Llama-3.1-70B-Instruct	1605565b47bb9346c5515c34102e054115b4f98b	30	0.375	diagonal_lda	mixed	20260826	0.8560753038194444	0.8590152343749999	0.8575452690972222	0.8560753038194444	0.7895833333333333	0.7831250000000001	0.7863541666666667	0.7831250000000001
meta-llama/Llama-3.1-70B-Instruct	1605565b47bb9346c5515c34102e054115b4f98b	30	0.375	diagonal_lda	mixed	20260827	0.8563066948784722	0.857526953125	0.8569168240017362	0.8563066948784722	0.7911458333333333	0.7821875	0.7866666666666666	0.7821875
meta-llama/Llama-3.1-70B-Instruct	1605565b47bb9346c5515c34102e054115b4f98b	30	0.375	diagonal_lda	mixed	20260828	0.8538799370659722	0.85723359375	0.8555567654079861	0.8538799370659722	0.7856770833333333	0.7784375	0.7820572916666666	0.7784375
meta-llama/Llama-3.1-70B-Instruct	1605565b47bb9346c5515c34102e054115b4f98b	30	0.375	diagonal_lda	mixed	20260829	0.8544007703993056	0.857867578125	0.8561341742621529	0.8544007703993056	0.7890625	0.7821875	0.785625	0.7821875
meta-llama/Llama-3.1-70B-Instruct	1605565b47bb9346c5515c34102e054115b4f98b	30	0.375	diagonal_lda	mixed	20260830	0.8555042860243056	0.8580554687500002	0.8567798773871529	0.8555042860243056	0.7885416666666667	0.7803125	0.7844270833333333	0.7803125
meta-llama/Llama-3.3-70B-Instruct	6f6073b423013f6a7d4d9f39144961bfbfbc386b	30	0.375	logistic	benchmark_only		0.9901453993055556	0.9720250000000001	0.9810851996527779	0.9720250000000001	0.94375	0.9043749999999999	0.9240625	0.9043749999999999
meta-llama/Llama-3.3-70B-Instruct	6f6073b423013f6a7d4d9f39144961bfbfbc386b	30	0.375	logistic	casual_only		0.9710736762152778	0.986423046875	0.9787483615451389	0.9710736762152778	0.89921875	0.9359375	0.9175781249999999	0.89921875
meta-llama/Llama-3.3-70B-Instruct	6f6073b423013f6a7d4d9f39144961bfbfbc386b	30	0.375	logistic	mixed	20260823	0.9875311957465279	0.98420390625	0.985867550998264	0.98420390625	0.9338541666666667	0.934375	0.9341145833333333	0.9338541666666667
meta-llama/Llama-3.3-70B-Instruct	6f6073b423013f6a7d4d9f39144961bfbfbc386b	30	0.375	logistic	mixed	20260824	0.9872515190972223	0.985604296875	0.9864279079861111	0.985604296875	0.9322916666666667	0.93625	0.9342708333333334	0.9322916666666667
meta-llama/Llama-3.3-70B-Instruct	6f6073b423013f6a7d4d9f39144961bfbfbc386b	30	0.375	logistic	mixed	20260825	0.9896725802951389	0.9868085937500001	0.9882405870225694	0.9868085937500001	0.9424479166666666	0.939375	0.9409114583333333	0.939375
meta-llama/Llama-3.3-70B-Instruct	6f6073b423013f6a7d4d9f39144961bfbfbc386b	30	0.375	logistic	mixed	20260826	0.9877661132812501	0.9864234375	0.9870947753906251	0.9864234375	0.9401041666666666	0.9390625	0.9395833333333333	0.9390625
meta-llama/Llama-3.3-70B-Instruct	6f6073b423013f6a7d4d9f39144961bfbfbc386b	30	0.375	logistic	mixed	20260827	0.9887437608506945	0.986559375	0.9876515679253473	0.986559375	0.9377604166666667	0.9378124999999999	0.9377864583333333	0.9377604166666667
meta-llama/Llama-3.3-70B-Instruct	6f6073b423013f6a7d4d9f39144961bfbfbc386b	30	0.375	logistic	mixed	20260828	0.9889998372395834	0.9860171875	0.9875085123697918	0.9860171875	0.9377604166666667	0.938125	0.9379427083333334	0.9377604166666667
meta-llama/Llama-3.3-70B-Instruct	6f6073b423013f6a7d4d9f39144961bfbfbc386b	30	0.375	logistic	mixed	20260829	0.9882313368055555	0.98501171875	0.9866215277777778	0.98501171875	0.9401041666666667	0.9390625	0.9395833333333334	0.9390625
meta-llama/Llama-3.3-70B-Instruct	6f6073b423013f6a7d4d9f39144961bfbfbc386b	30	0.375	logistic	mixed	20260830	0.98809326171875	0.985404296875	0.986748779296875	0.985404296875	0.9388020833333333	0.9356249999999999	0.9372135416666666	0.9356249999999999
meta-llama/Llama-3.3-70B-Instruct	6f6073b423013f6a7d4d9f39144961bfbfbc386b	30	0.375	diagonal_lda	benchmark_only		0.7942084418402777	0.808546875	0.8013776584201389	0.7942084418402777	0.7158854166666666	0.716875	0.7163802083333333	0.7158854166666666
meta-llama/Llama-3.3-70B-Instruct	6f6073b423013f6a7d4d9f39144961bfbfbc386b	30	0.375	diagonal_lda	casual_only		0.7771072048611112	0.80061015625	0.7888586805555555	0.7771072048611112	0.7294270833333334	0.7625	0.7459635416666667	0.7294270833333334
meta-llama/Llama-3.3-70B-Instruct	6f6073b423013f6a7d4d9f39144961bfbfbc386b	30	0.375	diagonal_lda	mixed	20260823	0.7839122178819444	0.803247265625	0.7935797417534722	0.7839122178819444	0.7216145833333334	0.7424999999999999	0.7320572916666667	0.7216145833333334
meta-llama/Llama-3.3-70B-Instruct	6f6073b423013f6a7d4d9f39144961bfbfbc386b	30	0.375	diagonal_lda	mixed	20260824	0.7880642361111111	0.804689453125	0.7963768446180555	0.7880642361111111	0.7286458333333333	0.746875	0.7377604166666667	0.7286458333333333
meta-llama/Llama-3.3-70B-Instruct	6f6073b423013f6a7d4d9f39144961bfbfbc386b	30	0.375	diagonal_lda	mixed	20260825	0.7803736707899306	0.8007953125	0.7905844916449654	0.7803736707899306	0.7192708333333333	0.7396875	0.7294791666666667	0.7192708333333333
meta-llama/Llama-3.3-70B-Instruct	6f6073b423013f6a7d4d9f39144961bfbfbc386b	30	0.375	diagonal_lda	mixed	20260826	0.7863783094618055	0.8063449218750001	0.7963616156684028	0.7863783094618055	0.721875	0.7521875	0.73703125	0.721875
meta-llama/Llama-3.3-70B-Instruct	6f6073b423013f6a7d4d9f39144961bfbfbc386b	30	0.375	diagonal_lda	mixed	20260827	0.7841577148437501	0.80313984375	0.793648779296875	0.7841577148437501	0.7216145833333334	0.74375	0.7326822916666667	0.7216145833333334
meta-llama/Llama-3.3-70B-Instruct	6f6073b423013f6a7d4d9f39144961bfbfbc386b	30	0.375	diagonal_lda	mixed	20260828	0.7825962999131946	0.8031796875	0.7928879937065973	0.7825962999131946	0.72421875	0.7478125	0.7360156250000001	0.72421875
meta-llama/Llama-3.3-70B-Instruct	6f6073b423013f6a7d4d9f39144961bfbfbc386b	30	0.375	diagonal_lda	mixed	20260829	0.7803225368923612	0.799567578125	0.7899450575086806	0.7803225368923612	0.7190104166666667	0.7390625	0.7290364583333333	0.7190104166666667
meta-llama/Llama-3.3-70B-Instruct	6f6073b423013f6a7d4d9f39144961bfbfbc386b	30	0.375	diagonal_lda	mixed	20260830	0.7846590169270833	0.804983203125	0.7948211100260416	0.7846590169270833	0.7208333333333334	0.7496875	0.7352604166666667	0.7208333333333334
