model	layer	normalized_depth	task	n	RR_auc	RT_auc	TT_auc	TR_auc	RR_balanced_accuracy	RT_balanced_accuracy	TT_balanced_accuracy	TR_balanced_accuracy	symmetric_penalty_auc	symmetric_penalty_auc_ci_2.5	symmetric_penalty_auc_ci_97.5	template_minus_raw_auc	direction_cosine_mean	raw_template_oof_score_correlation
8b	0	0.0	purpose_benchmark	408	0.8566657054978855	0.8317714340638216	0.9447327950788158	0.8359765474817378	0.6299019607843137	0.5637254901960784	0.8357843137254902	0.6274509803921569	0.06682525951557095	0.04094488898500576	0.09344062379853894	0.08806708958093035	0.11105507559050869	0.8710172007881485
8b	0	0.0	purpose_casual	408	0.9978613994617455	0.7889273356401384	0.9602556708958093	0.9196703191080353	0.9926470588235294	0.5	0.9068627450980392	0.7279411764705882	0.12475970780469053	0.09442071559015763	0.15658941272587468	-0.037605728565936136	0.0926787260698545	0.7875539568304047
8b	0	0.0	format_evaluation	408	1.0	0.9953143021914648	1.0	1.0	1.0	0.5	1.0	0.8725490196078431	0.0023428489042676137	0.0009007953671664598	0.00427750144175322	0.0	0.06886539151391682	0.9862355975671273
8b	0	0.0	format_deployment	408	0.9590301806997309	0.8713475586312956	0.9651095732410612	0.9635476739715494	0.9705882352941176	0.5	0.9534313725490196	0.7549019607843137	0.04462226066897351	0.025903198289119564	0.06289888504421372	0.006079392541330275	0.08645306384005744	0.9706476615120053
8b	4	0.125	purpose_benchmark	408	0.9343521722414456	0.8508266051518647	0.9101066897347174	0.8251633986928104	0.7696078431372548	0.5563725490196079	0.8259803921568627	0.6544117647058824	0.08423442906574397	0.06292862120338334	0.10476469386774315	-0.0242454825067282	0.22049722232168084	0.9013661626276427
8b	4	0.125	purpose_casual	408	0.9999519415609381	1.0	0.9999279123414071	0.9987024221453287	0.9901960784313726	0.5	0.9901960784313726	0.9240196078431373	0.0005887158785082836	2.4029219530929957e-05	0.001405709342560514	-2.402921953104098e-05	0.2552321616149656	0.8930168975503956
8b	4	0.125	format_evaluation	408	1.0	1.0	1.0	1.0	1.0	0.9681372549019608	1.0	0.9705882352941176	0.0	0.0	0.0	0.0	0.16907855880570918	0.9889350555195424
8b	4	0.125	format_deployment	408	0.998101691657055	0.9887302960399846	0.9986543637062668	0.9910371011149558	0.9705882352941176	0.5	0.9705882352941176	0.7818627450980392	0.008494329104190679	0.0047571847366397425	0.01301452566320646	0.0005526720492118331	0.1884597639798664	0.9778601572877087
8b	8	0.25	purpose_benchmark	408	0.8943435217224145	0.8805747789311803	0.9164504036908881	0.8653642829680892	0.75	0.5588235294117647	0.8455882352941176	0.767156862745098	0.03242743175701657	0.02513456362937333	0.03981761822376007	0.022106881968473657	0.3511497206194884	0.9135335212277861
8b	8	0.25	purpose_casual	408	1.0	0.9988946559015763	0.9991830065359477	0.9870482506728181	0.9975490196078431	0.5	0.9705882352941176	0.5955882352941176	0.006620049980776643	0.0032559592464436724	0.010596885813148773	-0.0008169934640522847	0.25045858725677084	0.9064617683091218
8b	8	0.25	format_evaluation	408	1.0	1.0	1.0	1.0	1.0	0.8480392156862745	1.0	0.9950980392156863	0.0	0.0	0.0	0.0	0.3409028003258786	0.9906117219236295
8b	8	0.25	format_deployment	408	0.9974769319492502	0.9969242599000384	0.9994713571703191	0.9949538638985006	0.9705882352941176	0.8357843137254901	0.9877450980392157	0.9705882352941176	0.0025350826605151644	0.0009731833910034404	0.00496203383314109	0.001994425221068852	0.4100388471283557	0.9613924597899937
8b	12	0.375	purpose_benchmark	408	0.8658208381391772	0.8206459054209919	0.8861495578623606	0.8470780469050365	0.7401960784313726	0.7573529411764706	0.7401960784313726	0.6519607843137255	0.04212322183775469	0.03105416186082275	0.05360978950403697	0.020328719723183397	0.4358873386977093	0.9162301197636298
8b	12	0.375	purpose_casual	408	1.0	0.9969482891195693	0.9961312956555171	0.9870963091118801	0.9926470588235294	0.5	0.9632352941176471	0.6936274509803921	0.006043348712033825	0.002810817954632808	0.01012921712802771	-0.0038687043444829428	0.25933601249671245	0.9271615330097012
8b	12	0.375	format_evaluation	408	1.0	1.0	1.0	1.0	1.0	0.8970588235294117	1.0	1.0	0.0	0.0	0.0	0.0	0.33299666993950056	0.9879894979688215
8b	12	0.375	format_deployment	408	0.9972366397539408	0.9974288735101884	0.9983179546328336	0.997140522875817	0.9705882352941176	0.9411764705882353	0.9681372549019608	0.9705882352941176	0.0004925990003845082	-0.0006728181468665939	0.001754133025759276	0.0010813148788927363	0.4615872410632491	0.9650193751309284
8b	16	0.5	purpose_benchmark	408	0.8460688196847367	0.869785659361784	0.8799980776624375	0.8299692425990004	0.7181372549019608	0.7965686274509804	0.7156862745098038	0.7034313725490196	0.01315599769319492	0.00725382064590542	0.01911554450211457	0.033929257977700855	0.5423809063239154	0.9015907372215147
8b	16	0.5	purpose_casual	408	1.0	0.9870482506728181	0.9927672049211842	0.9953623606305267	0.9877450980392157	0.5318627450980392	0.9485294117647058	0.892156862745098	0.00517829680891968	0.002125084102268339	0.009111279315647857	-0.007232795078815801	0.29656983330122044	0.9227723734685018
8b	16	0.5	format_evaluation	408	1.0	1.0	1.0	1.0	1.0	0.9754901960784313	1.0	0.9975490196078431	0.0	0.0	0.0	0.0	0.45667154063565374	0.9825950551770861
8b	16	0.5	format_deployment	408	0.9981497500961168	0.9988706266820454	0.9985101883890811	0.9982939254133025	0.9705882352941176	0.9607843137254902	0.9730392156862745	0.9705882352941176	-0.0002523068050749866	-0.001177431757016513	0.0004805843906189877	0.0003604382929642824	0.5253873549791294	0.9734709593227027
8b	19	0.625	purpose_benchmark	408	0.8710351787773933	0.8751441753171857	0.8731978085351788	0.8470540176855056	0.7475490196078431	0.6813725490196079	0.6911764705882353	0.7401960784313726	0.011017397154940434	0.004300929930795769	0.017625432525951557	0.0021626297577854725	0.524696673111319	0.9084035448257809
8b	19	0.625	purpose_casual	408	1.0	0.9754181084198386	0.9920463283352556	0.9969002306805075	0.9926470588235294	0.5367647058823529	0.946078431372549	0.9436274509803921	0.009863994617454797	0.005310157151095658	0.015416846885813233	-0.007953671664744366	0.32370777263056894	0.9180647740426287
8b	19	0.625	format_evaluation	408	1.0	1.0	1.0	1.0	1.0	0.946078431372549	0.9975490196078431	0.9926470588235294	0.0	0.0	0.0	0.0	0.4600248097105123	0.9823171231432725
8b	19	0.625	format_deployment	408	0.9991349480968859	0.9984621299500193	0.9982458669742407	0.9989667435601691	0.9705882352941176	0.9509803921568627	0.9656862745098039	0.982843137254902	-2.4029219530929957e-05	-0.0006487889273355558	0.0006130454632834039	-0.0008890811226451856	0.5172696528832395	0.9711934388041846
8b	23	0.75	purpose_benchmark	408	0.8908352556708958	0.8714677047289504	0.8728613994617455	0.850658400615148	0.767156862745098	0.6642156862745099	0.6911764705882353	0.75	0.020785274894271455	0.014067305843906214	0.027431456651287985	-0.017973856209150374	0.5156590541398113	0.9226350089678417
8b	23	0.75	purpose_casual	408	1.0	0.974745290272972	0.9893069973087274	0.9988706266820454	0.9975490196078431	0.5	0.9485294117647058	0.9877450980392157	0.007845540176855015	0.0037599721261053183	0.012844218569780883	-0.010693002691272602	0.3126325487872528	0.9044316434683735
8b	23	0.75	format_evaluation	408	1.0	1.0	1.0	1.0	1.0	0.9485294117647058	0.9975490196078431	0.9975490196078431	0.0	0.0	0.0	0.0	0.4444796152191996	0.9804283022484369
8b	23	0.75	format_deployment	408	0.9991589773164168	0.998534217608612	0.9983419838523645	0.9991349480968859	0.9705882352941176	0.9166666666666667	0.9656862745098039	0.982843137254902	-8.410226835831036e-05	-0.0006250600730488692	0.0005052143406381362	-0.0008169934640522847	0.5212316182676446	0.9621281385903468
8b	27	0.875	purpose_benchmark	408	0.8905709342560554	0.8647635524798154	0.8645713187235678	0.8418637062668205	0.7647058823529411	0.6911764705882353	0.6911764705882353	0.696078431372549	0.024257497116493665	0.017046328335255646	0.03118061562860433	-0.02599961553248753	0.4802132298879191	0.931558603413836
8b	27	0.875	purpose_casual	408	1.0	0.9692425990003845	0.988514033064206	0.998534217608612	0.9975490196078431	0.5	0.9509803921568627	0.9730392156862746	0.01036860822760477	0.005718653883121856	0.016449502595155728	-0.011485966935793956	0.28481405003766846	0.9112901314615126
8b	27	0.875	format_evaluation	408	1.0	1.0	1.0	1.0	1.0	0.9044117647058824	0.9975490196078431	1.0	0.0	0.0	0.0	0.0	0.43593273274224076	0.9806326732802451
8b	27	0.875	format_deployment	408	0.9989186851211073	0.9989186851211073	0.998558246828143	0.9983900422914264	0.9705882352941176	0.9068627450980392	0.9656862745098039	0.9803921568627452	8.410226835831036e-05	-0.000624759707804734	0.0008650519031141446	-0.0003604382929642824	0.4907730756555451	0.9657569071424581
8b	31	1.0	purpose_benchmark	408	0.9128219915417147	0.873582276047674	0.8913638985005767	0.8964821222606689	0.7843137254901961	0.6397058823529411	0.7328431372549019	0.7745098039215685	0.01706074586697426	0.007773152153018087	0.025844627066512867	-0.021458093041137993	0.42028239712527726	0.9547942887672003
8b	31	1.0	purpose_casual	408	1.0	0.9773885044213764	0.9870722798923491	0.9933919646289888	0.9975490196078431	0.5	0.9436274509803921	0.9656862745098039	0.008145905420991972	0.0021262855632449397	0.015318627450980449	-0.012927720107650864	0.22902377051413564	0.8889072612210682
8b	31	1.0	format_evaluation	408	1.0	1.0	1.0	1.0	1.0	0.6642156862745098	0.9975490196078431	1.0	0.0	0.0	0.0	0.0	0.34383884003265547	0.9588416169859
8b	31	1.0	format_deployment	408	0.998606305267205	0.9980296039984621	0.9981978085351788	0.9964196462898885	0.9705882352941176	0.9411764705882353	0.9705882352941176	0.9705882352941176	0.001177431757016567	0.00011984573241057007	0.0025473976355248197	-0.00040849673202614234	0.4370026817434499	0.9557470651172031
70b	0	0.0	purpose_benchmark	408	0.8452277970011534	0.8257160707420222	0.7606930026912726	0.8313869665513264	0.7622549019607843	0.6323529411764706	0.6838235294117647	0.5	-0.025591118800461332	-0.052986831987697006	0.001231797866205296	-0.08453479430988076	0.40293629412322424	0.8550601648653336
70b	0	0.0	purpose_casual	408	0.9971164936562861	0.7666041906958861	0.9993271818531334	0.8017108804306036	0.9926470588235294	0.5	0.9754901960784313	0.6666666666666667	0.21406430219146488	0.18055074971164933	0.24858648116109183	0.0022106881968473324	0.08742590577381852	0.8887506450370226
70b	0	0.0	format_evaluation	408	1.0	0.9997116493656286	1.0	1.0	0.9975490196078431	0.5	0.9681372549019608	0.8872549019607843	0.00014417531718569077	0.0	0.0004325259515570723	0.0	0.1319746604289003	0.9314072998904772
70b	0	0.0	format_deployment	408	0.9541522491349481	0.9686178392925798	0.9633794694348328	0.9591503267973857	0.9705882352941176	0.5	0.9632352941176471	0.9632352941176471	-0.0051182237600923	-0.011475153787005038	2.432958477512043e-05	0.009227220299884653	0.27152021256263137	0.9865244839638309
70b	10	0.125	purpose_benchmark	408	0.9473039215686274	0.8838427527873894	0.9101307189542484	0.9118127643214149	0.8112745098039216	0.7426470588235294	0.8137254901960784	0.8137254901960784	0.030889561707035718	0.022632821510957274	0.04012909698193008	-0.037173202614379064	0.5424372461905309	0.9179731458283373
70b	10	0.125	purpose_casual	408	0.9999759707804691	1.0	0.9996635909265668	0.998101691657055	0.9975490196078431	0.5	0.9877450980392157	0.7058823529411764	0.0007689350249904248	-0.00027663638985005314	0.0023077061707035725	-0.0003123798539023115	0.2586794711867194	0.914432915323041
70b	10	0.125	format_evaluation	408	1.0	1.0	1.0	1.0	1.0	0.9877450980392157	1.0	1.0	0.0	0.0	0.0	0.0	0.38505583625841433	0.9911910299064288
70b	10	0.125	format_deployment	408	0.9997116493656286	0.9974769319492502	0.998077662437524	0.9989186851211073	0.9705882352941176	0.9681372549019608	0.9705882352941176	0.9705882352941176	0.0006968473663975794	3.604382929645045e-05	0.0016580161476355548	-0.0016339869281045694	0.41829451939836276	0.9761484725408333
70b	20	0.25	purpose_benchmark	408	0.9134467512495195	0.9316608996539792	0.941320645905421	0.9381007304882737	0.8161764705882353	0.5	0.8529411764705882	0.7254901960784313	-0.007497116493656253	-0.013097126105344088	-0.0024584895232602723	0.02787389465590151	0.46354366103106	0.9466781745761335
70b	20	0.25	purpose_casual	408	0.9999759707804691	1.0	0.9994473279507882	0.9907487504805844	0.9877450980392157	0.5	0.9877450980392157	0.6446078431372549	0.00433727412533641	0.0014174235870818967	0.008038074298346758	-0.0005286428296809031	0.25804899445676377	0.907452548537738
70b	20	0.25	format_evaluation	408	1.0	1.0	1.0	1.0	1.0	0.7009803921568627	1.0	0.8946078431372548	0.0	0.0	0.0	0.0	0.2647859309673364	0.9881613409730436
70b	20	0.25	format_deployment	408	0.9992310649750096	0.9965157631680123	0.9998558246828143	0.9982939254133025	0.9705882352941176	0.7818627450980392	0.982843137254902	0.9754901960784313	0.0021386005382545425	0.0005761005382544899	0.004181084198385256	0.000624759707804734	0.27868883351576385	0.9711623846674765
70b	30	0.375	purpose_benchmark	408	0.8771866589773164	0.9009515570934256	0.9174115724721261	0.8471020761245674	0.7352941176470589	0.7524509803921569	0.7965686274509804	0.7303921568627452	0.02327229911572476	0.014631692137639322	0.032105740580545966	0.04022491349480972	0.3600048193730722	0.8561287404012856
70b	30	0.375	purpose_casual	408	1.0	0.9979094579008074	0.9969723183391004	0.9951701268742791	0.9926470588235294	0.5049019607843137	0.9681372549019608	0.7916666666666667	0.0019463667820069364	0.00032409409842364123	0.003906550365244156	-0.003027681660899617	0.2651200407888265	0.9325396143900925
70b	30	0.375	format_evaluation	408	1.0	1.0	1.0	1.0	1.0	0.7524509803921569	1.0	0.9877450980392157	0.0	0.0	0.0	0.0	0.26594221200088763	0.9830944137744534
70b	30	0.375	format_deployment	408	0.9959630911188004	0.9957227989234909	0.9989907727797002	0.9955786236063052	0.9705882352941176	0.9632352941176471	0.9730392156862746	0.9411764705882353	0.001826220684352231	-0.0006869353133410179	0.004974649173394934	0.003027681660899728	0.3144735022825334	0.9540661466783927
70b	40	0.5	purpose_benchmark	408	0.890739138792772	0.9109957708573626	0.9037870049980776	0.874543444828912	0.7720588235294117	0.7598039215686274	0.7279411764705883	0.7598039215686274	0.00449346405228751	-0.0009025975586312795	0.010492959438677443	0.013047866205305625	0.544153280607176	0.8403898514818761
70b	40	0.5	purpose_casual	408	1.0	0.9897395232602845	0.9940888119953863	0.9978373702422145	0.9901960784313726	0.607843137254902	0.9632352941176471	0.9730392156862746	0.0032559592464436737	0.0006608035371010734	0.006536248077662522	-0.0059111880046136545	0.3573555148547844	0.9284677197941507
70b	40	0.5	format_evaluation	408	1.0	1.0	1.0	1.0	1.0	0.7941176470588236	1.0	1.0	0.0	0.0	0.0	0.0	0.41422919786098716	0.9860588945629837
70b	40	0.5	format_deployment	408	0.9968521722414456	0.9968521722414456	0.9976931949250288	0.9964436755094195	0.9681372549019608	0.9656862745098039	0.9681372549019608	0.9656862745098039	0.0006247597078046785	-0.000997212610534426	0.002176746924259946	0.0008410226835832146	0.46107573155827036	0.970040588248574
70b	49	0.625	purpose_benchmark	408	0.9083285274894272	0.9078960015378701	0.9073913879277201	0.8944636678200693	0.8014705882352942	0.6911764705882353	0.7401960784313726	0.7941176470588236	0.006680123029603968	0.0008992935409457727	0.012555267204921228	-0.0009371395617070455	0.5147742912163472	0.8562797513584892
70b	49	0.625	purpose_casual	408	1.0	0.9821222606689735	0.9931036139946174	0.9962514417531718	0.9975490196078431	0.5049019607843137	0.9607843137254902	0.9681372549019608	0.007364955786236083	0.003003652441368686	0.012784445886197692	-0.00689638600538256	0.30185442656629663	0.8922298718420362
70b	49	0.625	format_evaluation	408	1.0	1.0	1.0	1.0	1.0	0.6176470588235294	1.0	1.0	0.0	0.0	0.0	0.0	0.38143349261021375	0.9713403761479786
70b	49	0.625	format_deployment	408	0.9976691657054979	0.9967079969242599	0.9982218377547097	0.9974288735101884	0.9681372549019608	0.9632352941176471	0.9681372549019608	0.9656862745098039	0.0008770665128796651	-0.0006608035371010748	0.002547097270280686	0.0005526720492118331	0.4614289451431695	0.9726110666808386
70b	59	0.75	purpose_benchmark	408	0.9200067281814687	0.9033304498269896	0.9055651672433679	0.903618800461361	0.8186274509803921	0.6936274509803921	0.7475490196078431	0.7892156862745099	0.009311322568242963	0.0022587466359092465	0.016641736351403334	-0.014441560938100784	0.4530664570736536	0.8474999986330947
70b	59	0.75	purpose_casual	408	1.0	0.975682429834679	0.9922385620915033	0.99620338331411	0.9975490196078431	0.5024509803921569	0.9583333333333333	0.982843137254902	0.010176374471357164	0.00440515667051134	0.016880526720492117	-0.0077614379084967045	0.27099555003284104	0.8950676198344126
70b	59	0.75	format_evaluation	408	1.0	1.0	1.0	1.0	1.0	0.5808823529411765	1.0	1.0	0.0	0.0	0.0	0.0	0.35757490281747795	0.9762846541016522
70b	59	0.75	format_deployment	408	0.9978373702422145	0.9964436755094195	0.9988225682429834	0.9969723183391004	0.9681372549019608	0.9607843137254902	0.9681372549019608	0.9656862745098039	0.0016219723183390489	-0.00021656334102272687	0.0038452758554401788	0.0009851980007689054	0.4189069621309292	0.9693987856869165
70b	69	0.875	purpose_benchmark	408	0.9245242214532872	0.904628027681661	0.9090253748558247	0.9113802383698577	0.8235294117647058	0.7794117647058824	0.75	0.7794117647058824	0.008770665128796595	0.002028066128412151	0.016136522010765087	-0.015498846597462479	0.4101913702769345	0.8608665917228011
70b	69	0.875	purpose_casual	408	0.9999759707804691	0.970420030757401	0.9915417147251058	0.9950019223375625	0.9975490196078431	0.5	0.9558823529411764	0.9730392156862745	0.01304786620530568	0.0060793925413302734	0.020747428873510127	-0.008434256055363298	0.24287671111402015	0.8927798438259944
70b	69	0.875	format_evaluation	408	1.0	1.0	1.0	1.0	1.0	0.5857843137254902	1.0	1.0	0.0	0.0	0.0	0.0	0.34273888160917043	0.9757790437519126
70b	69	0.875	format_deployment	408	0.9975490196078431	0.996659938485198	0.9987024221453287	0.9955786236063052	0.9681372549019608	0.9558823529411764	0.9681372549019608	0.9656862745098039	0.0020064398308343168	0.0003724529027297474	0.004361603710111531	0.0011534025374855261	0.35272858189156675	0.9683331974027507
70b	79	1.0	purpose_benchmark	408	0.9547289504036909	0.9070790080738178	0.9181805074971164	0.9347606689734718	0.8799019607843137	0.7475490196078431	0.7598039215686274	0.8700980392156863	0.015534890426758874	0.006714364667435596	0.02452422145328721	-0.03654844290657444	0.4260521615196837	0.8351919069555939
70b	79	1.0	purpose_casual	408	1.0	0.9583333333333334	0.9865436370626682	0.9872645136485967	0.9975490196078431	0.5	0.9338235294117647	0.9142156862745099	0.020472895040369088	0.012110426278354446	0.03086342993079583	-0.013456362937331767	0.18734263290792072	0.862492974715988
70b	79	1.0	format_evaluation	408	1.0	1.0	1.0	1.0	1.0	0.5955882352941176	1.0	0.9950980392156863	0.0	0.0	0.0	0.0	0.26298642037677966	0.950468901886333
70b	79	1.0	format_deployment	408	0.9980536332179931	0.9961312956555171	0.9982939254133025	0.9964196462898885	0.9705882352941176	0.607843137254902	0.9656862745098039	0.9779411764705883	0.001898308342945021	0.0001321607074202244	0.004337574490580546	0.0002402921953094106	0.3498409671711409	0.959586588374949
405b	0	0.0	purpose_benchmark	408	0.8997741253364091	0.8489523260284506	0.8446270665128797	0.8651480199923106	0.7990196078431373	0.5	0.7794117647058824	0.7794117647058824	0.015150422914263773	-0.0008947880622837839	0.03372951509034989	-0.05514705882352944	0.6370158842224131	0.42479733422323573
405b	0	0.0	purpose_casual	408	0.9987745098039216	0.5344098423683199	0.9689542483660131	0.4261101499423299	0.9926470588235294	0.5	0.9068627450980392	0.4926470588235294	0.5036043829296424	0.46551506632064593	0.5399167387543253	-0.029820261437908502	0.021212726062856117	0.7879559262275281
405b	0	0.0	format_evaluation	408	1.0	0.6811803152633602	0.9991830065359477	0.7997645136485967	0.9975490196078431	0.5	0.9901960784313726	0.5980392156862745	0.2591190888119954	0.22330113417916186	0.29677317618223753	-0.0008169934640522847	0.05516424391356604	0.9339074664587224
405b	0	0.0	format_deployment	408	0.9539600153787005	0.9322616301422529	0.9637879661668589	0.9573721645520954	0.9705882352941176	0.5	0.9558823529411764	0.9191176470588236	0.014057093425605516	0.0025446943483275353	0.02670277056901192	0.009827950788158457	0.2059326069861726	0.9165782283623028
405b	16	0.125	purpose_benchmark	408	0.9376201460976548	0.8992935409457901	0.9205594002306805	0.9100826605151865	0.8333333333333334	0.8161764705882353	0.8161764705882353	0.7450980392156863	0.024401672433679356	0.013756427816224479	0.03580774221453286	-0.01706074586697426	0.5446600368922336	0.9797090421158694
405b	16	0.125	purpose_casual	408	1.0	1.0	1.0	0.9999759707804691	0.9975490196078431	0.5	1.0	0.7279411764705882	1.2014609765464979e-05	0.0	6.0073048827380404e-05	0.0	0.4073232810174455	0.9395299232084464
405b	16	0.125	format_evaluation	408	1.0	1.0	1.0	1.0	1.0	1.0	1.0	0.9926470588235294	0.0	0.0	0.0	0.0	0.3396543721330857	0.9939445878920073
405b	16	0.125	format_deployment	408	0.9944252210688197	0.9871924259900039	0.9975730488273741	0.9910130718954249	0.9705882352941176	0.5	0.9705882352941176	0.9705882352941176	0.006896386005382504	0.002774774125336413	0.012099312764321388	0.003147827758554378	0.3397025941443078	0.9893315555424266
405b	31	0.25	purpose_benchmark	408	0.9108515955401768	0.8898740868896579	0.9230824682814303	0.8935505574778931	0.8112745098039216	0.732843137254902	0.8137254901960784	0.7990196078431373	0.025254709727028035	0.016999471357170275	0.033474504998077616	0.012230872741253451	0.4103792000259676	0.9571766892614509
405b	31	0.25	purpose_casual	408	1.0	1.0	1.0	0.9944492502883506	0.9901960784313726	0.5	0.9975490196078431	0.5980392156862745	0.002775374855824686	0.0007686346597462326	0.0059358179546328575	0.0	0.2673705993307812	0.9128675213514328
405b	31	0.25	format_evaluation	408	1.0	1.0	1.0	1.0	1.0	1.0	1.0	0.6004901960784313	0.0	0.0	0.0	0.0	0.32156351657405885	0.984765134554268
405b	31	0.25	format_deployment	408	0.9991109188773548	0.9988706266820454	0.9999759707804691	0.9970924644367551	0.9705882352941176	0.732843137254902	0.9950980392156863	0.875	0.0015618992695116685	-0.0004928993656286449	0.004073553440984285	0.0008650519031142556	0.36352221862050793	0.9636606630491552
405b	47	0.375	purpose_benchmark	408	0.9399990388312187	0.892661476355248	0.8959775086505191	0.9062139561707035	0.8651960784313726	0.6225490196078431	0.7279411764705883	0.7843137254901961	0.018550557477893137	0.010798430891964611	0.02663969386774318	-0.04402153018069965	0.4381997999052185	0.8557612778362063
405b	47	0.375	purpose_casual	408	1.0	0.9994232987312572	0.9979334871203384	0.9984621299500193	0.9950980392156863	0.5661764705882353	0.982843137254902	0.9730392156862746	2.4029219530929957e-05	-0.0011534025374856371	0.0012014609765474416	-0.0020665128796616417	0.3282274117957681	0.940090223126486
405b	47	0.375	format_evaluation	408	1.0	1.0	1.0	1.0	1.0	0.9044117647058824	1.0	0.9754901960784313	0.0	0.0	0.0	0.0	0.3789275870975787	0.9846848027531369
405b	47	0.375	format_deployment	408	0.9993031526336025	0.9979094579008074	0.9978373702422145	0.9979094579008074	0.9705882352941176	0.9632352941176471	0.9681372549019608	0.9558823529411764	0.0006608035371010734	-4.8058439061915426e-05	0.0016700307574009643	-0.0014657823913879486	0.39658828939837987	0.9775003466726169
405b	63	0.5	purpose_benchmark	408	0.9540561322568243	0.9257016532103037	0.9167868127643214	0.9276960784313726	0.8897058823529411	0.875	0.7205882352941176	0.8627450980392157	0.00872260668973468	0.003422361591695475	0.014457179930795887	-0.037269319492502895	0.4766718728789838	0.8511103203370208
405b	63	0.5	purpose_casual	408	1.0	0.9936322568242983	0.9973327566320646	0.998101691657055	0.9877450980392157	0.6323529411764706	0.9754901960784315	0.9436274509803921	0.002799404075355616	0.0003604382929642269	0.006178813437139553	-0.0026672433679354457	0.3731984826944587	0.9169188631167334
405b	63	0.5	format_evaluation	408	1.0	1.0	1.0	1.0	1.0	0.732843137254902	1.0	1.0	0.0	0.0	0.0	0.0	0.4200498433154696	0.9793907876209665
405b	63	0.5	format_deployment	408	0.9994713571703191	0.9967320261437909	0.9974529027297193	0.9987264513648597	0.9681372549019608	0.9607843137254902	0.9632352941176471	0.9485294117647058	0.0007328911956939188	-0.0002402921953094675	0.002138900903498679	-0.0020184544405997817	0.45733446715401804	0.9744347238776156
405b	78	0.625	purpose_benchmark	408	0.9633314109957709	0.9330305651672434	0.9170511341791618	0.9325259515570934	0.8897058823529411	0.8602941176470589	0.7549019607843137	0.8504901960784313	0.007413014225297998	0.0017859717416377557	0.013724589100345996	-0.04628027681660907	0.49073243321141613	0.8447288306478616
405b	78	0.625	purpose_casual	408	1.0	0.9895472895040369	0.9962754709727029	0.998077662437524	0.9926470588235294	0.5098039215686274	0.9730392156862746	0.9436274509803921	0.004325259515570945	0.0012011606113033063	0.008340241733948478	-0.003724529027297141	0.3488288360545855	0.9039977760158439
405b	78	0.625	format_evaluation	408	1.0	1.0	1.0	1.0	1.0	0.6053921568627451	1.0	1.0	0.0	0.0	0.0	0.0	0.3890397102964357	0.9720533208396187
405b	78	0.625	format_deployment	408	0.9988225682429834	0.9959390618992695	0.997645136485967	0.9979094579008074	0.9681372549019608	0.9632352941176471	0.9632352941176471	0.946078431372549	0.0013095924644367374	1.1714244521382495e-05	0.003041198096885765	-0.001177431757016456	0.4637615113959458	0.9742768598298002
405b	94	0.75	purpose_benchmark	408	0.96659938485198	0.9357939254133025	0.924115724721261	0.9409121491733948	0.8823529411764706	0.8602941176470589	0.7696078431372548	0.7916666666666667	0.007004517493271856	0.0010783112264513132	0.013686442714340644	-0.042483660130719025	0.45490254618582826	0.824252333479699
405b	94	0.75	purpose_casual	408	1.0	0.9847414455978469	0.9958189158016147	0.9969242599000384	0.9901960784313726	0.5049019607843137	0.9730392156862746	0.9362745098039216	0.007076605151864701	0.0026786572472126376	0.012340506055363267	-0.004181084198385254	0.31635214146183055	0.8945521790758809
405b	94	0.75	format_evaluation	408	1.0	1.0	1.0	1.0	1.0	0.553921568627451	1.0	1.0	0.0	0.0	0.0	0.0	0.36757133132283315	0.9684365341891007
405b	94	0.75	format_deployment	408	0.9991830065359477	0.9967560553633218	0.9977412533640907	0.9983900422914264	0.9681372549019608	0.9607843137254902	0.9607843137254902	0.9215686274509804	0.0008890811226451301	-0.0002402921953094675	0.0024635957324106485	-0.0014417531718570187	0.4332116289328187	0.9744996798411897
405b	109	0.875	purpose_benchmark	408	0.9656382160707421	0.9350009611687813	0.9233227604767397	0.942762399077278	0.8823529411764706	0.8700980392156863	0.7843137254901961	0.7573529411764706	0.005598808150711232	-0.0005770016339869538	0.012339304594386773	-0.042315455594002405	0.4026454624875089	0.8148371009515493
405b	109	0.875	purpose_casual	408	1.0	0.9839484813533257	0.9950980392156863	0.9954344482891195	0.9877450980392157	0.5	0.9730392156862746	0.9142156862745099	0.007857554786620535	0.0034719218569780746	0.013375264321414823	-0.004901960784313708	0.2892563394557488	0.8978360564376728
405b	109	0.875	format_evaluation	408	1.0	1.0	1.0	1.0	1.0	0.5318627450980392	1.0	0.9975490196078431	0.0	0.0	0.0	0.0	0.34133347608836373	0.9708771675931274
405b	109	0.875	format_deployment	408	0.9992070357554786	0.9963475586312956	0.9978373702422145	0.9982458669742407	0.9681372549019608	0.9558823529411764	0.9607843137254902	0.8872549019607843	0.001225490196078427	-0.00015618992695115574	0.0032685745866974643	-0.0013696655132641178	0.3916170611000554	0.9749524261573056
405b	125	1.0	purpose_benchmark	408	0.9654219530949635	0.9041474432910419	0.9225538254517494	0.9360101883890811	0.9215686274509804	0.571078431372549	0.7720588235294118	0.8627450980392157	0.023909073433294903	0.014067305843906206	0.03556624855824679	-0.04286812764321413	0.3015049508592557	0.7655766276163549
405b	125	1.0	purpose_casual	408	1.0	0.968978277585544	0.9904123414071511	0.986615724721261	0.9975490196078431	0.5	0.9534313725490196	0.946078431372549	0.01740916955017302	0.00917705930411378	0.026590133602460576	-0.009587658592848936	0.13652955056701063	0.8989736657122221
405b	125	1.0	format_evaluation	408	1.0	1.0	1.0	1.0	1.0	0.5	1.0	0.9950980392156863	0.0	0.0	0.0	0.0	0.20079224140424437	0.9705410487739209
405b	125	1.0	format_deployment	408	0.999062860438293	0.9950980392156863	0.9974288735101884	0.9975009611687813	0.9681372549019608	0.732843137254902	0.9656862745098039	0.9730392156862746	0.0019463667820068808	0.00010753075740096711	0.004303032487504887	-0.0016339869281045694	0.3019576748039089	0.9582229697796973
