model	revision	layer	normalized_depth	variant	regime	seed	double_heldout	benchmark_roc_auc	casual_roc_auc	macro_format_roc_auc	worst_format_roc_auc	benchmark_balanced_accuracy	casual_balanced_accuracy	macro_format_balanced_accuracy	worst_format_balanced_accuracy
meta-llama/Llama-3.1-8B-Instruct	0e9e39f249a16976918f6564b8830bc894c89659	8	0.25	raw_ridge_0.1	benchmark_only		False	0.7565163845486111	0.7609554687499999	0.7587359266493054	0.7565163845486111	0.6877604166666667	0.681875	0.6848177083333333	0.681875
meta-llama/Llama-3.1-8B-Instruct	0e9e39f249a16976918f6564b8830bc894c89659	8	0.25	raw_ridge_0.1	casual_only		False	0.7530742730034722	0.775415625	0.7642449490017361	0.7530742730034722	0.6890625	0.7065625	0.6978125	0.6890625
meta-llama/Llama-3.1-8B-Instruct	0e9e39f249a16976918f6564b8830bc894c89659	8	0.25	raw_ridge_0.1	mixed	20260823	False	0.7539881727430556	0.76622265625	0.7601054144965278	0.7539881727430556	0.6893229166666667	0.7	0.6946614583333333	0.6893229166666667
meta-llama/Llama-3.1-8B-Instruct	0e9e39f249a16976918f6564b8830bc894c89659	8	0.25	raw_ridge_0.1	mixed	20260824	False	0.7556705729166667	0.7686242187499999	0.7621473958333334	0.7556705729166667	0.6940104166666666	0.7012499999999999	0.6976302083333332	0.6940104166666666
meta-llama/Llama-3.1-8B-Instruct	0e9e39f249a16976918f6564b8830bc894c89659	8	0.25	raw_ridge_0.1	mixed	20260825	False	0.7555976019965278	0.76896171875	0.7622796603732639	0.7555976019965278	0.6932291666666666	0.7003125	0.6967708333333333	0.6932291666666666
meta-llama/Llama-3.1-8B-Instruct	0e9e39f249a16976918f6564b8830bc894c89659	8	0.25	raw_ridge_0.1	mixed	20260826	False	0.7575651041666667	0.7708207031250001	0.7641929036458334	0.7575651041666667	0.6940104166666666	0.6990624999999999	0.6965364583333333	0.6940104166666666
meta-llama/Llama-3.1-8B-Instruct	0e9e39f249a16976918f6564b8830bc894c89659	8	0.25	raw_ridge_0.1	mixed	20260827	False	0.7537641059027778	0.765869921875	0.7598170138888889	0.7537641059027778	0.6901041666666666	0.6965625	0.6933333333333334	0.6901041666666666
meta-llama/Llama-3.1-8B-Instruct	0e9e39f249a16976918f6564b8830bc894c89659	8	0.25	raw_ridge_0.1	mixed	20260828	False	0.75501708984375	0.7671515625	0.761084326171875	0.75501708984375	0.69140625	0.6993750000000001	0.695390625	0.69140625
meta-llama/Llama-3.1-8B-Instruct	0e9e39f249a16976918f6564b8830bc894c89659	8	0.25	raw_ridge_0.1	mixed	20260829	False	0.7558330620659722	0.768704296875	0.762268679470486	0.7558330620659722	0.6940104166666667	0.7012499999999999	0.6976302083333333	0.6940104166666667
meta-llama/Llama-3.1-8B-Instruct	0e9e39f249a16976918f6564b8830bc894c89659	8	0.25	raw_ridge_0.1	mixed	20260830	False	0.7558059353298612	0.7689062499999999	0.7623560926649305	0.7558059353298612	0.6927083333333334	0.6959375000000001	0.6943229166666667	0.6927083333333334
meta-llama/Llama-3.1-8B-Instruct	0e9e39f249a16976918f6564b8830bc894c89659	8	0.25	raw_ridge_0.01	benchmark_only		False	0.7565633138020833	0.7609843749999999	0.7587738444010417	0.7565633138020833	0.6877604166666667	0.681875	0.6848177083333333	0.681875
meta-llama/Llama-3.1-8B-Instruct	0e9e39f249a16976918f6564b8830bc894c89659	8	0.25	raw_ridge_0.01	casual_only		False	0.7531054687500001	0.775446484375	0.7642759765625	0.7531054687500001	0.6888020833333334	0.7065625	0.6976822916666667	0.6888020833333334
meta-llama/Llama-3.1-8B-Instruct	0e9e39f249a16976918f6564b8830bc894c89659	8	0.25	raw_ridge_0.01	mixed	20260823	False	0.7540237087673611	0.7662519531249999	0.7601378309461806	0.7540237087673611	0.6893229166666667	0.7	0.6946614583333333	0.6893229166666667
meta-llama/Llama-3.1-8B-Instruct	0e9e39f249a16976918f6564b8830bc894c89659	8	0.25	raw_ridge_0.01	mixed	20260824	False	0.7557001410590277	0.7686490234375	0.7621745822482638	0.7557001410590277	0.6940104166666666	0.7012499999999999	0.6976302083333332	0.6940104166666666
meta-llama/Llama-3.1-8B-Instruct	0e9e39f249a16976918f6564b8830bc894c89659	8	0.25	raw_ridge_0.01	mixed	20260825	False	0.7556334092881944	0.7689828125	0.7623081108940972	0.7556334092881944	0.6932291666666666	0.7003125	0.6967708333333333	0.6932291666666666
meta-llama/Llama-3.1-8B-Instruct	0e9e39f249a16976918f6564b8830bc894c89659	8	0.25	raw_ridge_0.01	mixed	20260826	False	0.7575965711805556	0.77084921875	0.7642228949652778	0.7575965711805556	0.6940104166666666	0.6990624999999999	0.6965364583333333	0.6940104166666666
meta-llama/Llama-3.1-8B-Instruct	0e9e39f249a16976918f6564b8830bc894c89659	8	0.25	raw_ridge_0.01	mixed	20260827	False	0.7537947591145834	0.765899609375	0.7598471842447917	0.7537947591145834	0.6901041666666666	0.6965625	0.6933333333333334	0.6901041666666666
meta-llama/Llama-3.1-8B-Instruct	0e9e39f249a16976918f6564b8830bc894c89659	8	0.25	raw_ridge_0.01	mixed	20260828	False	0.7550486924913195	0.767172265625	0.7611104790581598	0.7550486924913195	0.69140625	0.6993750000000001	0.695390625	0.69140625
meta-llama/Llama-3.1-8B-Instruct	0e9e39f249a16976918f6564b8830bc894c89659	8	0.25	raw_ridge_0.01	mixed	20260829	False	0.7558702256944445	0.768734375	0.7623023003472222	0.7558702256944445	0.6940104166666667	0.7012499999999999	0.6976302083333333	0.6940104166666667
meta-llama/Llama-3.1-8B-Instruct	0e9e39f249a16976918f6564b8830bc894c89659	8	0.25	raw_ridge_0.01	mixed	20260830	False	0.7558409288194444	0.7689433593749999	0.7623921440972221	0.7558409288194444	0.6927083333333334	0.6959375000000001	0.6943229166666667	0.6927083333333334
meta-llama/Llama-3.1-8B-Instruct	0e9e39f249a16976918f6564b8830bc894c89659	8	0.25	raw_ridge_1	benchmark_only		False	0.7562836371527778	0.760785546875	0.7585345920138888	0.7562836371527778	0.6877604166666667	0.6821875	0.6849739583333333	0.6821875
meta-llama/Llama-3.1-8B-Instruct	0e9e39f249a16976918f6564b8830bc894c89659	8	0.25	raw_ridge_1	casual_only		False	0.7529310438368055	0.7752703125	0.7641006781684028	0.7529310438368055	0.6890625	0.7065625	0.6978125	0.6890625
meta-llama/Llama-3.1-8B-Instruct	0e9e39f249a16976918f6564b8830bc894c89659	8	0.25	raw_ridge_1	mixed	20260823	False	0.753822970920139	0.7660507812500001	0.7599368760850695	0.753822970920139	0.6893229166666667	0.6996875	0.6945052083333334	0.6893229166666667
meta-llama/Llama-3.1-8B-Instruct	0e9e39f249a16976918f6564b8830bc894c89659	8	0.25	raw_ridge_1	mixed	20260824	False	0.7555137803819444	0.768479296875	0.7619965386284722	0.7555137803819444	0.6932291666666667	0.7009375	0.6970833333333333	0.6932291666666667
meta-llama/Llama-3.1-8B-Instruct	0e9e39f249a16976918f6564b8830bc894c89659	8	0.25	raw_ridge_1	mixed	20260825	False	0.7554334852430555	0.768799609375	0.7621165473090278	0.7554334852430555	0.6934895833333333	0.700625	0.6970572916666666	0.6934895833333333
meta-llama/Llama-3.1-8B-Instruct	0e9e39f249a16976918f6564b8830bc894c89659	8	0.25	raw_ridge_1	mixed	20260826	False	0.7574131944444444	0.7706515625	0.7640323784722223	0.7574131944444444	0.6934895833333333	0.6996875	0.6965885416666666	0.6934895833333333
meta-llama/Llama-3.1-8B-Instruct	0e9e39f249a16976918f6564b8830bc894c89659	8	0.25	raw_ridge_1	mixed	20260827	False	0.7535826280381945	0.765713671875	0.7596481499565972	0.7535826280381945	0.6901041666666666	0.6965625	0.6933333333333334	0.6901041666666666
meta-llama/Llama-3.1-8B-Instruct	0e9e39f249a16976918f6564b8830bc894c89659	8	0.25	raw_ridge_1	mixed	20260828	False	0.7548502604166667	0.7669929687500001	0.7609216145833334	0.7548502604166667	0.69140625	0.7	0.695703125	0.69140625
meta-llama/Llama-3.1-8B-Instruct	0e9e39f249a16976918f6564b8830bc894c89659	8	0.25	raw_ridge_1	mixed	20260829	False	0.7556553819444445	0.7685531250000001	0.7621042534722222	0.7556553819444445	0.6937500000000001	0.7015625	0.6976562500000001	0.6937500000000001
meta-llama/Llama-3.1-8B-Instruct	0e9e39f249a16976918f6564b8830bc894c89659	8	0.25	raw_ridge_1	mixed	20260830	False	0.7556442599826388	0.7687437500000001	0.7621940049913194	0.7556442599826388	0.6927083333333333	0.695625	0.6941666666666666	0.6927083333333333
meta-llama/Llama-3.1-8B-Instruct	0e9e39f249a16976918f6564b8830bc894c89659	8	0.25	row_l2_ridge_0.1	benchmark_only		False	0.7578781467013889	0.7585195312499999	0.7581988389756944	0.7578781467013889	0.6880208333333333	0.6678124999999999	0.6779166666666666	0.6678124999999999
meta-llama/Llama-3.1-8B-Instruct	0e9e39f249a16976918f6564b8830bc894c89659	8	0.25	row_l2_ridge_0.1	casual_only		False	0.7577083333333334	0.7804718749999999	0.7690901041666667	0.7577083333333334	0.6932291666666667	0.7121875	0.7027083333333333	0.6932291666666667
meta-llama/Llama-3.1-8B-Instruct	0e9e39f249a16976918f6564b8830bc894c89659	8	0.25	row_l2_ridge_0.1	mixed	20260823	False	0.7572181532118055	0.768317578125	0.7627678656684027	0.7572181532118055	0.6921875	0.7003125	0.69625	0.6921875
meta-llama/Llama-3.1-8B-Instruct	0e9e39f249a16976918f6564b8830bc894c89659	8	0.25	row_l2_ridge_0.1	mixed	20260824	False	0.7591425238715277	0.7712244140625	0.7651834689670138	0.7591425238715277	0.6919270833333333	0.7034374999999999	0.6976822916666666	0.6919270833333333
meta-llama/Llama-3.1-8B-Instruct	0e9e39f249a16976918f6564b8830bc894c89659	8	0.25	row_l2_ridge_0.1	mixed	20260825	False	0.7585381401909723	0.7708078125	0.7646729763454861	0.7585381401909723	0.6911458333333333	0.6978125	0.6944791666666666	0.6911458333333333
meta-llama/Llama-3.1-8B-Instruct	0e9e39f249a16976918f6564b8830bc894c89659	8	0.25	row_l2_ridge_0.1	mixed	20260826	False	0.7610536024305556	0.773436328125	0.7672449652777777	0.7610536024305556	0.6958333333333333	0.703125	0.6994791666666667	0.6958333333333333
meta-llama/Llama-3.1-8B-Instruct	0e9e39f249a16976918f6564b8830bc894c89659	8	0.25	row_l2_ridge_0.1	mixed	20260827	False	0.7572938368055556	0.7683523437499999	0.7628230902777777	0.7572938368055556	0.6932291666666667	0.6993750000000001	0.6963020833333333	0.6932291666666667
meta-llama/Llama-3.1-8B-Instruct	0e9e39f249a16976918f6564b8830bc894c89659	8	0.25	row_l2_ridge_0.1	mixed	20260828	False	0.7582237413194446	0.7693503906250001	0.7637870659722223	0.7582237413194446	0.6919270833333333	0.701875	0.6969010416666667	0.6919270833333333
meta-llama/Llama-3.1-8B-Instruct	0e9e39f249a16976918f6564b8830bc894c89659	8	0.25	row_l2_ridge_0.1	mixed	20260829	False	0.7586735026041667	0.7706578125000001	0.7646656575520834	0.7586735026041667	0.6924479166666666	0.7021875	0.6973177083333333	0.6924479166666666
meta-llama/Llama-3.1-8B-Instruct	0e9e39f249a16976918f6564b8830bc894c89659	8	0.25	row_l2_ridge_0.1	mixed	20260830	False	0.7596210394965278	0.7716519531249999	0.7656364963107638	0.7596210394965278	0.6911458333333333	0.7028125000000001	0.6969791666666667	0.6911458333333333
meta-llama/Llama-3.1-8B-Instruct	0e9e39f249a16976918f6564b8830bc894c89659	12	0.375	raw_ridge_0.1	benchmark_only		False	0.7597056749131944	0.747130859375	0.7534182671440972	0.747130859375	0.6901041666666667	0.645	0.6675520833333334	0.645
meta-llama/Llama-3.1-8B-Instruct	0e9e39f249a16976918f6564b8830bc894c89659	12	0.375	raw_ridge_0.1	casual_only		False	0.7427376302083334	0.750173828125	0.7464557291666667	0.7427376302083334	0.6869791666666667	0.69	0.6884895833333333	0.6869791666666667
meta-llama/Llama-3.1-8B-Instruct	0e9e39f249a16976918f6564b8830bc894c89659	12	0.375	raw_ridge_0.1	mixed	20260823	False	0.7565806749131945	0.752041015625	0.7543108452690972	0.752041015625	0.69296875	0.68125	0.687109375	0.68125
meta-llama/Llama-3.1-8B-Instruct	0e9e39f249a16976918f6564b8830bc894c89659	12	0.375	raw_ridge_0.1	mixed	20260824	False	0.7571609157986111	0.7508398437499999	0.7540003797743056	0.7508398437499999	0.6934895833333333	0.6821875	0.6878385416666666	0.6821875
meta-llama/Llama-3.1-8B-Instruct	0e9e39f249a16976918f6564b8830bc894c89659	12	0.375	raw_ridge_0.1	mixed	20260825	False	0.7539347330729167	0.7499871093749999	0.7519609212239583	0.7499871093749999	0.6908854166666667	0.68	0.6854427083333334	0.68
meta-llama/Llama-3.1-8B-Instruct	0e9e39f249a16976918f6564b8830bc894c89659	12	0.375	raw_ridge_0.1	mixed	20260826	False	0.7559852430555556	0.7539550781249998	0.7549701605902777	0.7539550781249998	0.6932291666666667	0.6840625	0.6886458333333334	0.6840625
meta-llama/Llama-3.1-8B-Instruct	0e9e39f249a16976918f6564b8830bc894c89659	12	0.375	raw_ridge_0.1	mixed	20260827	False	0.7512860785590278	0.7483386718749999	0.7498123752170138	0.7483386718749999	0.6901041666666666	0.67625	0.6831770833333333	0.67625
meta-llama/Llama-3.1-8B-Instruct	0e9e39f249a16976918f6564b8830bc894c89659	12	0.375	raw_ridge_0.1	mixed	20260828	False	0.7536319986979167	0.749903515625	0.7517677571614584	0.749903515625	0.6927083333333334	0.6799999999999999	0.6863541666666666	0.6799999999999999
meta-llama/Llama-3.1-8B-Instruct	0e9e39f249a16976918f6564b8830bc894c89659	12	0.375	raw_ridge_0.1	mixed	20260829	False	0.7544083658854166	0.7506941406250001	0.7525512532552083	0.7506941406250001	0.6919270833333333	0.681875	0.6869010416666667	0.681875
meta-llama/Llama-3.1-8B-Instruct	0e9e39f249a16976918f6564b8830bc894c89659	12	0.375	raw_ridge_0.1	mixed	20260830	False	0.7565782335069444	0.751943359375	0.7542607964409722	0.751943359375	0.6942708333333334	0.684375	0.6893229166666667	0.684375
meta-llama/Llama-3.1-8B-Instruct	0e9e39f249a16976918f6564b8830bc894c89659	12	0.375	raw_ridge_0.01	benchmark_only		False	0.7597414822048612	0.747147265625	0.7534443739149306	0.747147265625	0.6901041666666667	0.645	0.6675520833333334	0.645
meta-llama/Llama-3.1-8B-Instruct	0e9e39f249a16976918f6564b8830bc894c89659	12	0.375	raw_ridge_0.01	casual_only		False	0.7427840169270833	0.7502027343750001	0.7464933756510417	0.7427840169270833	0.6872395833333333	0.6903125	0.6887760416666666	0.6872395833333333
meta-llama/Llama-3.1-8B-Instruct	0e9e39f249a16976918f6564b8830bc894c89659	12	0.375	raw_ridge_0.01	mixed	20260823	False	0.7566183810763888	0.75206171875	0.7543400499131945	0.75206171875	0.69296875	0.68125	0.687109375	0.68125
meta-llama/Llama-3.1-8B-Instruct	0e9e39f249a16976918f6564b8830bc894c89659	12	0.375	raw_ridge_0.01	mixed	20260824	False	0.7571967230902777	0.750866796875	0.7540317599826389	0.750866796875	0.6934895833333333	0.681875	0.6876822916666667	0.681875
meta-llama/Llama-3.1-8B-Instruct	0e9e39f249a16976918f6564b8830bc894c89659	12	0.375	raw_ridge_0.01	mixed	20260825	False	0.7539710828993056	0.750003125	0.7519871039496528	0.750003125	0.6908854166666667	0.68	0.6854427083333334	0.68
meta-llama/Llama-3.1-8B-Instruct	0e9e39f249a16976918f6564b8830bc894c89659	12	0.375	raw_ridge_0.01	mixed	20260826	False	0.756019558376736	0.753979296875	0.754999427625868	0.753979296875	0.6932291666666667	0.684375	0.6888020833333333	0.684375
meta-llama/Llama-3.1-8B-Instruct	0e9e39f249a16976918f6564b8830bc894c89659	12	0.375	raw_ridge_0.01	mixed	20260827	False	0.7513281249999999	0.74836875	0.7498484375	0.74836875	0.6901041666666666	0.6765625	0.6833333333333333	0.6765625
meta-llama/Llama-3.1-8B-Instruct	0e9e39f249a16976918f6564b8830bc894c89659	12	0.375	raw_ridge_0.01	mixed	20260828	False	0.7536697048611111	0.74992421875	0.7517969618055556	0.74992421875	0.6927083333333334	0.6799999999999999	0.6863541666666666	0.6799999999999999
meta-llama/Llama-3.1-8B-Instruct	0e9e39f249a16976918f6564b8830bc894c89659	12	0.375	raw_ridge_0.01	mixed	20260829	False	0.754453125	0.750721875	0.7525875	0.750721875	0.6919270833333333	0.6821875	0.6870572916666666	0.6821875
meta-llama/Llama-3.1-8B-Instruct	0e9e39f249a16976918f6564b8830bc894c89659	12	0.375	raw_ridge_0.01	mixed	20260830	False	0.7566129557291666	0.751969140625	0.7542910481770833	0.751969140625	0.6940104166666666	0.684375	0.6891927083333333	0.684375
meta-llama/Llama-3.1-8B-Instruct	0e9e39f249a16976918f6564b8830bc894c89659	12	0.375	raw_ridge_1	benchmark_only		False	0.7595206705729166	0.7470249999999999	0.7532728352864583	0.7470249999999999	0.6890624999999999	0.6443749999999999	0.6667187499999999	0.6443749999999999
meta-llama/Llama-3.1-8B-Instruct	0e9e39f249a16976918f6564b8830bc894c89659	12	0.375	raw_ridge_1	casual_only		False	0.742490234375	0.750041015625	0.7462656249999999	0.742490234375	0.6869791666666667	0.6896875	0.6883333333333334	0.6869791666666667
meta-llama/Llama-3.1-8B-Instruct	0e9e39f249a16976918f6564b8830bc894c89659	12	0.375	raw_ridge_1	mixed	20260823	False	0.7564035373263889	0.7519248046875	0.7541641710069444	0.7519248046875	0.6932291666666667	0.6815625000000001	0.6873958333333334	0.6815625000000001
meta-llama/Llama-3.1-8B-Instruct	0e9e39f249a16976918f6564b8830bc894c89659	12	0.375	raw_ridge_1	mixed	20260824	False	0.7569558376736112	0.7507257812500001	0.7538408094618056	0.7507257812500001	0.6927083333333333	0.681875	0.6872916666666666	0.681875
meta-llama/Llama-3.1-8B-Instruct	0e9e39f249a16976918f6564b8830bc894c89659	12	0.375	raw_ridge_1	mixed	20260825	False	0.7537394205729167	0.7498808593749999	0.7518101399739583	0.7498808593749999	0.690625	0.6803125000000001	0.6854687500000001	0.6803125000000001
meta-llama/Llama-3.1-8B-Instruct	0e9e39f249a16976918f6564b8830bc894c89659	12	0.375	raw_ridge_1	mixed	20260826	False	0.7557915581597221	0.75383515625	0.754813357204861	0.75383515625	0.69375	0.6840625	0.68890625	0.6840625
meta-llama/Llama-3.1-8B-Instruct	0e9e39f249a16976918f6564b8830bc894c89659	12	0.375	raw_ridge_1	mixed	20260827	False	0.7510953776041667	0.7482218749999999	0.7496586263020832	0.7482218749999999	0.6893229166666667	0.67625	0.6827864583333334	0.67625
meta-llama/Llama-3.1-8B-Instruct	0e9e39f249a16976918f6564b8830bc894c89659	12	0.375	raw_ridge_1	mixed	20260828	False	0.753437771267361	0.749806640625	0.7516222059461806	0.749806640625	0.6927083333333334	0.6796875	0.6861979166666667	0.6796875
meta-llama/Llama-3.1-8B-Instruct	0e9e39f249a16976918f6564b8830bc894c89659	12	0.375	raw_ridge_1	mixed	20260829	False	0.7542011176215279	0.75056875	0.752384933810764	0.75056875	0.6919270833333333	0.681875	0.6869010416666667	0.681875
meta-llama/Llama-3.1-8B-Instruct	0e9e39f249a16976918f6564b8830bc894c89659	12	0.375	raw_ridge_1	mixed	20260830	False	0.7563878038194444	0.751808203125	0.7540980034722222	0.751808203125	0.69453125	0.684375	0.689453125	0.684375
meta-llama/Llama-3.1-8B-Instruct	0e9e39f249a16976918f6564b8830bc894c89659	12	0.375	row_l2_ridge_0.1	benchmark_only		False	0.7675499131944444	0.752307421875	0.7599286675347222	0.752307421875	0.6942708333333334	0.6521874999999999	0.6732291666666667	0.6521874999999999
meta-llama/Llama-3.1-8B-Instruct	0e9e39f249a16976918f6564b8830bc894c89659	12	0.375	row_l2_ridge_0.1	casual_only		False	0.7430520290798611	0.752239453125	0.7476457411024305	0.7430520290798611	0.6846354166666667	0.689375	0.6870052083333333	0.6846354166666667
meta-llama/Llama-3.1-8B-Instruct	0e9e39f249a16976918f6564b8830bc894c89659	12	0.375	row_l2_ridge_0.1	mixed	20260823	False	0.7610508897569446	0.755634765625	0.7583428276909723	0.755634765625	0.6989583333333333	0.68375	0.6913541666666667	0.68375
meta-llama/Llama-3.1-8B-Instruct	0e9e39f249a16976918f6564b8830bc894c89659	12	0.375	row_l2_ridge_0.1	mixed	20260824	False	0.7617203776041666	0.7550080078125	0.7583641927083333	0.7550080078125	0.6989583333333333	0.685	0.6919791666666667	0.685
meta-llama/Llama-3.1-8B-Instruct	0e9e39f249a16976918f6564b8830bc894c89659	12	0.375	row_l2_ridge_0.1	mixed	20260825	False	0.7587087673611111	0.7538609374999999	0.7562848524305555	0.7538609374999999	0.6953125	0.684375	0.68984375	0.684375
meta-llama/Llama-3.1-8B-Instruct	0e9e39f249a16976918f6564b8830bc894c89659	12	0.375	row_l2_ridge_0.1	mixed	20260826	False	0.7602419704861111	0.7575376953124999	0.7588898328993054	0.7575376953124999	0.6950520833333333	0.6859375000000001	0.6904947916666667	0.6859375000000001
meta-llama/Llama-3.1-8B-Instruct	0e9e39f249a16976918f6564b8830bc894c89659	12	0.375	row_l2_ridge_0.1	mixed	20260827	False	0.7559320746527778	0.752215625	0.7540738498263889	0.752215625	0.69140625	0.6815625000000001	0.686484375	0.6815625000000001
meta-llama/Llama-3.1-8B-Instruct	0e9e39f249a16976918f6564b8830bc894c89659	12	0.375	row_l2_ridge_0.1	mixed	20260828	False	0.7584171549479166	0.7538566406250001	0.7561368977864584	0.7538566406250001	0.6989583333333333	0.6825	0.6907291666666666	0.6825
meta-llama/Llama-3.1-8B-Instruct	0e9e39f249a16976918f6564b8830bc894c89659	12	0.375	row_l2_ridge_0.1	mixed	20260829	False	0.75847900390625	0.754126953125	0.756302978515625	0.754126953125	0.6971354166666667	0.6840625	0.6905989583333334	0.6840625
meta-llama/Llama-3.1-8B-Instruct	0e9e39f249a16976918f6564b8830bc894c89659	12	0.375	row_l2_ridge_0.1	mixed	20260830	False	0.7614103190104167	0.7558125000000001	0.7586114095052083	0.7558125000000001	0.7041666666666666	0.6890624999999999	0.6966145833333333	0.6890624999999999
meta-llama/Llama-3.1-8B-Instruct	0e9e39f249a16976918f6564b8830bc894c89659	12	0.375	raw_ridge_0.1	benchmark_only		True	0.7601264105902779	0.747733984375	0.7539301974826389	0.747733984375	0.6880208333333333	0.64625	0.6671354166666666	0.64625
meta-llama/Llama-3.1-8B-Instruct	0e9e39f249a16976918f6564b8830bc894c89659	12	0.375	raw_ridge_0.1	casual_only		True	0.7426068793402778	0.7500722656250001	0.7463395724826389	0.7426068793402778	0.6846354166666667	0.6878124999999999	0.6862239583333334	0.6846354166666667
meta-llama/Llama-3.1-8B-Instruct	0e9e39f249a16976918f6564b8830bc894c89659	12	0.375	raw_ridge_0.1	mixed	20260823	True	0.75488037109375	0.75143203125	0.753156201171875	0.75143203125	0.6947916666666667	0.6775	0.6861458333333333	0.6775
meta-llama/Llama-3.1-8B-Instruct	0e9e39f249a16976918f6564b8830bc894c89659	12	0.375	raw_ridge_0.1	mixed	20260824	True	0.7537190755208334	0.748915625	0.7513173502604167	0.748915625	0.6916666666666667	0.6781250000000001	0.6848958333333334	0.6781250000000001
meta-llama/Llama-3.1-8B-Instruct	0e9e39f249a16976918f6564b8830bc894c89659	12	0.375	raw_ridge_0.1	mixed	20260825	True	0.7548958333333333	0.7510007812499999	0.7529483072916666	0.7510007812499999	0.69140625	0.6828125	0.687109375	0.6828125
meta-llama/Llama-3.1-8B-Instruct	0e9e39f249a16976918f6564b8830bc894c89659	12	0.375	raw_ridge_0.1	mixed	20260826	True	0.7558333333333334	0.75214375	0.7539885416666667	0.75214375	0.6953125	0.6815625000000001	0.6884375	0.6815625000000001
meta-llama/Llama-3.1-8B-Instruct	0e9e39f249a16976918f6564b8830bc894c89659	12	0.375	raw_ridge_0.1	mixed	20260827	True	0.7551671006944445	0.751633203125	0.7534001519097222	0.751633203125	0.6919270833333333	0.6784375	0.6851822916666667	0.6784375
meta-llama/Llama-3.1-8B-Instruct	0e9e39f249a16976918f6564b8830bc894c89659	12	0.375	raw_ridge_0.1	mixed	20260828	True	0.7559421115451389	0.7519730468749999	0.7539575792100695	0.7519730468749999	0.6934895833333333	0.6825	0.6879947916666667	0.6825
meta-llama/Llama-3.1-8B-Instruct	0e9e39f249a16976918f6564b8830bc894c89659	12	0.375	raw_ridge_0.1	mixed	20260829	True	0.754307590060764	0.7510660156250001	0.752686802842882	0.7510660156250001	0.6919270833333333	0.6815625000000001	0.6867447916666667	0.6815625000000001
meta-llama/Llama-3.1-8B-Instruct	0e9e39f249a16976918f6564b8830bc894c89659	12	0.375	raw_ridge_0.1	mixed	20260830	True	0.755461154513889	0.752124609375	0.7537928819444445	0.752124609375	0.6934895833333333	0.6815625	0.6875260416666666	0.6815625
meta-llama/Llama-3.1-8B-Instruct	0e9e39f249a16976918f6564b8830bc894c89659	16	0.5	raw_ridge_0.1	benchmark_only		False	0.7663997395833333	0.740346875	0.7533733072916666	0.740346875	0.7046875	0.6621874999999999	0.6834374999999999	0.6621874999999999
meta-llama/Llama-3.1-8B-Instruct	0e9e39f249a16976918f6564b8830bc894c89659	16	0.5	raw_ridge_0.1	casual_only		False	0.7490907118055554	0.733521875	0.7413062934027776	0.733521875	0.6885416666666667	0.6790625	0.6838020833333334	0.6790625
meta-llama/Llama-3.1-8B-Instruct	0e9e39f249a16976918f6564b8830bc894c89659	16	0.5	raw_ridge_0.1	mixed	20260823	False	0.7598990885416667	0.7388310546875	0.7493650716145833	0.7388310546875	0.7028645833333333	0.6721874999999999	0.6875260416666666	0.6721874999999999
meta-llama/Llama-3.1-8B-Instruct	0e9e39f249a16976918f6564b8830bc894c89659	16	0.5	raw_ridge_0.1	mixed	20260824	False	0.7590961371527778	0.737520703125	0.7483084201388889	0.737520703125	0.7005208333333333	0.674375	0.6874479166666666	0.674375
meta-llama/Llama-3.1-8B-Instruct	0e9e39f249a16976918f6564b8830bc894c89659	16	0.5	raw_ridge_0.1	mixed	20260825	False	0.7571047634548611	0.734115234375	0.7456099989149305	0.734115234375	0.7010416666666667	0.6696875	0.6853645833333333	0.6696875
meta-llama/Llama-3.1-8B-Instruct	0e9e39f249a16976918f6564b8830bc894c89659	16	0.5	raw_ridge_0.1	mixed	20260826	False	0.75939697265625	0.7366953125	0.748046142578125	0.7366953125	0.7036458333333333	0.6734374999999999	0.6885416666666666	0.6734374999999999
meta-llama/Llama-3.1-8B-Instruct	0e9e39f249a16976918f6564b8830bc894c89659	16	0.5	raw_ridge_0.1	mixed	20260827	False	0.7569363064236111	0.73386796875	0.7454021375868056	0.73386796875	0.7015625000000001	0.6671875	0.6843750000000001	0.6671875
meta-llama/Llama-3.1-8B-Instruct	0e9e39f249a16976918f6564b8830bc894c89659	16	0.5	raw_ridge_0.1	mixed	20260828	False	0.7574080403645833	0.734973828125	0.7461909342447917	0.734973828125	0.7028645833333333	0.67125	0.6870572916666666	0.67125
meta-llama/Llama-3.1-8B-Instruct	0e9e39f249a16976918f6564b8830bc894c89659	16	0.5	raw_ridge_0.1	mixed	20260829	False	0.75896240234375	0.7361523437499999	0.747557373046875	0.7361523437499999	0.7015625000000001	0.671875	0.68671875	0.671875
meta-llama/Llama-3.1-8B-Instruct	0e9e39f249a16976918f6564b8830bc894c89659	16	0.5	raw_ridge_0.1	mixed	20260830	False	0.7590671115451388	0.7375667968749999	0.7483169542100694	0.7375667968749999	0.7010416666666667	0.6737500000000001	0.6873958333333334	0.6737500000000001
meta-llama/Llama-3.1-8B-Instruct	0e9e39f249a16976918f6564b8830bc894c89659	16	0.5	raw_ridge_0.01	benchmark_only		False	0.7664200846354166	0.740355078125	0.7533875813802082	0.740355078125	0.7046875	0.6621874999999999	0.6834374999999999	0.6621874999999999
meta-llama/Llama-3.1-8B-Instruct	0e9e39f249a16976918f6564b8830bc894c89659	16	0.5	raw_ridge_0.01	casual_only		False	0.7491210937499999	0.733543359375	0.7413322265625	0.733543359375	0.6885416666666667	0.6790625	0.6838020833333334	0.6790625
meta-llama/Llama-3.1-8B-Instruct	0e9e39f249a16976918f6564b8830bc894c89659	16	0.5	raw_ridge_0.01	mixed	20260823	False	0.7599270290798611	0.738842578125	0.7493848036024305	0.738842578125	0.7028645833333333	0.6721874999999999	0.6875260416666666	0.6721874999999999
meta-llama/Llama-3.1-8B-Instruct	0e9e39f249a16976918f6564b8830bc894c89659	16	0.5	raw_ridge_0.01	mixed	20260824	False	0.759123263888889	0.737536328125	0.7483297960069445	0.737536328125	0.7005208333333333	0.674375	0.6874479166666666	0.674375
meta-llama/Llama-3.1-8B-Instruct	0e9e39f249a16976918f6564b8830bc894c89659	16	0.5	raw_ridge_0.01	mixed	20260825	False	0.7571308051215278	0.734125	0.7456279025607639	0.734125	0.70078125	0.6699999999999999	0.6853906249999999	0.6699999999999999
meta-llama/Llama-3.1-8B-Instruct	0e9e39f249a16976918f6564b8830bc894c89659	16	0.5	raw_ridge_0.01	mixed	20260826	False	0.7594197591145833	0.73670859375	0.7480641764322916	0.73670859375	0.70390625	0.6734374999999999	0.6886718749999999	0.6734374999999999
meta-llama/Llama-3.1-8B-Instruct	0e9e39f249a16976918f6564b8830bc894c89659	16	0.5	raw_ridge_0.01	mixed	20260827	False	0.7569566514756945	0.733883203125	0.7454199273003472	0.733883203125	0.7015625000000001	0.6675	0.68453125	0.6675
meta-llama/Llama-3.1-8B-Instruct	0e9e39f249a16976918f6564b8830bc894c89659	16	0.5	raw_ridge_0.01	mixed	20260828	False	0.757424045138889	0.7349847656250001	0.7462044053819445	0.7349847656250001	0.7028645833333333	0.67125	0.6870572916666666	0.67125
meta-llama/Llama-3.1-8B-Instruct	0e9e39f249a16976918f6564b8830bc894c89659	16	0.5	raw_ridge_0.01	mixed	20260829	False	0.7589908854166667	0.7361609375	0.7475759114583334	0.7361609375	0.7015625000000001	0.671875	0.68671875	0.671875
meta-llama/Llama-3.1-8B-Instruct	0e9e39f249a16976918f6564b8830bc894c89659	16	0.5	raw_ridge_0.01	mixed	20260830	False	0.7590972222222223	0.737585546875	0.7483413845486111	0.737585546875	0.7010416666666667	0.6737500000000001	0.6873958333333334	0.6737500000000001
meta-llama/Llama-3.1-8B-Instruct	0e9e39f249a16976918f6564b8830bc894c89659	16	0.5	raw_ridge_1	benchmark_only		False	0.7662858072916667	0.7402875	0.7532866536458334	0.7402875	0.7046875	0.6621874999999999	0.6834374999999999	0.6621874999999999
meta-llama/Llama-3.1-8B-Instruct	0e9e39f249a16976918f6564b8830bc894c89659	16	0.5	raw_ridge_1	casual_only		False	0.7489377170138889	0.733449609375	0.7411936631944445	0.733449609375	0.68828125	0.6790625	0.6836718749999999	0.6790625
meta-llama/Llama-3.1-8B-Instruct	0e9e39f249a16976918f6564b8830bc894c89659	16	0.5	raw_ridge_1	mixed	20260823	False	0.7597607421875001	0.738758203125	0.74925947265625	0.738758203125	0.703125	0.6721874999999999	0.68765625	0.6721874999999999
meta-llama/Llama-3.1-8B-Instruct	0e9e39f249a16976918f6564b8830bc894c89659	16	0.5	raw_ridge_1	mixed	20260824	False	0.7589813910590277	0.737440625	0.7482110080295139	0.737440625	0.7007812499999999	0.6740625	0.687421875	0.6740625
meta-llama/Llama-3.1-8B-Instruct	0e9e39f249a16976918f6564b8830bc894c89659	16	0.5	raw_ridge_1	mixed	20260825	False	0.7569889322916667	0.734053515625	0.7455212239583333	0.734053515625	0.7010416666666667	0.6699999999999999	0.6855208333333334	0.6699999999999999
meta-llama/Llama-3.1-8B-Instruct	0e9e39f249a16976918f6564b8830bc894c89659	16	0.5	raw_ridge_1	mixed	20260826	False	0.7592466905381945	0.736608984375	0.7479278374565972	0.736608984375	0.703125	0.6734374999999999	0.68828125	0.6734374999999999
meta-llama/Llama-3.1-8B-Instruct	0e9e39f249a16976918f6564b8830bc894c89659	16	0.5	raw_ridge_1	mixed	20260827	False	0.7568231879340278	0.7338066406249999	0.7453149142795139	0.7338066406249999	0.7015625000000001	0.6671875	0.6843750000000001	0.6671875
meta-llama/Llama-3.1-8B-Instruct	0e9e39f249a16976918f6564b8830bc894c89659	16	0.5	raw_ridge_1	mixed	20260828	False	0.7572843424479166	0.7348984375	0.7460913899739583	0.7348984375	0.7028645833333333	0.67125	0.6870572916666666	0.67125
meta-llama/Llama-3.1-8B-Instruct	0e9e39f249a16976918f6564b8830bc894c89659	16	0.5	raw_ridge_1	mixed	20260829	False	0.7588205295138888	0.7360875	0.7474540147569444	0.7360875	0.7015625000000001	0.671875	0.68671875	0.671875
meta-llama/Llama-3.1-8B-Instruct	0e9e39f249a16976918f6564b8830bc894c89659	16	0.5	raw_ridge_1	mixed	20260830	False	0.7589420572916667	0.7374898437500002	0.7482159505208335	0.7374898437500002	0.7010416666666667	0.6734375	0.6872395833333333	0.6734375
meta-llama/Llama-3.1-8B-Instruct	0e9e39f249a16976918f6564b8830bc894c89659	16	0.5	row_l2_ridge_0.1	benchmark_only		False	0.760771755642361	0.7342484375	0.7475100965711805	0.7342484375	0.7010416666666667	0.66125	0.6811458333333333	0.66125
meta-llama/Llama-3.1-8B-Instruct	0e9e39f249a16976918f6564b8830bc894c89659	16	0.5	row_l2_ridge_0.1	casual_only		False	0.740544704861111	0.72829921875	0.7344219618055555	0.72829921875	0.6768229166666666	0.6765625	0.6766927083333333	0.6765625
meta-llama/Llama-3.1-8B-Instruct	0e9e39f249a16976918f6564b8830bc894c89659	16	0.5	row_l2_ridge_0.1	mixed	20260823	False	0.7525151909722223	0.7329355468750001	0.7427253689236112	0.7329355468750001	0.6940104166666667	0.6699999999999999	0.6820052083333333	0.6699999999999999
meta-llama/Llama-3.1-8B-Instruct	0e9e39f249a16976918f6564b8830bc894c89659	16	0.5	row_l2_ridge_0.1	mixed	20260824	False	0.7523539225260417	0.732328125	0.7423410237630208	0.732328125	0.696875	0.6703125	0.68359375	0.6703125
meta-llama/Llama-3.1-8B-Instruct	0e9e39f249a16976918f6564b8830bc894c89659	16	0.5	row_l2_ridge_0.1	mixed	20260825	False	0.7493910047743056	0.728305859375	0.7388484320746529	0.728305859375	0.6921875	0.6665625	0.679375	0.6665625
meta-llama/Llama-3.1-8B-Instruct	0e9e39f249a16976918f6564b8830bc894c89659	16	0.5	row_l2_ridge_0.1	mixed	20260826	False	0.7522360568576388	0.731330859375	0.7417834581163194	0.731330859375	0.696875	0.6665625	0.6817187499999999	0.6665625
meta-llama/Llama-3.1-8B-Instruct	0e9e39f249a16976918f6564b8830bc894c89659	16	0.5	row_l2_ridge_0.1	mixed	20260827	False	0.7495591905381944	0.728212890625	0.7388860405815972	0.728212890625	0.6924479166666666	0.663125	0.6777864583333333	0.663125
meta-llama/Llama-3.1-8B-Instruct	0e9e39f249a16976918f6564b8830bc894c89659	16	0.5	row_l2_ridge_0.1	mixed	20260828	False	0.7503518337673611	0.7293417968750001	0.7398468153211806	0.7293417968750001	0.6973958333333333	0.6684375	0.6829166666666666	0.6684375
meta-llama/Llama-3.1-8B-Instruct	0e9e39f249a16976918f6564b8830bc894c89659	16	0.5	row_l2_ridge_0.1	mixed	20260829	False	0.7518041992187501	0.730666796875	0.741235498046875	0.730666796875	0.6932291666666667	0.6675	0.6803645833333334	0.6675
meta-llama/Llama-3.1-8B-Instruct	0e9e39f249a16976918f6564b8830bc894c89659	16	0.5	row_l2_ridge_0.1	mixed	20260830	False	0.7516707356770833	0.73170390625	0.7416873209635417	0.73170390625	0.6966145833333333	0.6709375	0.6837760416666666	0.6709375
meta-llama/Llama-3.1-8B-Instruct	0e9e39f249a16976918f6564b8830bc894c89659	19	0.625	raw_ridge_0.1	benchmark_only		False	0.7397721354166666	0.7328054687500001	0.7362888020833334	0.7328054687500001	0.6627604166666667	0.6590625	0.6609114583333333	0.6590625
meta-llama/Llama-3.1-8B-Instruct	0e9e39f249a16976918f6564b8830bc894c89659	19	0.625	raw_ridge_0.1	casual_only		False	0.71219970703125	0.7096572265625001	0.710928466796875	0.7096572265625001	0.6283854166666667	0.6446875000000001	0.6365364583333334	0.6283854166666667
meta-llama/Llama-3.1-8B-Instruct	0e9e39f249a16976918f6564b8830bc894c89659	19	0.625	raw_ridge_0.1	mixed	20260823	False	0.7304348415798612	0.7217406250000001	0.7260877332899307	0.7217406250000001	0.6520833333333333	0.6543749999999999	0.6532291666666666	0.6520833333333333
meta-llama/Llama-3.1-8B-Instruct	0e9e39f249a16976918f6564b8830bc894c89659	19	0.625	raw_ridge_0.1	mixed	20260824	False	0.7282169596354167	0.71898984375	0.7236034016927083	0.71898984375	0.6473958333333334	0.65375	0.6505729166666667	0.6473958333333334
meta-llama/Llama-3.1-8B-Instruct	0e9e39f249a16976918f6564b8830bc894c89659	19	0.625	raw_ridge_0.1	mixed	20260825	False	0.726540256076389	0.7164261718749999	0.7214832139756944	0.7164261718749999	0.6427083333333333	0.651875	0.6472916666666666	0.6427083333333333
meta-llama/Llama-3.1-8B-Instruct	0e9e39f249a16976918f6564b8830bc894c89659	19	0.625	raw_ridge_0.1	mixed	20260826	False	0.7280438910590279	0.7174828125000001	0.722763351779514	0.7174828125000001	0.64296875	0.6525000000000001	0.647734375	0.64296875
meta-llama/Llama-3.1-8B-Instruct	0e9e39f249a16976918f6564b8830bc894c89659	19	0.625	raw_ridge_0.1	mixed	20260827	False	0.7274248589409722	0.7154140625000001	0.7214194607204861	0.7154140625000001	0.6419270833333333	0.649375	0.6456510416666666	0.6419270833333333
meta-llama/Llama-3.1-8B-Instruct	0e9e39f249a16976918f6564b8830bc894c89659	19	0.625	raw_ridge_0.1	mixed	20260828	False	0.7288704427083333	0.717651953125	0.7232611979166667	0.717651953125	0.6533854166666666	0.6503125000000001	0.6518489583333333	0.6503125000000001
meta-llama/Llama-3.1-8B-Instruct	0e9e39f249a16976918f6564b8830bc894c89659	19	0.625	raw_ridge_0.1	mixed	20260829	False	0.7290662977430555	0.7185515625	0.7238089301215278	0.7185515625	0.64609375	0.655	0.6505468750000001	0.64609375
meta-llama/Llama-3.1-8B-Instruct	0e9e39f249a16976918f6564b8830bc894c89659	19	0.625	raw_ridge_0.1	mixed	20260830	False	0.7293931749131944	0.721347265625	0.7253702202690973	0.721347265625	0.6419270833333333	0.658125	0.6500260416666666	0.6419270833333333
meta-llama/Llama-3.1-8B-Instruct	0e9e39f249a16976918f6564b8830bc894c89659	19	0.625	raw_ridge_0.01	benchmark_only		False	0.73978759765625	0.7328062499999999	0.736296923828125	0.7328062499999999	0.6627604166666667	0.6590625	0.6609114583333333	0.6590625
meta-llama/Llama-3.1-8B-Instruct	0e9e39f249a16976918f6564b8830bc894c89659	19	0.625	raw_ridge_0.01	casual_only		False	0.7122186957465277	0.7096722656250001	0.7109454806857639	0.7096722656250001	0.6283854166666667	0.6446875000000001	0.6365364583333334	0.6283854166666667
meta-llama/Llama-3.1-8B-Instruct	0e9e39f249a16976918f6564b8830bc894c89659	19	0.625	raw_ridge_0.01	mixed	20260823	False	0.73044921875	0.721753515625	0.7261013671875001	0.721753515625	0.6520833333333333	0.6543749999999999	0.6532291666666666	0.6520833333333333
meta-llama/Llama-3.1-8B-Instruct	0e9e39f249a16976918f6564b8830bc894c89659	19	0.625	raw_ridge_0.01	mixed	20260824	False	0.7282343207465277	0.7189937499999999	0.7236140353732639	0.7189937499999999	0.6473958333333334	0.65375	0.6505729166666667	0.6473958333333334
meta-llama/Llama-3.1-8B-Instruct	0e9e39f249a16976918f6564b8830bc894c89659	19	0.625	raw_ridge_0.01	mixed	20260825	False	0.7265532769097223	0.71643046875	0.7214918728298612	0.71643046875	0.6429687500000001	0.651875	0.647421875	0.6429687500000001
meta-llama/Llama-3.1-8B-Instruct	0e9e39f249a16976918f6564b8830bc894c89659	19	0.625	raw_ridge_0.01	mixed	20260826	False	0.7280577256944445	0.7174906249999999	0.7227741753472222	0.7174906249999999	0.64296875	0.6525000000000001	0.647734375	0.64296875
meta-llama/Llama-3.1-8B-Instruct	0e9e39f249a16976918f6564b8830bc894c89659	19	0.625	raw_ridge_0.01	mixed	20260827	False	0.7274376085069444	0.7154261718750001	0.7214318901909722	0.7154261718750001	0.6419270833333333	0.649375	0.6456510416666666	0.6419270833333333
meta-llama/Llama-3.1-8B-Instruct	0e9e39f249a16976918f6564b8830bc894c89659	19	0.625	raw_ridge_0.01	mixed	20260828	False	0.7288818359375	0.717659765625	0.7232708007812501	0.717659765625	0.6533854166666666	0.6503125000000001	0.6518489583333333	0.6503125000000001
meta-llama/Llama-3.1-8B-Instruct	0e9e39f249a16976918f6564b8830bc894c89659	19	0.625	raw_ridge_0.01	mixed	20260829	False	0.72907470703125	0.7185617187500001	0.723818212890625	0.7185617187500001	0.64609375	0.655	0.6505468750000001	0.64609375
meta-llama/Llama-3.1-8B-Instruct	0e9e39f249a16976918f6564b8830bc894c89659	19	0.625	raw_ridge_0.01	mixed	20260830	False	0.7294102647569445	0.721355859375	0.7253830620659723	0.721355859375	0.6419270833333333	0.658125	0.6500260416666666	0.6419270833333333
meta-llama/Llama-3.1-8B-Instruct	0e9e39f249a16976918f6564b8830bc894c89659	19	0.625	raw_ridge_1	benchmark_only		False	0.73969970703125	0.73279375	0.736246728515625	0.73279375	0.6625	0.65875	0.660625	0.65875
meta-llama/Llama-3.1-8B-Instruct	0e9e39f249a16976918f6564b8830bc894c89659	19	0.625	raw_ridge_1	casual_only		False	0.7121120876736111	0.709582421875	0.7108472547743055	0.709582421875	0.628125	0.64375	0.6359375	0.628125
meta-llama/Llama-3.1-8B-Instruct	0e9e39f249a16976918f6564b8830bc894c89659	19	0.625	raw_ridge_1	mixed	20260823	False	0.7303653971354167	0.7216941406249999	0.7260297688802083	0.7216941406249999	0.6515625	0.6543749999999999	0.65296875	0.6515625
meta-llama/Llama-3.1-8B-Instruct	0e9e39f249a16976918f6564b8830bc894c89659	19	0.625	raw_ridge_1	mixed	20260824	False	0.7281388346354165	0.7189472656249999	0.7235430501302083	0.7189472656249999	0.6471354166666666	0.653125	0.6501302083333333	0.6471354166666666
meta-llama/Llama-3.1-8B-Instruct	0e9e39f249a16976918f6564b8830bc894c89659	19	0.625	raw_ridge_1	mixed	20260825	False	0.7264887152777779	0.7163867187499999	0.7214377170138889	0.7163867187499999	0.6427083333333333	0.651875	0.6472916666666666	0.6427083333333333
meta-llama/Llama-3.1-8B-Instruct	0e9e39f249a16976918f6564b8830bc894c89659	19	0.625	raw_ridge_1	mixed	20260826	False	0.7279793294270833	0.717437109375	0.7227082194010417	0.717437109375	0.64296875	0.6528125	0.647890625	0.64296875
meta-llama/Llama-3.1-8B-Instruct	0e9e39f249a16976918f6564b8830bc894c89659	19	0.625	raw_ridge_1	mixed	20260827	False	0.7273630099826389	0.7153777343750001	0.7213703721788195	0.7153777343750001	0.6419270833333333	0.649375	0.6456510416666666	0.6419270833333333
meta-llama/Llama-3.1-8B-Instruct	0e9e39f249a16976918f6564b8830bc894c89659	19	0.625	raw_ridge_1	mixed	20260828	False	0.7287925889756944	0.7176179687500001	0.7232052788628472	0.7176179687500001	0.653125	0.6503125000000001	0.65171875	0.6503125000000001
meta-llama/Llama-3.1-8B-Instruct	0e9e39f249a16976918f6564b8830bc894c89659	19	0.625	raw_ridge_1	mixed	20260829	False	0.7289960394965278	0.718521875	0.7237589572482639	0.718521875	0.6458333333333334	0.655	0.6504166666666666	0.6458333333333334
meta-llama/Llama-3.1-8B-Instruct	0e9e39f249a16976918f6564b8830bc894c89659	19	0.625	raw_ridge_1	mixed	20260830	False	0.7293117947048611	0.7213070312500001	0.7253094129774306	0.7213070312500001	0.6416666666666666	0.6578124999999999	0.6497395833333333	0.6416666666666666
meta-llama/Llama-3.1-8B-Instruct	0e9e39f249a16976918f6564b8830bc894c89659	19	0.625	row_l2_ridge_0.1	benchmark_only		False	0.7511333550347222	0.7410222656250001	0.7460778103298611	0.7410222656250001	0.6802083333333333	0.6678124999999999	0.6740104166666666	0.6678124999999999
meta-llama/Llama-3.1-8B-Instruct	0e9e39f249a16976918f6564b8830bc894c89659	19	0.625	row_l2_ridge_0.1	casual_only		False	0.71739013671875	0.71343984375	0.7154149902343749	0.71343984375	0.6255208333333333	0.6503125000000001	0.6379166666666667	0.6255208333333333
meta-llama/Llama-3.1-8B-Instruct	0e9e39f249a16976918f6564b8830bc894c89659	19	0.625	row_l2_ridge_0.1	mixed	20260823	False	0.7357628038194444	0.7271421875	0.7314524956597221	0.7271421875	0.6557291666666667	0.6584375	0.6570833333333334	0.6557291666666667
meta-llama/Llama-3.1-8B-Instruct	0e9e39f249a16976918f6564b8830bc894c89659	19	0.625	row_l2_ridge_0.1	mixed	20260824	False	0.7352560763888889	0.7253394531249999	0.7302977647569444	0.7253394531249999	0.6572916666666666	0.6625	0.6598958333333333	0.6572916666666666
meta-llama/Llama-3.1-8B-Instruct	0e9e39f249a16976918f6564b8830bc894c89659	19	0.625	row_l2_ridge_0.1	mixed	20260825	False	0.732319064670139	0.721278125	0.7267985948350695	0.721278125	0.6494791666666666	0.6609375	0.6552083333333333	0.6494791666666666
meta-llama/Llama-3.1-8B-Instruct	0e9e39f249a16976918f6564b8830bc894c89659	19	0.625	row_l2_ridge_0.1	mixed	20260826	False	0.7359792751736112	0.723619921875	0.7297995985243055	0.723619921875	0.6518229166666667	0.6599999999999999	0.6559114583333333	0.6518229166666667
meta-llama/Llama-3.1-8B-Instruct	0e9e39f249a16976918f6564b8830bc894c89659	19	0.625	row_l2_ridge_0.1	mixed	20260827	False	0.7336414930555556	0.720544921875	0.7270932074652778	0.720544921875	0.6526041666666667	0.6528125	0.6527083333333333	0.6526041666666667
meta-llama/Llama-3.1-8B-Instruct	0e9e39f249a16976918f6564b8830bc894c89659	19	0.625	row_l2_ridge_0.1	mixed	20260828	False	0.735932888454861	0.722986328125	0.7294596082899305	0.722986328125	0.6591145833333334	0.659375	0.6592447916666667	0.6591145833333334
meta-llama/Llama-3.1-8B-Instruct	0e9e39f249a16976918f6564b8830bc894c89659	19	0.625	row_l2_ridge_0.1	mixed	20260829	False	0.7351814778645833	0.7241996093749998	0.7296905436197916	0.7241996093749998	0.6536458333333333	0.6634374999999999	0.6585416666666666	0.6536458333333333
meta-llama/Llama-3.1-8B-Instruct	0e9e39f249a16976918f6564b8830bc894c89659	19	0.625	row_l2_ridge_0.1	mixed	20260830	False	0.7350336371527778	0.72641875	0.7307261935763889	0.72641875	0.65234375	0.6640625	0.658203125	0.65234375
meta-llama/Llama-3.1-8B-Instruct	0e9e39f249a16976918f6564b8830bc894c89659	23	0.75	raw_ridge_0.1	benchmark_only		False	0.7228542751736111	0.729212109375	0.7260331922743055	0.7228542751736111	0.6606770833333333	0.655625	0.6581510416666667	0.655625
meta-llama/Llama-3.1-8B-Instruct	0e9e39f249a16976918f6564b8830bc894c89659	23	0.75	raw_ridge_0.1	casual_only		False	0.6692705620659722	0.6804417968750001	0.6748561794704862	0.6692705620659722	0.6117187500000001	0.6215625	0.616640625	0.6117187500000001
meta-llama/Llama-3.1-8B-Instruct	0e9e39f249a16976918f6564b8830bc894c89659	23	0.75	raw_ridge_0.1	mixed	20260823	False	0.69821533203125	0.702418359375	0.700316845703125	0.69821533203125	0.6338541666666666	0.6334375	0.6336458333333332	0.6334375
meta-llama/Llama-3.1-8B-Instruct	0e9e39f249a16976918f6564b8830bc894c89659	23	0.75	raw_ridge_0.1	mixed	20260824	False	0.6959453667534722	0.7005234375	0.6982344021267362	0.6959453667534722	0.63671875	0.630625	0.633671875	0.630625
meta-llama/Llama-3.1-8B-Instruct	0e9e39f249a16976918f6564b8830bc894c89659	23	0.75	raw_ridge_0.1	mixed	20260825	False	0.6951822916666668	0.6982230468749999	0.6967026692708334	0.6951822916666668	0.6296875	0.6365625	0.6331249999999999	0.6296875
meta-llama/Llama-3.1-8B-Instruct	0e9e39f249a16976918f6564b8830bc894c89659	23	0.75	raw_ridge_0.1	mixed	20260826	False	0.6954039171006944	0.6978261718750001	0.6966150444878472	0.6954039171006944	0.628125	0.6331249999999999	0.630625	0.628125
meta-llama/Llama-3.1-8B-Instruct	0e9e39f249a16976918f6564b8830bc894c89659	23	0.75	raw_ridge_0.1	mixed	20260827	False	0.6957709418402778	0.6972203124999999	0.6964956271701388	0.6957709418402778	0.6236979166666667	0.6287499999999999	0.6262239583333333	0.6236979166666667
meta-llama/Llama-3.1-8B-Instruct	0e9e39f249a16976918f6564b8830bc894c89659	23	0.75	raw_ridge_0.1	mixed	20260828	False	0.6989173719618055	0.7007062500000001	0.6998118109809028	0.6989173719618055	0.6361979166666667	0.6331249999999999	0.6346614583333333	0.6331249999999999
meta-llama/Llama-3.1-8B-Instruct	0e9e39f249a16976918f6564b8830bc894c89659	23	0.75	raw_ridge_0.1	mixed	20260829	False	0.6985563151041667	0.7012265625	0.6998914388020834	0.6985563151041667	0.6359375	0.6334375	0.6346875000000001	0.6334375
meta-llama/Llama-3.1-8B-Instruct	0e9e39f249a16976918f6564b8830bc894c89659	23	0.75	raw_ridge_0.1	mixed	20260830	False	0.6979836697048611	0.703390234375	0.7006869520399306	0.6979836697048611	0.63125	0.6365625	0.63390625	0.63125
meta-llama/Llama-3.1-8B-Instruct	0e9e39f249a16976918f6564b8830bc894c89659	23	0.75	raw_ridge_0.01	benchmark_only		False	0.7228643120659721	0.729208984375	0.7260366482204861	0.7228643120659721	0.6609375	0.655625	0.6582812499999999	0.655625
meta-llama/Llama-3.1-8B-Instruct	0e9e39f249a16976918f6564b8830bc894c89659	23	0.75	raw_ridge_0.01	casual_only		False	0.6692811414930556	0.6804453125000001	0.6748632269965278	0.6692811414930556	0.6117187500000001	0.6215625	0.616640625	0.6117187500000001
meta-llama/Llama-3.1-8B-Instruct	0e9e39f249a16976918f6564b8830bc894c89659	23	0.75	raw_ridge_0.01	mixed	20260823	False	0.69822509765625	0.7024250000000001	0.700325048828125	0.69822509765625	0.6338541666666666	0.6334375	0.6336458333333332	0.6334375
meta-llama/Llama-3.1-8B-Instruct	0e9e39f249a16976918f6564b8830bc894c89659	23	0.75	raw_ridge_0.01	mixed	20260824	False	0.6959556749131944	0.700533984375	0.6982448296440973	0.6959556749131944	0.63671875	0.630625	0.633671875	0.630625
meta-llama/Llama-3.1-8B-Instruct	0e9e39f249a16976918f6564b8830bc894c89659	23	0.75	raw_ridge_0.01	mixed	20260825	False	0.6951912434895833	0.69822890625	0.6967100748697916	0.6951912434895833	0.6294270833333333	0.6365625	0.6329947916666667	0.6294270833333333
meta-llama/Llama-3.1-8B-Instruct	0e9e39f249a16976918f6564b8830bc894c89659	23	0.75	raw_ridge_0.01	mixed	20260826	False	0.6954112413194444	0.6978347656249999	0.6966230034722222	0.6954112413194444	0.628125	0.6331249999999999	0.630625	0.628125
meta-llama/Llama-3.1-8B-Instruct	0e9e39f249a16976918f6564b8830bc894c89659	23	0.75	raw_ridge_0.01	mixed	20260827	False	0.6957782660590278	0.69722421875	0.6965012424045138	0.6957782660590278	0.6234375	0.6287499999999999	0.6260937499999999	0.6234375
meta-llama/Llama-3.1-8B-Instruct	0e9e39f249a16976918f6564b8830bc894c89659	23	0.75	raw_ridge_0.01	mixed	20260828	False	0.6989206271701389	0.70071171875	0.6998161729600695	0.6989206271701389	0.6361979166666667	0.6331249999999999	0.6346614583333333	0.6331249999999999
meta-llama/Llama-3.1-8B-Instruct	0e9e39f249a16976918f6564b8830bc894c89659	23	0.75	raw_ridge_0.01	mixed	20260829	False	0.6985706922743056	0.701236328125	0.6999035101996528	0.6985706922743056	0.6359375	0.6334375	0.6346875000000001	0.6334375
meta-llama/Llama-3.1-8B-Instruct	0e9e39f249a16976918f6564b8830bc894c89659	23	0.75	raw_ridge_0.01	mixed	20260830	False	0.6979975043402777	0.7033943359374999	0.7006959201388888	0.6979975043402777	0.63125	0.6365625	0.63390625	0.63125
meta-llama/Llama-3.1-8B-Instruct	0e9e39f249a16976918f6564b8830bc894c89659	23	0.75	raw_ridge_1	benchmark_only		False	0.7228043619791666	0.7291955078124999	0.7259999348958333	0.7228043619791666	0.6606770833333333	0.655625	0.6581510416666667	0.655625
meta-llama/Llama-3.1-8B-Instruct	0e9e39f249a16976918f6564b8830bc894c89659	23	0.75	raw_ridge_1	casual_only		False	0.6692168511284722	0.680399609375	0.6748082302517361	0.6692168511284722	0.6117187500000001	0.6215625	0.616640625	0.6117187500000001
meta-llama/Llama-3.1-8B-Instruct	0e9e39f249a16976918f6564b8830bc894c89659	23	0.75	raw_ridge_1	mixed	20260823	False	0.6981643337673611	0.702383203125	0.7002737684461806	0.6981643337673611	0.6338541666666666	0.6334375	0.6336458333333332	0.6334375
meta-llama/Llama-3.1-8B-Instruct	0e9e39f249a16976918f6564b8830bc894c89659	23	0.75	raw_ridge_1	mixed	20260824	False	0.6958978949652779	0.7004876953125	0.6981927951388889	0.6958978949652779	0.63671875	0.630625	0.633671875	0.630625
meta-llama/Llama-3.1-8B-Instruct	0e9e39f249a16976918f6564b8830bc894c89659	23	0.75	raw_ridge_1	mixed	20260825	False	0.6951299370659723	0.6981931640625001	0.6966615505642362	0.6951299370659723	0.6296875	0.63625	0.63296875	0.6296875
meta-llama/Llama-3.1-8B-Instruct	0e9e39f249a16976918f6564b8830bc894c89659	23	0.75	raw_ridge_1	mixed	20260826	False	0.6953468153211805	0.6978062499999999	0.6965765326605902	0.6953468153211805	0.6283854166666667	0.6328125	0.6305989583333333	0.6283854166666667
meta-llama/Llama-3.1-8B-Instruct	0e9e39f249a16976918f6564b8830bc894c89659	23	0.75	raw_ridge_1	mixed	20260827	False	0.6957063802083334	0.6971777343750001	0.6964420572916667	0.6957063802083334	0.6236979166666667	0.6287499999999999	0.6262239583333333	0.6236979166666667
meta-llama/Llama-3.1-8B-Instruct	0e9e39f249a16976918f6564b8830bc894c89659	23	0.75	raw_ridge_1	mixed	20260828	False	0.6988655598958333	0.7006726562500001	0.6997691080729167	0.6988655598958333	0.6361979166666667	0.6334375	0.6348177083333333	0.6334375
meta-llama/Llama-3.1-8B-Instruct	0e9e39f249a16976918f6564b8830bc894c89659	23	0.75	raw_ridge_1	mixed	20260829	False	0.6985074869791665	0.7011964843749999	0.6998519856770833	0.6985074869791665	0.6354166666666667	0.6334375	0.6344270833333334	0.6334375
meta-llama/Llama-3.1-8B-Instruct	0e9e39f249a16976918f6564b8830bc894c89659	23	0.75	raw_ridge_1	mixed	20260830	False	0.69794189453125	0.70335390625	0.700647900390625	0.69794189453125	0.63125	0.6368750000000001	0.6340625	0.63125
meta-llama/Llama-3.1-8B-Instruct	0e9e39f249a16976918f6564b8830bc894c89659	23	0.75	row_l2_ridge_0.1	benchmark_only		False	0.7355623372395833	0.7414089843749999	0.7384856608072916	0.7355623372395833	0.67890625	0.673125	0.676015625	0.673125
meta-llama/Llama-3.1-8B-Instruct	0e9e39f249a16976918f6564b8830bc894c89659	23	0.75	row_l2_ridge_0.1	casual_only		False	0.6733192274305555	0.68608203125	0.6797006293402778	0.6733192274305555	0.6111979166666667	0.6271875	0.6191927083333333	0.6111979166666667
meta-llama/Llama-3.1-8B-Instruct	0e9e39f249a16976918f6564b8830bc894c89659	23	0.75	row_l2_ridge_0.1	mixed	20260823	False	0.7042675781250001	0.7108195312499999	0.7075435546875	0.7042675781250001	0.6427083333333333	0.6415625	0.6421354166666666	0.6415625
meta-llama/Llama-3.1-8B-Instruct	0e9e39f249a16976918f6564b8830bc894c89659	23	0.75	row_l2_ridge_0.1	mixed	20260824	False	0.7035666232638889	0.710006640625	0.7067866319444445	0.7035666232638889	0.64765625	0.64	0.643828125	0.64
meta-llama/Llama-3.1-8B-Instruct	0e9e39f249a16976918f6564b8830bc894c89659	23	0.75	row_l2_ridge_0.1	mixed	20260825	False	0.7011941189236113	0.706433984375	0.7038140516493057	0.7011941189236113	0.6390625000000001	0.643125	0.64109375	0.6390625000000001
meta-llama/Llama-3.1-8B-Instruct	0e9e39f249a16976918f6564b8830bc894c89659	23	0.75	row_l2_ridge_0.1	mixed	20260826	False	0.7033669704861112	0.707315234375	0.7053411024305556	0.7033669704861112	0.6440104166666667	0.639375	0.6416927083333334	0.639375
meta-llama/Llama-3.1-8B-Instruct	0e9e39f249a16976918f6564b8830bc894c89659	23	0.75	row_l2_ridge_0.1	mixed	20260827	False	0.7019731987847222	0.705434765625	0.7037039822048611	0.7019731987847222	0.6375	0.6396875	0.63859375	0.6375
meta-llama/Llama-3.1-8B-Instruct	0e9e39f249a16976918f6564b8830bc894c89659	23	0.75	row_l2_ridge_0.1	mixed	20260828	False	0.7061493598090278	0.708978125	0.7075637424045139	0.7061493598090278	0.64921875	0.6440625	0.646640625	0.6440625
meta-llama/Llama-3.1-8B-Instruct	0e9e39f249a16976918f6564b8830bc894c89659	23	0.75	row_l2_ridge_0.1	mixed	20260829	False	0.7058170572916667	0.71003203125	0.7079245442708333	0.7058170572916667	0.640625	0.645	0.6428125	0.640625
meta-llama/Llama-3.1-8B-Instruct	0e9e39f249a16976918f6564b8830bc894c89659	23	0.75	row_l2_ridge_0.1	mixed	20260830	False	0.7043945312500001	0.711930859375	0.7081626953125	0.7043945312500001	0.646875	0.645625	0.64625	0.645625
