size	depth	regime	seed	macro_format_roc_auc	macro_format_balanced_accuracy
8B	0.25	benchmark_only		0.7587359266493054	0.6848177083333333
8B	0.25	casual_only		0.7642449490017361	0.6978125
8B	0.25	mixed	20260823	0.7601054144965278	0.6946614583333333
8B	0.25	mixed	20260824	0.7621473958333334	0.6976302083333332
8B	0.25	mixed	20260825	0.7622796603732639	0.6967708333333333
8B	0.25	mixed	20260826	0.7641929036458334	0.6965364583333333
8B	0.25	mixed	20260827	0.7598170138888889	0.6933333333333334
8B	0.25	mixed	20260828	0.761084326171875	0.695390625
8B	0.25	mixed	20260829	0.762268679470486	0.6976302083333333
8B	0.25	mixed	20260830	0.7623560926649305	0.6943229166666667
8B	0.375	benchmark_only		0.7534182671440972	0.6675520833333334
8B	0.375	casual_only		0.7464557291666667	0.6884895833333333
8B	0.375	mixed	20260823	0.7543108452690972	0.687109375
8B	0.375	mixed	20260824	0.7540003797743056	0.6878385416666666
8B	0.375	mixed	20260825	0.7519609212239583	0.6854427083333334
8B	0.375	mixed	20260826	0.7549701605902777	0.6886458333333334
8B	0.375	mixed	20260827	0.7498123752170138	0.6831770833333333
8B	0.375	mixed	20260828	0.7517677571614584	0.6863541666666666
8B	0.375	mixed	20260829	0.7525512532552083	0.6869010416666667
8B	0.375	mixed	20260830	0.7542607964409722	0.6893229166666667
8B	0.5	benchmark_only		0.7533733072916666	0.6834374999999999
8B	0.5	casual_only		0.7413062934027776	0.6838020833333334
8B	0.5	mixed	20260823	0.7493650716145833	0.6875260416666666
8B	0.5	mixed	20260824	0.7483084201388889	0.6874479166666666
8B	0.5	mixed	20260825	0.7456099989149305	0.6853645833333333
8B	0.5	mixed	20260826	0.748046142578125	0.6885416666666666
8B	0.5	mixed	20260827	0.7454021375868056	0.6843750000000001
8B	0.5	mixed	20260828	0.7461909342447917	0.6870572916666666
8B	0.5	mixed	20260829	0.747557373046875	0.68671875
8B	0.5	mixed	20260830	0.7483169542100694	0.6873958333333334
8B	0.625	benchmark_only		0.7362888020833334	0.6609114583333333
8B	0.625	casual_only		0.710928466796875	0.6365364583333334
8B	0.625	mixed	20260823	0.7260877332899307	0.6532291666666666
8B	0.625	mixed	20260824	0.7236034016927083	0.6505729166666667
8B	0.625	mixed	20260825	0.7214832139756944	0.6472916666666666
8B	0.625	mixed	20260826	0.722763351779514	0.647734375
8B	0.625	mixed	20260827	0.7214194607204861	0.6456510416666666
8B	0.625	mixed	20260828	0.7232611979166667	0.6518489583333333
8B	0.625	mixed	20260829	0.7238089301215278	0.6505468750000001
8B	0.625	mixed	20260830	0.7253702202690973	0.6500260416666666
8B	0.75	benchmark_only		0.7260331922743055	0.6581510416666667
8B	0.75	casual_only		0.6748561794704862	0.616640625
8B	0.75	mixed	20260823	0.700316845703125	0.6336458333333332
8B	0.75	mixed	20260824	0.6982344021267362	0.633671875
8B	0.75	mixed	20260825	0.6967026692708334	0.6331249999999999
8B	0.75	mixed	20260826	0.6966150444878472	0.630625
8B	0.75	mixed	20260827	0.6964956271701388	0.6262239583333333
8B	0.75	mixed	20260828	0.6998118109809028	0.6346614583333333
8B	0.75	mixed	20260829	0.6998914388020834	0.6346875000000001
8B	0.75	mixed	20260830	0.7006869520399306	0.63390625
70B	0.25	benchmark_only		0.8690031792534721	0.787734375
70B	0.25	casual_only		0.8767806857638889	0.7991927083333332
70B	0.25	mixed	20260823	0.8693123101128473	0.7920833333333334
70B	0.25	mixed	20260824	0.8744338324652777	0.7980208333333334
70B	0.25	mixed	20260825	0.8714821668836805	0.7932291666666667
70B	0.25	mixed	20260826	0.8743220052083335	0.7981510416666666
70B	0.25	mixed	20260827	0.8699305772569443	0.7932812499999999
70B	0.25	mixed	20260828	0.8721314019097222	0.7959635416666666
70B	0.25	mixed	20260829	0.8715256347656251	0.7937760416666666
70B	0.25	mixed	20260830	0.873547119140625	0.7948437500000001
70B	0.375	benchmark_only		0.860562353515625	0.7820572916666666
70B	0.375	casual_only		0.8525574327256944	0.7885416666666667
70B	0.375	mixed	20260823	0.8557553982204861	0.7819791666666667
70B	0.375	mixed	20260824	0.8554976888020833	0.7850781250000001
70B	0.375	mixed	20260825	0.853543093532986	0.780546875
70B	0.375	mixed	20260826	0.8575452690972222	0.7863541666666667
70B	0.375	mixed	20260827	0.8569168240017362	0.7866666666666666
70B	0.375	mixed	20260828	0.8555567654079861	0.7820572916666666
70B	0.375	mixed	20260829	0.8561341742621529	0.785625
70B	0.375	mixed	20260830	0.8567798773871529	0.7844270833333333
70B	0.5	benchmark_only		0.8111615017361111	0.72
70B	0.5	casual_only		0.788713351779514	0.7095052083333333
70B	0.5	mixed	20260823	0.805141872829861	0.7191406250000001
70B	0.5	mixed	20260824	0.8060385633680556	0.7211458333333334
70B	0.5	mixed	20260825	0.8001267306857639	0.7151562499999999
70B	0.5	mixed	20260826	0.8033225911458334	0.7175781250000001
70B	0.5	mixed	20260827	0.8032271213107638	0.71875
70B	0.5	mixed	20260828	0.7988392849392361	0.7129427083333333
70B	0.5	mixed	20260829	0.8001540907118054	0.7153385416666667
70B	0.5	mixed	20260830	0.8052749131944443	0.719453125
70B	0.625	benchmark_only		0.7772673882378472	0.6812239583333333
70B	0.625	casual_only		0.7809098253038194	0.6978645833333333
70B	0.625	mixed	20260823	0.7866943467881944	0.695234375
70B	0.625	mixed	20260824	0.7856189398871527	0.694140625
70B	0.625	mixed	20260825	0.7811485378689236	0.6968489583333333
70B	0.625	mixed	20260826	0.784904709201389	0.696796875
70B	0.625	mixed	20260827	0.784039453125	0.6946354166666666
70B	0.625	mixed	20260828	0.7802956651475694	0.6926041666666667
70B	0.625	mixed	20260829	0.7819358452690972	0.6934895833333333
70B	0.625	mixed	20260830	0.7862510470920139	0.694296875
70B	0.75	benchmark_only		0.7464261827256944	0.6602604166666667
70B	0.75	casual_only		0.7451067654079861	0.6702864583333333
70B	0.75	mixed	20260823	0.7511571777343751	0.6697395833333333
70B	0.75	mixed	20260824	0.7503423502604167	0.6654166666666667
70B	0.75	mixed	20260825	0.7456815483940972	0.663046875
70B	0.75	mixed	20260826	0.7484950575086806	0.6655208333333333
70B	0.75	mixed	20260827	0.7470713758680556	0.6654166666666667
70B	0.75	mixed	20260828	0.7453452094184028	0.6633333333333333
70B	0.75	mixed	20260829	0.7459461317274305	0.6647395833333334
70B	0.75	mixed	20260830	0.7499841905381945	0.66625
