bank,model,layer,normalized_depth,pooled_auc,pooled_auc_ci_lo,pooled_auc_ci_hi,benchmark_auc,casual_auc,source_pair_auc_mean,source_pair_auc_min,format_effect_score,provenance_effect_score,provenance_x_format_interaction,interaction_ci_lo,interaction_ci_hi
provenance_v1,llama31_8b,0,0.0,0.5887399999999999,0.55954605,0.6179051249999999,0.587052,0.5883400000000001,0.5497408254792119,0.4834590517241379,0.5033257317263757,1.330194658858776,-0.014402277122432472,-0.5012284573167562,0.42147011235356324
provenance_v1,llama31_8b,1,0.03225806451612903,0.361018,0.3356757,0.38730749999999997,0.36746,0.347368,0.3640965348550891,0.3090228873239437,2.8764516260524857,-2.7947493073586074,1.1276562260037517,0.44429356455802915,1.8872980684041976
provenance_v1,llama31_8b,2,0.06451612903225806,0.353012,0.32958262499999996,0.37671175,0.38698,0.29206,0.3857290736072556,0.31603404832665716,-5.524318559329631,-3.742500907629108,3.232919306994885,2.4461101293563843,4.019646662473678
provenance_v1,llama31_8b,3,0.0967741935483871,0.49905000000000005,0.46905805000000006,0.5290641,0.529404,0.466252,0.48200373858641404,0.44162176724137925,0.275576168414319,-0.0710621498854982,1.554198650656146,0.5751264279242605,2.6736976578831673
provenance_v1,llama31_8b,4,0.12903225806451613,0.5650369999999999,0.534879525,0.597972875,0.537088,0.598888,0.5563952240262597,0.5307299905093324,3.4564676620245667,1.8294339886549498,-1.9658487909765627,-2.743836188316345,-1.237088418006897
provenance_v1,llama31_8b,5,0.16129032258064516,0.53813,0.5068749,0.569216625,0.5321239999999999,0.54532,0.5673110607352594,0.5175474867553947,1.9842773638804228,0.8938846020461542,-0.5614573828557798,-1.2097187846899033,0.0474381566047666
provenance_v1,llama31_8b,6,0.1935483870967742,0.363432,0.33618055,0.391223075,0.350856,0.376032,0.4100998652216606,0.32960330792092,-2.1794757132318914,-3.204099435059957,-0.6335607013860123,-1.397309049963951,0.19393624663352954
provenance_v1,llama31_8b,7,0.22580645161290322,0.454992,0.429114025,0.48166927499999995,0.42657999999999996,0.47331200000000007,0.4903935857861102,0.41092356893655513,-7.224663850873143,-1.0608519468803488,-0.7791877355072785,-1.3230215907096863,-0.17653855085372938
provenance_v1,llama31_8b,8,0.25806451612903225,0.329883,0.30410349999999997,0.357272575,0.351488,0.30047999999999997,0.3480609287695884,0.31551234009561957,-4.241566008409558,-4.071194542221487,1.824960792178837,1.2170549273490905,2.4866025805473324
provenance_v1,llama31_8b,9,0.2903225806451613,0.423346,0.3930919749999999,0.456099775,0.44397600000000004,0.403324,0.43130036347474277,0.39841031319202785,-1.1702161321788003,-2.005893378432254,1.0964045490299958,0.36638209223747253,1.8608066543936723
provenance_v1,llama31_8b,10,0.3225806451612903,0.47891300000000003,0.445047275,0.5128018249999999,0.488276,0.46796799999999994,0.5283443594231078,0.45581147435069136,0.5252690133642703,-0.7599858252993394,0.31143943666918267,-0.253419641405344,0.9034169293940066
provenance_v1,llama31_8b,11,0.3548387096774194,0.47174099999999997,0.440140725,0.5047059500000001,0.472904,0.469,0.49177347119632536,0.45458231037601765,1.5806296242588882,-0.868967856826572,0.08216539075736873,-0.557621854543686,0.7737164348363876
provenance_v1,llama31_8b,12,0.3870967741935484,0.71645,0.692194425,0.743407925,0.719316,0.7207319999999999,0.7040215493918509,0.6551724137931034,-2.2876619314772437,4.874347440207385,-0.5823201755382053,-1.1546313911676407,-0.007270669937133791
provenance_v1,llama31_8b,13,0.41935483870967744,0.5452039999999999,0.50949585,0.579372225,0.5584279999999999,0.5313840000000001,0.5740099441754927,0.5217195374079339,1.0528978849659947,0.7746477195203993,0.6415742354544441,0.13472202569246294,1.2019736245274542
provenance_v1,llama31_8b,14,0.45161290322580644,0.495642,0.46243497499999997,0.530116325,0.498388,0.49299200000000004,0.5552673004523105,0.4377600465176379,0.7845740179932561,-1.020178299563705,-0.09866458250344112,-0.6286846190690994,0.4730575680732727
provenance_v1,llama31_8b,15,0.4838709677419355,0.5391790000000001,0.5036783749999999,0.570919675,0.5493239999999999,0.529208,0.6010222848976968,0.48859671792221215,0.6032127486043568,0.6571500846571305,0.7201849595601346,0.2101861611008644,1.2282867137342692
provenance_v1,llama31_8b,16,0.5161290322580645,0.551112,0.517678,0.5854057,0.58726,0.514096,0.5719185972317216,0.4798965669014085,0.4697524272713624,0.9306669071664913,2.276465682581881,1.6689771823585033,2.8505220890045164
provenance_v1,llama31_8b,17,0.5483870967741935,0.615097,0.582882,0.64670785,0.68126,0.5454,0.639739488069273,0.545906690140845,1.6278209953018263,2.5443151379234337,4.642096087479957,4.003327994048595,5.237962818145752
provenance_v1,llama31_8b,18,0.5806451612903226,0.630964,0.600654925,0.661802375,0.706056,0.555352,0.6526172524211229,0.5520906690140845,1.608472420412837,3.7154562403190354,5.790790520075319,5.115058356523514,6.432998052239418
provenance_v1,llama31_8b,19,0.6129032258064516,0.556433,0.5218574250000001,0.5904677749999999,0.591248,0.520624,0.5395090180835089,0.4678367077464789,0.41818807885114684,1.200631812069681,2.6341929211252113,1.957737074792385,3.344106265902519
provenance_v1,llama31_8b,20,0.6451612903225806,0.6647639999999999,0.630495625,0.6961708999999999,0.694952,0.633416,0.6517532166762835,0.5795444542253521,-0.3925846484431144,5.457731079953645,2.7409206202184113,2.0751918626949193,3.40532423555851
provenance_v1,llama31_8b,21,0.6774193548387096,0.674828,0.641713175,0.706349025,0.71288,0.6341000000000001,0.6658428982627177,0.6069652288732393,0.09206924096163394,5.69703303616461,3.242084049645361,2.516436429321766,3.9435130476951596
provenance_v1,llama31_8b,22,0.7096774193548387,0.7374340000000001,0.7067825999999999,0.7661076499999999,0.7783440000000001,0.6942080000000002,0.7368659042548156,0.7318807339449542,0.5616219184810001,7.955267914566537,3.793791347609945,3.0282821342349053,4.539285981655121
provenance_v1,llama31_8b,23,0.7419354838709677,0.7786379999999999,0.7489039000000001,0.8055669999999999,0.806444,0.7491160000000001,0.7826130215829141,0.7711927816901409,-0.32559474182395287,9.980769424758517,3.517879102613696,2.7613678559660912,4.269830697774887
provenance_v1,llama31_8b,24,0.7741935483870968,0.726259,0.694431325,0.7561135500000001,0.75688,0.6947040000000001,0.719987319146809,0.6876540492957746,-0.4366355769010717,8.369164338518408,2.955162116700532,2.2210483752191066,3.7299640387296673
provenance_v1,llama31_8b,25,0.8064516129032258,0.7328030000000001,0.7034619499999999,0.76152285,0.760288,0.704804,0.7263930802367988,0.688468309859155,0.39433122629010775,8.670360984415723,3.0268187457239346,2.266871476173401,3.8492389291524884
provenance_v1,llama31_8b,26,0.8387096774193549,0.7023589999999998,0.670816675,0.7311534499999999,0.735816,0.66816,0.6861389173482051,0.6107834507042254,1.1088739511566978,7.747457817988838,3.175430108527288,2.481578522361815,3.959912538528442
provenance_v1,llama31_8b,27,0.8709677419354839,0.7491140000000001,0.7200914,0.7757368,0.7784880000000001,0.718208,0.7418303145997545,0.679962588028169,0.6384890910195733,9.385874136581439,2.980523581009133,2.301588685065508,3.686433178186417
provenance_v1,llama31_8b,28,0.9032258064516129,0.712193,0.6805427749999999,0.7401539250000001,0.7357800000000001,0.689208,0.7208057264816359,0.6613996478873241,1.3930857533497578,8.09944622553125,2.451760883225808,1.7333675980567933,3.1735650572518352
provenance_v1,llama31_8b,29,0.9354838709677419,0.72622,0.6948456000000001,0.753596875,0.751192,0.701856,0.7217704299985297,0.6751210387323944,0.8913197786171181,8.762521630843736,2.7892234615261096,2.097274925559759,3.503038004040718
provenance_v1,llama31_8b,30,0.967741935483871,0.734407,0.7039095,0.763164175,0.758316,0.710224,0.7308236631609492,0.6804577464788731,0.5416559293834418,8.853444091821594,2.5592189005573673,1.8417219132184983,3.22608994692564
provenance_v1,llama31_8b,31,1.0,0.7466389999999999,0.7184986750000001,0.774983375,0.774436,0.719368,0.7263428124902531,0.6947403169014084,0.9317293084401674,9.601965784959148,3.073799964354833,2.3006982181221245,3.76664417386055
provenance_v1,llama31_70b,0,0.0,0.481136,0.44756285,0.5142433249999999,0.53494,0.42835599999999996,0.48227781798748837,0.46209269218601706,-0.36198518396866775,-0.22646595958268714,1.2041218096528477,0.9187026356346906,1.4826580159366132
provenance_v1,llama31_70b,1,0.012658227848101266,0.41866800000000004,0.39166615,0.4462524,0.38816399999999995,0.42108399999999996,0.41638577199813076,0.38473811619718307,-5.436359228995622,-1.8389959835119876,0.16829742036105255,-0.4349315881729126,0.7645702123641966
provenance_v1,llama31_70b,2,0.02531645569620253,0.41910500000000006,0.3906484,0.44598977500000003,0.381288,0.448,0.4223357754930803,0.3927816901408451,-3.21724470677547,-1.9502920019875354,-1.101780892267605,-1.9560251235961914,-0.25729964971542363
provenance_v1,llama31_70b,3,0.0379746835443038,0.438477,0.411567075,0.46333027499999996,0.4193760000000001,0.445328,0.4277774735748404,0.4051276408450704,-7.406404501267616,-1.872999602210721,-0.8815794915555308,-2.0581818222999573,0.3084260940551754
provenance_v1,llama31_70b,4,0.05063291139240506,0.589183,0.562419975,0.6173070500000001,0.58086,0.613732,0.5499610029432765,0.47510775862068966,-3.967466016249389,2.277924619345534,-1.2129912816845616,-2.084855538606644,-0.2844291210174561
provenance_v1,llama31_70b,5,0.06329113924050633,0.56633,0.5398759000000001,0.5946362,0.575488,0.557596,0.5298015079314466,0.46589439655172415,-5.060311514156968,2.5441389961400893,0.6338654059933484,-0.5497602343559265,1.8457939505577086
provenance_v1,llama31_70b,6,0.0759493670886076,0.538489,0.5120376,0.565435575,0.554848,0.52308,0.5139211329498264,0.46128771551724135,-5.9545436720964275,1.5359109049038087,1.063721886935502,-0.05312582254409789,2.3134559750556942
provenance_v1,llama31_70b,7,0.08860759493670886,0.55367,0.5233873499999999,0.5835597,0.585892,0.524324,0.5199754740878042,0.45824353448275856,-1.8506927978968413,1.445267335274205,1.0394134452803139,0.2767685890197754,1.8451732754707335
provenance_v1,llama31_70b,8,0.10126582278481013,0.653375,0.6263354499999999,0.682765375,0.655468,0.6560839999999999,0.6312476946909629,0.598206426056338,-0.7370713857200921,3.6768120686620684,-1.3740323849937424,-2.1526185996830463,-0.5899300619959832
provenance_v1,llama31_70b,9,0.11392405063291139,0.6306069999999999,0.6027561,0.6614027,0.597676,0.663948,0.621361953430286,0.6022359913793105,0.1309085992509278,3.005404576978154,-1.4518136182826222,-2.2204011619091033,-0.6828345336019994
provenance_v1,llama31_70b,10,0.12658227848101267,0.5749409999999999,0.54512245,0.604532525,0.556244,0.588784,0.565674953584008,0.5337367957746479,3.4378728954894524,1.0652871649227946,-0.5423614118326658,-1.0379985094070434,-0.017238998413086043
provenance_v1,llama31_70b,11,0.13924050632911392,0.593538,0.5639972,0.6230470750000001,0.6746160000000001,0.518396,0.5908546902360859,0.582623922413793,2.566290148018032,1.474276715780432,2.3049341119895956,1.80033198595047,2.854445368051529
provenance_v1,llama31_70b,12,0.1518987341772152,0.595827,0.5674344250000001,0.6265943,0.664888,0.532456,0.6122873833229924,0.5871075074299005,-0.5430624212698545,1.6030657795423888,2.0390788540062625,1.5147777173202486,2.5889694705605506
provenance_v1,llama31_70b,13,0.16455696202531644,0.601795,0.575094125,0.632489925,0.6780079999999999,0.536076,0.6061301552593003,0.5981182969375889,-2.0490945491017625,1.9227012702513004,2.2844218097837103,1.6986268609762192,2.8818933233618735
provenance_v1,llama31_70b,14,0.17721518987341772,0.8272140000000001,0.80491995,0.8488522,0.810056,0.849156,0.8148521262172449,0.7945851293103448,1.5913210772174435,6.646600400976585,-1.915686307232542,-2.444681441038847,-1.4067703530192377
provenance_v1,llama31_70b,15,0.189873417721519,0.8231769999999999,0.8008294,0.846379975,0.8375559999999999,0.825912,0.8202469505521741,0.8058868838028169,2.9575326443544903,7.916601919957095,-0.9378916623407494,-1.5373164474964143,-0.4076348304748537
provenance_v1,llama31_70b,16,0.20253164556962025,0.7677970000000001,0.7422709249999999,0.793149525,0.81246,0.7340679999999999,0.7744684291538935,0.7392605633802817,1.5741004750491046,5.085396927445839,0.29735004334757087,-0.2927919268608093,0.8421919792890549
provenance_v1,llama31_70b,17,0.21518987341772153,0.5702590000000001,0.5416111250000001,0.5977383,0.654996,0.5007,0.5742536733868093,0.461993838028169,2.5266029701166346,1.108260105752625,2.7513583752917268,2.1712223440408707,3.3601851880550386
provenance_v1,llama31_70b,18,0.22784810126582278,0.520424,0.4912932,0.548036575,0.538524,0.504568,0.5233946886097509,0.478125,1.863699720947721,0.34237765141054954,0.8460990856938577,0.14158311784267427,1.5630528047680852
provenance_v1,llama31_70b,19,0.24050632911392406,0.706946,0.6829557250000001,0.7328386000000001,0.700472,0.734956,0.6874574627404971,0.6484644396551725,3.73327889880921,4.338782608827792,-0.14858683155530716,-0.8710971713066101,0.5248502433300019
provenance_v1,llama31_70b,20,0.25316455696202533,0.670363,0.6462657500000001,0.6941368749999999,0.7258479999999999,0.653844,0.6601856185406093,0.6394665948275862,6.022988847950419,3.8302785849236707,1.6564201802972498,0.9433076024055481,2.3261411666870115
provenance_v1,llama31_70b,21,0.26582278481012656,0.655375,0.6288353,0.683042525,0.7364160000000001,0.568728,0.6370472813400889,0.5992995689655172,3.1425511932833157,3.73684497591862,4.690348946607902,3.8616935193538664,5.482874964922666
provenance_v1,llama31_70b,22,0.27848101265822783,0.6625009999999999,0.6374006750000001,0.6874093499999999,0.796764,0.555756,0.650327171129434,0.618838028169014,5.585270527568385,3.96508395588819,5.989643691937479,5.2637724578380585,6.735517513751984
provenance_v1,llama31_70b,23,0.2911392405063291,0.795273,0.7736095000000001,0.8191569250000001,0.8845719999999999,0.697584,0.7621253302796851,0.6985183189655173,2.0511291709587653,7.64908652230158,7.071585009699399,6.408297806978226,7.786290991306305
provenance_v1,llama31_70b,24,0.3037974683544304,0.795493,0.7728275500000001,0.8195718000000001,0.87932,0.69526,0.753735124534378,0.6715517241379311,1.1030565696039853,8.232611859514371,7.468004951548122,6.699630641937256,8.23654637336731
provenance_v1,llama31_70b,25,0.31645569620253167,0.834542,0.8131721500000001,0.8570369,0.889116,0.7693519999999999,0.7940722124088249,0.7124191810344827,-0.566124522875147,9.29164495692913,6.120940385284204,5.376133453845978,6.920959854125976
provenance_v1,llama31_70b,26,0.3291139240506329,0.8435109999999999,0.8208679249999999,0.865868,0.8859199999999999,0.797632,0.8089119157168574,0.7353717672413793,0.624092601905293,10.15898587402221,5.766410214879839,5.036751830577851,6.561368489265442
provenance_v1,llama31_70b,27,0.34177215189873417,0.826109,0.804123975,0.8499805500000001,0.8712440000000001,0.783764,0.8023325106394059,0.7505926724137931,2.0723314065461933,8.810101508127179,3.1980348355159203,2.6433177277445794,3.8430898008868097
provenance_v1,llama31_70b,28,0.35443037974683544,0.759028,0.73360675,0.786933925,0.815052,0.7104840000000001,0.7136091582365516,0.6071390086206897,3.3877957377359387,7.586231482748255,2.955157777761216,2.3108348309993745,3.6293391585350037
provenance_v1,llama31_70b,29,0.3670886075949367,0.7894460000000001,0.7654187499999999,0.815483125,0.8256239999999999,0.7639680000000001,0.748614376989754,0.6567887931034483,3.0461130223729747,8.442726963965669,3.2705565463991584,2.626972046494484,3.9383816078305243
provenance_v1,llama31_70b,30,0.379746835443038,0.748579,0.723487675,0.7771461499999999,0.811368,0.696036,0.7027697570118989,0.6009428879310346,3.26389593193034,7.11769376871486,3.8688429248225757,3.2058754324913026,4.5583375751972195
provenance_v1,llama31_70b,31,0.3924050632911392,0.7603570000000001,0.735516175,0.7882283750000001,0.806004,0.7147000000000001,0.7175892703729098,0.6292295258620689,1.4601295513326678,6.683692876087846,3.115350902811114,2.4254473162814976,3.8478481315076345
provenance_v1,llama31_70b,32,0.4050632911392405,0.747081,0.7221574250000001,0.7764202,0.8005879999999999,0.689264,0.6821841288010011,0.5615571120689655,0.6598066153518691,7.108908342862318,4.457955141159529,3.7054413974285128,5.241372346878052
provenance_v1,llama31_70b,33,0.4177215189873418,0.734835,0.7112838499999999,0.7627958750000001,0.792664,0.672152,0.6731962692946273,0.5592133620689654,1.07723341227817,6.635037257270098,4.815847957881022,4.067527662217617,5.630327498912811
provenance_v1,llama31_70b,34,0.43037974683544306,0.7238580000000001,0.6982028250000001,0.752439575,0.8225,0.611592,0.6730918463664779,0.5719288793103448,1.598767008720261,6.37581793447275,7.261863706061005,6.571292814612389,7.998001044988632
provenance_v1,llama31_70b,35,0.4430379746835443,0.722265,0.695676125,0.7486840499999999,0.8331520000000001,0.6056360000000001,0.6807310713677033,0.6119342672413792,3.2337085765048474,6.515084785024218,7.152510286726975,6.523523534275592,7.769760255515576
provenance_v1,llama31_70b,36,0.45569620253164556,0.750721,0.72548635,0.77463735,0.883424,0.628024,0.713396957542073,0.6522898706896553,5.355368506161376,8.117061965551395,8.796359826041881,8.174311414361,9.40640539675951
provenance_v1,llama31_70b,37,0.46835443037974683,0.74249,0.7147034750000001,0.7685049250000001,0.833852,0.6567799999999999,0.7129146875877219,0.6384903169014085,3.554091111802651,7.7545114017099355,6.585580570424298,5.967562597990036,7.195685272477567
provenance_v1,llama31_70b,38,0.4810126582278481,0.769054,0.7420236750000001,0.795304425,0.8520040000000001,0.7004519999999999,0.7419786776406223,0.7,4.519880244515717,9.055529764086717,6.497368658407244,5.88232544362545,7.118673771619797
provenance_v1,llama31_70b,39,0.4936708860759494,0.771102,0.7448958124999999,0.7949745999999999,0.874448,0.6851640000000001,0.732803496327936,0.663604525862069,5.769725223153347,9.467417818938735,7.824379520816909,7.219624465703964,8.406465876102446
provenance_v1,llama31_70b,40,0.5063291139240507,0.751191,0.7247650749999999,0.776209975,0.8698,0.642056,0.7135037884695073,0.6507273706896551,5.614652661645763,9.174020863653563,9.101090252717281,8.449549621343612,9.737046538293361
provenance_v1,llama31_70b,41,0.5189873417721519,0.7692239999999999,0.7444715000000001,0.793813925,0.879616,0.6719120000000001,0.7229592889212052,0.6428609913793104,5.6799850796395095,9.49120312003533,8.593467461050638,7.978997138142586,9.201427873969077
provenance_v1,llama31_70b,42,0.5316455696202531,0.7667210000000001,0.7420189500000001,0.790639325,0.891124,0.6486080000000001,0.7202297830054114,0.6394127155172414,5.494922855828277,9.299487592205107,9.641457478248471,9.048442892730236,10.23531049489975
provenance_v1,llama31_70b,43,0.5443037974683544,0.801862,0.7783598749999999,0.825490025,0.901752,0.701456,0.7515482686981187,0.6604525862068966,4.634388978033482,10.83569462710452,9.266605533077316,8.687589330598712,9.85038480889052
provenance_v1,llama31_70b,44,0.5569620253164557,0.812966,0.791478525,0.8358465500000001,0.894944,0.7279599999999999,0.7680878419689682,0.6820043103448277,3.9644015551252796,11.573011837184872,8.288155235837019,7.7284873517230155,8.920048317313194
provenance_v1,llama31_70b,45,0.569620253164557,0.7790679999999999,0.7556286,0.8034371750000001,0.8652800000000002,0.695948,0.731973735628935,0.6478987068965518,4.45842721191231,10.045861837348093,7.692554918145271,7.073767605423927,8.359070401638746
provenance_v1,llama31_70b,46,0.5822784810126582,0.7842420000000001,0.761155025,0.8082244,0.867812,0.702808,0.73587755152196,0.6487068965517242,4.4168172890061115,10.395453298737596,7.745389503690316,7.117291547358036,8.390557396411896
provenance_v1,llama31_70b,47,0.5949367088607594,0.7647480000000001,0.740978475,0.7908453000000001,0.8574160000000001,0.675224,0.7201937013074174,0.644019396551724,4.828039947892816,9.43403342373011,8.175708489387281,7.524546332657337,8.820976109802723
provenance_v1,llama31_70b,48,0.6075949367088608,0.768431,0.7441434250000001,0.7945192,0.8608399999999999,0.671536,0.7283845905033173,0.6616109913793102,4.064668333707857,9.717183015032644,8.543015441189581,7.9352232661098245,9.206899927183986
provenance_v1,llama31_70b,49,0.620253164556962,0.7716810000000001,0.7476589749999999,0.797707775,0.8613559999999999,0.6783079999999999,0.7341013043819704,0.6681573275862068,4.189148366162035,9.534929990452,8.038007619147983,7.416977940872312,8.661315244436263
provenance_v1,llama31_70b,50,0.6329113924050633,0.772501,0.74835285,0.7993646249999999,0.864304,0.6778119999999999,0.7406771466299776,0.6833782327586208,4.344071202067381,9.721091515969912,8.219129105728172,7.591657984256744,8.86012092391029
provenance_v1,llama31_70b,51,0.6455696202531646,0.7580169999999999,0.733475375,0.78464215,0.854608,0.662044,0.7318495805085973,0.6816002155172414,4.465593167305535,9.1559522798319,8.344127667598668,7.663620271533728,8.989922985201702
provenance_v1,llama31_70b,52,0.6582278481012658,0.7710539999999999,0.747536025,0.799165275,0.86254,0.682212,0.7488904231701503,0.7044450431034484,4.757250930608593,9.71488265211643,8.15323901416448,7.489172923564911,8.801201234757901
provenance_v1,llama31_70b,53,0.6708860759493671,0.769268,0.7450635000000001,0.794408275,0.864216,0.681836,0.7500780994144637,0.711584051724138,5.345736265145834,9.87609814649202,8.096344377004435,7.431686815619469,8.703026354312897
provenance_v1,llama31_70b,54,0.6835443037974683,0.7804869999999999,0.7566911999999999,0.805338675,0.8709640000000001,0.697828,0.7626189396741092,0.7265894396551724,5.229703147989703,10.242084376112174,7.90089931192477,7.213015002012253,8.580147954821587
provenance_v1,llama31_70b,55,0.6962025316455697,0.785455,0.7623173000000001,0.809353875,0.881068,0.6981959999999999,0.7675052601774042,0.732677801724138,5.4055813523903025,10.496381599303412,8.29451063636485,7.622627905011177,8.94892310500145
provenance_v1,llama31_70b,56,0.7088607594936709,0.7541869999999999,0.729255,0.78129535,0.856236,0.6592959999999999,0.7411169063027724,0.7198006465517242,5.325894143903014,9.40466155361861,8.285697916834922,7.6092506647109985,8.887589152157307
provenance_v1,llama31_70b,57,0.7215189873417721,0.756722,0.731086775,0.78283515,0.854476,0.664516,0.7430278665129817,0.7186422413793103,4.784709466301185,9.078831682274842,7.842555393397195,7.188923895359039,8.43294417411089
provenance_v1,llama31_70b,58,0.7341772151898734,0.751259,0.7253989750000001,0.777498025,0.8529399999999999,0.6560680000000001,0.7363068698592219,0.7100484913793103,5.065618561859128,8.821328802033378,8.042429517117359,7.380843362212181,8.605883295834065
provenance_v1,llama31_70b,59,0.7468354430379747,0.7599199999999999,0.7338012500000001,0.78643725,0.854064,0.672568,0.7525673658468527,0.7384159482758621,4.944788858770115,9.117479343253663,7.699509340675293,7.034178641438484,8.260755330324173
provenance_v1,llama31_70b,60,0.759493670886076,0.7063029999999999,0.678028625,0.7339074250000001,0.8080960000000001,0.608052,0.7040233856327223,0.7008351293103449,4.590260269179022,6.678250086022629,7.286312830756486,6.643051660060882,7.869910970330238
provenance_v1,llama31_70b,61,0.7721518987341772,0.71411,0.68639065,0.741442175,0.819344,0.6110559999999999,0.7157584050749451,0.7043696614995255,4.465862324413685,6.902963837906283,7.411510639013323,6.732132086157799,8.024335439503194
provenance_v1,llama31_70b,62,0.7848101265822784,0.710656,0.683477075,0.7375354999999999,0.82572,0.600596,0.710684170120772,0.7100572183098592,5.106312716790949,6.9471769250920925,7.957747675701041,7.235276940464973,8.608087269961834
provenance_v1,llama31_70b,63,0.7974683544303798,0.7159,0.688420275,0.7403929499999999,0.8276880000000001,0.6085160000000001,0.7167945705612192,0.7146692079079984,4.7670508669635,6.950930592737559,7.697695634234757,7.019607123732567,8.344806338101625
provenance_v1,llama31_70b,64,0.810126582278481,0.7134290000000001,0.6869563500000001,0.737934875,0.827936,0.60294,0.7108479088506044,0.7053609913793104,5.104390584899876,6.772513364984522,7.85970511587745,7.173762604594231,8.49803219884634
provenance_v1,llama31_70b,65,0.8227848101265823,0.704071,0.6775349500000001,0.729353025,0.823428,0.5918399999999999,0.7006622424458964,0.6907031002847199,5.451927783367626,6.538665268476368,7.815026139767594,7.123067313432694,8.466943475604058
provenance_v1,llama31_70b,66,0.8354430379746836,0.7032039999999999,0.676180075,0.728579775,0.8139360000000001,0.601512,0.6874381830816041,0.6593749999999999,5.312655315712562,6.476123325630394,7.243322517311341,6.5736689358949665,7.882402557134628
provenance_v1,llama31_70b,67,0.8481012658227848,0.6935330000000001,0.6664553499999999,0.7209420750000001,0.7984,0.593308,0.6733082799877801,0.6403825431034483,4.854607277966455,5.998817664878062,6.865647459367322,6.176945516467095,7.500258895754814
provenance_v1,llama31_70b,68,0.8607594936708861,0.672183,0.64529855,0.6994589999999999,0.7825559999999998,0.566276,0.6567454247491433,0.6297952586206896,4.906589287232009,5.196927814754032,6.7316906552146225,6.01774111688137,7.350796002149582
provenance_v1,llama31_70b,69,0.8734177215189873,0.6574260000000001,0.6286948,0.684498325,0.765432,0.548324,0.6389997667016811,0.6100754310344828,4.2797987188020805,4.742693353353389,6.793248131220288,6.108717477321624,7.457937258481979
provenance_v1,llama31_70b,70,0.8860759493670886,0.626832,0.597872675,0.653421425,0.748056,0.503672,0.6081250603957897,0.5798525528169014,4.707136412011666,3.7719579646002384,7.177832676747604,6.49654096364975,7.842469556629657
provenance_v1,llama31_70b,71,0.8987341772151899,0.595869,0.56673085,0.623052375,0.7213160000000001,0.468004,0.5670466385687584,0.5135453345070423,4.7335879373591405,2.809855100607156,7.168633479688145,6.48055619597435,7.844759333133697
provenance_v1,llama31_70b,72,0.9113924050632911,0.6071230000000001,0.578759375,0.6331376,0.7362000000000001,0.477092,0.5761848174522459,0.5342759683098591,5.112474143373022,3.1350966213218103,7.447673016587477,6.712804931402206,8.137938410043716
provenance_v1,llama31_70b,73,0.9240506329113924,0.616492,0.5880534249999999,0.6430229,0.745364,0.48746,0.5865794271819624,0.5452047413793103,5.123289343974613,3.4144075274574606,7.470612292712977,6.748457723855973,8.155474743247032
provenance_v1,llama31_70b,74,0.9367088607594937,0.62049,0.5905281750000001,0.6471055750000001,0.743448,0.497448,0.5990704304719492,0.5690193965517242,5.033575040108558,3.627535488162548,7.2953575406623,6.5800829350948336,7.99851123392582
provenance_v1,llama31_70b,75,0.9493670886075949,0.6241869999999999,0.5939390999999999,0.652162425,0.7378560000000001,0.5098639999999999,0.6140641621896039,0.599542025862069,4.165520209081242,3.6223641174061587,6.694513815060998,6.044033047556877,7.411080986261368
provenance_v1,llama31_70b,76,0.9620253164556962,0.6236510000000001,0.59298145,0.651999525,0.728556,0.519388,0.6094859272240132,0.5882004310344828,4.16859994680577,3.6385737145421335,6.219366053616926,5.57346148788929,6.901104308664799
provenance_v1,llama31_70b,77,0.9746835443037974,0.644695,0.6128632250000001,0.6744359249999999,0.7432759999999999,0.552044,0.6388541371359683,0.6243265086206897,4.590135239371297,4.320896005870902,5.832091626808346,5.188860085606575,6.547553157806396
provenance_v1,llama31_70b,78,0.9873417721518988,0.624615,0.5955582,0.6555989999999999,0.7331279999999999,0.522752,0.616226425452032,0.5914425814615627,4.928558423903711,3.8776744619692844,6.39598320663072,5.702068445086479,7.097519496083259
provenance_v1,llama31_70b,79,1.0,0.660253,0.6306847000000001,0.69007815,0.745724,0.581244,0.6463553647195575,0.615301724137931,4.414058587782349,5.513663838022665,5.770355176106199,5.064012160897255,6.491495433449745
provenance_v1,llama33_70b,0,0.0,0.517883,0.48448722499999997,0.5522971999999999,0.565292,0.470812,0.519940186933846,0.4844629863967099,0.22245624098454186,0.2181122833177067,1.1094907398218734,0.7899820284917951,1.4111649975180625
provenance_v1,llama33_70b,1,0.012658227848101266,0.44218499999999994,0.41243425,0.46988947499999995,0.436476,0.440448,0.43004315374909213,0.40612896126760556,-3.489184923644145,-1.2745280809098887,0.28384593132932245,-0.4168985724449158,0.9684406638145442
provenance_v1,llama33_70b,2,0.02531645569620253,0.43871699999999997,0.411617725,0.46445007499999996,0.418276,0.45215600000000006,0.4267417110172503,0.3945532570422535,-4.454375242027964,-1.7720814731197037,-0.586520920903534,-1.5372356832027436,0.36634002923965453
provenance_v1,llama33_70b,3,0.0379746835443038,0.40121299999999993,0.377995225,0.42378484999999994,0.379776,0.38318800000000003,0.40391545296076525,0.3727332746478873,-10.211732892160068,-3.1058633271164977,-0.1242448305517776,-1.1738506078720092,0.9835806608200072
provenance_v1,llama33_70b,4,0.05063291139240506,0.540141,0.51322435,0.56831325,0.5378080000000001,0.55184,0.5264245974403046,0.4920797413793103,-5.54754982090318,0.9491290588678415,-0.5844808075547832,-1.2826684236526489,0.165098202228546
provenance_v1,llama33_70b,5,0.06329113924050633,0.532881,0.5051823,0.5611251,0.554516,0.5100680000000001,0.4913078327108332,0.4158135775862069,-4.288897795125592,1.216689244100012,1.2704045867675933,0.19650365114212037,2.3348691105842585
provenance_v1,llama33_70b,6,0.0759493670886076,0.475254,0.4475363,0.504403175,0.52572,0.41866000000000003,0.44099199057839605,0.3811691810344828,-2.42322025458006,-0.5751626913362351,2.7953975038208947,1.9023994237184525,3.6829896047711372
provenance_v1,llama33_70b,7,0.08860759493670886,0.521336,0.49124337500000004,0.5485562999999999,0.590096,0.461232,0.5340672094791941,0.5145561442046777,3.8811540389181807,0.4296594991137357,2.3175380742171754,1.5728235483169555,3.0504752695560446
provenance_v1,llama33_70b,8,0.10126582278481013,0.6481349999999999,0.619582625,0.6760620999999999,0.665752,0.6450600000000001,0.6350310792905169,0.6143049568965517,3.7909775994787998,3.578720813660537,-1.3178629288444097,-2.081042152643204,-0.5024864494800569
provenance_v1,llama33_70b,9,0.11392405063291139,0.669644,0.64054075,0.69784695,0.655736,0.68622,0.6610890429575237,0.6402209051724138,1.964332911004107,3.852109143391649,-1.648188950829094,-2.338448965549469,-0.9163886249065399
provenance_v1,llama33_70b,10,0.12658227848101267,0.555704,0.52596365,0.5881983000000001,0.557788,0.5497879999999999,0.5701190994531727,0.5465951673342809,2.297256963030943,0.7373892773368651,0.21062605929761657,-0.33223227262496946,0.795188197493553
provenance_v1,llama33_70b,11,0.13924050632911392,0.5508149999999999,0.5212566,0.581121675,0.6056279999999998,0.5081640000000001,0.5691802608248749,0.5419417883447474,-0.9545921143556981,0.9225822206665022,1.3049817068796528,0.7183988392353058,1.9411132449342403
provenance_v1,llama33_70b,12,0.1518987341772152,0.576101,0.5486970000000001,0.606406925,0.618688,0.544116,0.5952641207097059,0.5685182194081922,-2.6844297337834275,1.4902973882377504,1.213231844334417,0.5715321183204651,1.8541412353515625
provenance_v1,llama33_70b,13,0.16455696202531644,0.519558,0.49418825,0.546501325,0.588572,0.45552,0.5334138610530631,0.512110737821424,-5.216526825668444,0.5319351048007572,2.5897754895337166,1.9201767206192017,3.2770870149135587
provenance_v1,llama33_70b,14,0.17721518987341772,0.7259199999999999,0.70107145,0.7533988500000001,0.7296400000000001,0.734656,0.7215567855487879,0.6859577665295793,-2.335426491353291,4.362785336515902,-0.6795877200188889,-1.2471820890903473,-0.14648893475532546
provenance_v1,llama33_70b,15,0.189873417721519,0.842249,0.8208194499999999,0.8635550000000001,0.8743319999999999,0.813608,0.8278963384069047,0.8047683189655174,0.6789832595872358,7.971384741660286,0.12958518689462328,-0.42793329954147336,0.6682751119136809
provenance_v1,llama33_70b,16,0.20253164556962025,0.750605,0.7240703,0.7776991249999998,0.7819719999999999,0.7232800000000001,0.7318029434714901,0.7026408450704225,0.3835487985411228,4.653211600717844,0.04434855365391294,-0.44185692742466925,0.5214327514171601
provenance_v1,llama33_70b,17,0.21518987341772153,0.6749080000000001,0.64573245,0.7035927249999999,0.7415480000000001,0.613332,0.6716801896379065,0.5631161971830986,1.7212452562014513,3.062004512751415,1.9290452419469588,1.4122976779937744,2.460615600645542
provenance_v1,llama33_70b,18,0.22784810126582278,0.590862,0.5588356000000001,0.621048875,0.619348,0.571164,0.572785121909685,0.5433978873239437,1.9694417508563333,1.5023669919894367,0.22892797379536645,-0.25139755904674527,0.7527605146169662
provenance_v1,llama33_70b,19,0.24050632911392406,0.770028,0.7451138,0.794834975,0.76582,0.7850039999999999,0.7364355433504618,0.6591325431034483,2.3023193384154164,5.473402092770835,-0.5224481005013493,-1.0459198951721191,0.010153609514236389
provenance_v1,llama33_70b,20,0.25316455696202533,0.772678,0.74917075,0.7947744750000001,0.770912,0.806608,0.761714684162393,0.713148528946536,4.078326126032189,5.976097007143086,-0.9475638493637377,-1.5551868557929993,-0.31577684879302986
provenance_v1,llama33_70b,21,0.26582278481012656,0.683694,0.65624695,0.7101322000000001,0.7440199999999999,0.6454719999999999,0.6498102562703013,0.5721443965517241,5.006224228786298,4.746794304755875,1.5020048183554362,0.8214304566383362,2.216906172037125
provenance_v1,llama33_70b,22,0.27848101265822783,0.7074819999999999,0.6831059749999999,0.7315265249999999,0.814344,0.6507919999999999,0.6759717978465541,0.6106950431034482,6.807979754029953,5.337104001247306,3.129976238873324,2.5413024067878722,3.747254765033722
provenance_v1,llama33_70b,23,0.2911392405063291,0.7316590000000001,0.7068656,0.7576926500000001,0.8500839999999998,0.6082839999999999,0.6902175633880792,0.6053071120689655,3.358527832474989,5.850471852758682,6.469377131053106,5.863453010842204,7.088365939259529
provenance_v1,llama33_70b,24,0.3037974683544304,0.6734390000000001,0.64658755,0.7021361999999999,0.809576,0.5206959999999999,0.6487869531726901,0.5938038793103448,2.055420701890019,4.573190142179736,7.507185426929575,6.692880842089653,8.303619176149368
provenance_v1,llama33_70b,25,0.31645569620253167,0.766109,0.7429261750000001,0.7904397,0.8741079999999999,0.644512,0.7371986954996748,0.6742456896551725,2.3742080935724714,7.566491565548022,7.444580837700751,6.61492397710681,8.302447053790093
provenance_v1,llama33_70b,26,0.3291139240506329,0.7363480000000001,0.7123904249999999,0.7624565,0.812928,0.646868,0.7225243522090309,0.65241221132553,1.8075674610234205,7.003106754416612,5.835029086649035,5.018842168152332,6.726553139090538
provenance_v1,llama33_70b,27,0.34177215189873417,0.683488,0.656124175,0.712410025,0.7354959999999999,0.626956,0.6732792177774016,0.5908770958557419,1.292522881066134,5.431412759858762,3.247086459933054,2.4025006499141455,4.117989192903042
provenance_v1,llama33_70b,28,0.35443037974683544,0.7192970000000001,0.6951413750000001,0.7461983249999999,0.7960720000000001,0.648784,0.691089084207674,0.6141410945903194,4.969736170583173,6.996578846111705,4.4372190644657,3.654331260919571,5.181960135698318
provenance_v1,llama33_70b,29,0.3670886075949367,0.691102,0.66490885,0.7204479500000001,0.74364,0.634868,0.6678771816282064,0.5858430876304968,1.1675510089582621,5.762431255540195,3.440381482226135,2.604255598410964,4.351421573758126
provenance_v1,llama33_70b,30,0.379746835443038,0.6928969999999999,0.665829125,0.723687325,0.741804,0.642292,0.6606009910200685,0.5859644396551723,0.5827744404829767,5.822029134710027,2.6197747859248195,1.8453275511972607,3.444198825955391
provenance_v1,llama33_70b,31,0.3924050632911392,0.787683,0.7653800000000001,0.8119745500000001,0.802968,0.77396,0.767724560423081,0.7268857758620689,-0.03250695231674916,8.090864837815282,2.229091362482772,1.497961089760065,3.0581812411546707
provenance_v1,llama33_70b,32,0.4050632911392405,0.7892659999999999,0.766958125,0.8148012749999999,0.8429360000000001,0.732112,0.7590795401412349,0.7059536637931034,2.373787379618571,8.833003983705837,4.575439062123875,3.7679680779576303,5.417748676985502
provenance_v1,llama33_70b,33,0.4177215189873418,0.7857850000000001,0.763325825,0.811807925,0.838784,0.732456,0.7584321407874246,0.7108028017241379,3.2892479850151037,9.029459777165954,4.92989885216066,4.0525988563895226,5.834535287320613
provenance_v1,llama33_70b,34,0.43037974683544306,0.732367,0.7059137500000001,0.76078485,0.822504,0.632904,0.7093865630959515,0.6613415948275861,2.7061021214300345,7.479793291126961,7.3978910390346995,6.569615295529365,8.346558612585067
provenance_v1,llama33_70b,35,0.4430379746835443,0.7556999999999999,0.730047275,0.782143675,0.851016,0.6758679999999999,0.7238983068223084,0.6730064655172414,5.242639614522355,9.107698319734741,6.7439815107582675,5.871898448467254,7.645713835954666
provenance_v1,llama33_70b,36,0.45569620253164556,0.7381390000000001,0.7123585250000001,0.7643859,0.851428,0.6435280000000001,0.708282980591752,0.6540678879310344,6.048751650901476,8.347436048139567,7.488994516943341,6.685288602113724,8.320436653494834
provenance_v1,llama33_70b,37,0.46835443037974683,0.687447,0.6595002249999999,0.7143404250000001,0.799816,0.6057600000000001,0.6667381039787841,0.6127640845070422,6.227460531029052,6.856074255910987,6.267336362910756,5.509958881139755,7.058859026432037
provenance_v1,llama33_70b,38,0.4810126582278481,0.6480710000000001,0.619723225,0.6768855749999999,0.790788,0.54896,0.6505036408392223,0.6049075704225353,8.24653738794218,5.933028797219641,8.283554802609471,7.442993187904358,9.124089413881302
provenance_v1,llama33_70b,39,0.4936708860759494,0.66519,0.63899725,0.6935353,0.808556,0.551736,0.6593845075504833,0.6149537852112675,8.024549560109929,6.4117238291466325,9.215676108129028,8.46811004281044,9.966591554880141
provenance_v1,llama33_70b,40,0.5063291139240507,0.6452190000000001,0.616699775,0.6731591250000001,0.79852,0.5095000000000001,0.6376795556387598,0.5963578345070422,7.62425421880555,5.354679345627472,9.999858321458593,9.185924291610718,10.799290215969085
provenance_v1,llama33_70b,41,0.5189873417721519,0.673643,0.646432125,0.7006110750000001,0.81548,0.5512360000000001,0.6659378023270515,0.6416373239436619,7.225872938618572,6.046343191261663,8.797735946961586,8.084515982866288,9.499890810251236
provenance_v1,llama33_70b,42,0.5316455696202531,0.671273,0.6445165,0.6983819,0.8318319999999999,0.530232,0.6656911238170083,0.627387764084507,7.495595306524046,5.961395111069761,9.904464039795684,9.161854565143585,10.648048985004426
provenance_v1,llama33_70b,43,0.5443037974683544,0.678555,0.65137575,0.7068977750000001,0.8183479999999999,0.54872,0.674110009730162,0.6275418133802817,6.049611908102979,6.095225254149474,8.860372939784995,8.136223286390305,9.58211744427681
provenance_v1,llama33_70b,44,0.5569620253164557,0.697435,0.66965925,0.7255323000000001,0.827012,0.573564,0.6917298643917842,0.6563160211267606,5.144260037470775,6.608530113381576,8.69995888938562,7.9745426923036575,9.448331980407238
provenance_v1,llama33_70b,45,0.569620253164557,0.67336,0.645116925,0.7025181250000002,0.803036,0.55254,0.6666428857519127,0.6262213908450704,5.567835230455959,5.706233766822268,8.357367733883898,7.66693996489048,9.123555833101273
provenance_v1,llama33_70b,46,0.5822784810126582,0.689769,0.6631548249999999,0.7181917249999998,0.8204279999999999,0.567888,0.6784648585965731,0.6462698063380281,5.620322920997845,6.352829694192119,8.71433192879755,8.035846477746963,9.48965155929327
provenance_v1,llama33_70b,47,0.5949367088607594,0.6583590000000001,0.6302560500000001,0.6875371499999999,0.811348,0.510324,0.6547572092731174,0.6045774647887324,5.4776125506649445,5.226641679689899,10.022711720942716,9.289964147657155,10.81978325508535
provenance_v1,llama33_70b,48,0.6075949367088608,0.635344,0.60802715,0.6658077,0.8010599999999999,0.46863600000000005,0.6316942702113901,0.5817231514084507,4.750960786202332,4.294569805235956,10.732987845474451,9.964292190223933,11.519469512999057
provenance_v1,llama33_70b,49,0.620253164556962,0.6602329999999998,0.6335042,0.6900763499999999,0.8241280000000001,0.49231199999999997,0.6631033687344329,0.6275638204225351,4.564988010430402,5.027954561571197,10.597132200939651,9.790667284280062,11.40076517611742
provenance_v1,llama33_70b,50,0.6329113924050633,0.662037,0.63580155,0.6913509999999999,0.81978,0.500732,0.6622534006832834,0.6210607394366197,4.481920836426596,5.106104243203074,10.098686730710861,9.294062576536088,10.912617045640944
provenance_v1,llama33_70b,51,0.6455696202531646,0.6482789999999999,0.620516425,0.6776010000000001,0.8101320000000001,0.485792,0.657834830777611,0.6132372359154928,4.965115751861517,4.734897970620506,10.366951536775332,9.56916936673224,11.119371595559642
provenance_v1,llama33_70b,52,0.6582278481012658,0.6622680000000001,0.636258575,0.6910949499999999,0.8214959999999999,0.5073,0.6684338741639969,0.6321742957746479,5.257159319905599,5.250337612488048,10.234652910133189,9.435665339976548,10.999422176554798
provenance_v1,llama33_70b,53,0.6708860759493671,0.6182559999999999,0.5900667500000001,0.6475549,0.775408,0.464432,0.6271932704957203,0.5912962147887324,4.879311647778924,3.770569870239653,9.700379392539068,8.915524891018867,10.459315706044436
provenance_v1,llama33_70b,54,0.6835443037974683,0.657447,0.62862805,0.6859214,0.7989040000000001,0.5202040000000001,0.6645404317265106,0.647194102112676,4.340485313876065,5.081714279880098,8.754837572429247,7.98686724677682,9.49146522283554
provenance_v1,llama33_70b,55,0.6962025316455697,0.619615,0.589893225,0.649152575,0.7742319999999999,0.47040799999999994,0.6416091981291021,0.5983201964078046,4.036317450185454,3.784990180277406,9.272207322330024,8.456201360374688,10.032871632277965
provenance_v1,llama33_70b,56,0.7088607594936709,0.6033959999999999,0.572256375,0.634366725,0.75116,0.460544,0.6360815456991793,0.5737159193694276,3.573538592478976,3.2266592101253844,8.9153462066548,8.092102395743131,9.65765959918499
provenance_v1,llama33_70b,57,0.7215189873417721,0.615211,0.5848068999999999,0.6458476,0.7550520000000001,0.47762399999999994,0.6503214570263244,0.5845894172373692,3.0121381802250324,3.657950247587311,8.501744469630024,7.745958618819714,9.231366723775864
provenance_v1,llama33_70b,58,0.7341772151898734,0.58771,0.55581185,0.6186769,0.724044,0.45354000000000005,0.6130157452346154,0.5627923504328725,2.9802894876589394,2.8121348459518205,8.436614719908963,7.67974673807621,9.143705320358276
provenance_v1,llama33_70b,59,0.7468354430379747,0.5945809999999999,0.5611526750000001,0.6251912,0.72214,0.466104,0.6281110776391184,0.5669547099108412,2.2991909823014067,2.935697511058545,8.092835347546286,7.3435248851776125,8.805059632658958
provenance_v1,llama33_70b,60,0.759493670886076,0.596112,0.563927225,0.6264559749999999,0.7289599999999999,0.46041999999999994,0.6255363546451916,0.5748449412068743,2.431288545555101,2.797426686489703,8.065320994497448,7.323496803641319,8.7510323792696
provenance_v1,llama33_70b,61,0.7721518987341772,0.5855,0.553461875,0.61554055,0.7096,0.4610599999999999,0.623975995475781,0.5578514665977516,1.7046400215622932,2.4615689744885523,7.467934972669087,6.711257058382034,8.16520116329193
provenance_v1,llama33_70b,62,0.7848101265822784,0.592245,0.5607082750000001,0.6229704249999999,0.7134919999999999,0.46982,0.6307942058541935,0.5633205194469569,1.337138773271624,2.691099266993474,7.35449596606386,6.5743915140628815,8.094530683755874
provenance_v1,llama33_70b,63,0.7974683544303798,0.590657,0.559244875,0.6223141249999999,0.696,0.483948,0.6367969938770157,0.5544417883447474,0.9969064363634677,2.630820465309187,6.449747556354183,5.6651682496070865,7.200601625442505
provenance_v1,llama33_70b,64,0.810126582278481,0.570913,0.5387825125,0.601296425,0.674116,0.46672,0.605161620003754,0.5434293836412973,1.166706743787302,2.0438127745949797,6.10991250737054,5.370361861586571,6.849857765436172
provenance_v1,llama33_70b,65,0.8227848101265823,0.5654739999999999,0.532700925,0.596941425,0.66976,0.459196,0.598126025684119,0.5379910195115649,1.4376509737141174,1.9479466114859787,6.301468595676413,5.567335426807404,7.011160054802894
provenance_v1,llama33_70b,66,0.8354430379746836,0.555995,0.5235313500000001,0.5873319000000001,0.666472,0.444496,0.582512380788806,0.5279202739372012,1.3011134252214003,1.71530215480354,6.7652776048615895,6.0141757249832155,7.519687008857727
provenance_v1,llama33_70b,67,0.8481012658227848,0.57046,0.538288675,0.6008216,0.6861,0.451448,0.596145156912091,0.5461089934100013,1.236068050185788,2.154672303700892,7.073795594509411,6.31789490878582,7.844881641864776
provenance_v1,llama33_70b,68,0.8607594936708861,0.568135,0.5369041999999999,0.5991401250000001,0.686424,0.447324,0.6014552469982422,0.5387081664297713,1.1047063601275409,1.9492283746479298,6.703674548851728,5.9649135053157805,7.455415344238281
provenance_v1,llama33_70b,69,0.8734177215189873,0.589842,0.5571163,0.621113725,0.7043879999999999,0.471904,0.6246474452337244,0.5618054658224576,0.8907879226498832,2.521192225856338,6.525835554184487,5.810041356086731,7.2727343261241915
provenance_v1,llama33_70b,70,0.8860759493670886,0.571208,0.5371026499999999,0.6021086999999999,0.6820799999999999,0.45653200000000005,0.6061871553088699,0.5372657966145497,0.7621492305053725,1.9071188307147549,6.246397322637769,5.558659189939499,6.957454007863999
provenance_v1,llama33_70b,71,0.8987341772151899,0.546934,0.51508355,0.5775871,0.670988,0.420292,0.5788284795424317,0.5107071327044838,1.0672145016072048,1.1715944896776376,6.639127264742335,5.981343638896942,7.336582690477371
provenance_v1,llama33_70b,72,0.9113924050632911,0.554313,0.52112485,0.5859053749999998,0.6753,0.42926,0.5920438041438683,0.5129457940302364,1.5843908241349807,1.2971271093412895,6.588372612329398,5.900729465484619,7.264497664570809
provenance_v1,llama33_70b,73,0.9240506329113924,0.559725,0.5269067000000001,0.5900031,0.680716,0.435068,0.5888284593524846,0.5244815221604858,1.6318462068180999,1.4996587903703311,6.585515817366776,5.888696300983429,7.272056430578232
provenance_v1,llama33_70b,74,0.9367088607594937,0.572222,0.5389807,0.6033215249999999,0.689968,0.449368,0.6033653813351876,0.5378149631735367,1.7749437307117808,1.9298625667279459,6.64703896484524,5.951878017187118,7.321069157123565
provenance_v1,llama33_70b,75,0.9493670886075949,0.5584169999999999,0.5265981000000001,0.589866825,0.6737279999999999,0.44223599999999996,0.6013005232538062,0.5201576431063445,2.565000233578883,1.5145895563404812,6.474490765263401,5.8054940208792685,7.1906870871782305
provenance_v1,llama33_70b,76,0.9620253164556962,0.5680890000000001,0.5371793,0.5985978249999999,0.68974,0.445048,0.6055510379582143,0.534838157384675,3.166357263309928,1.7665226603701951,6.802785794062977,6.114580450858921,7.5269814796745775
provenance_v1,llama33_70b,77,0.9746835443037974,0.559712,0.5297432249999999,0.5915470500000001,0.676428,0.44114000000000003,0.5950924678687437,0.5352484171081535,2.9351125065945003,1.3679776612376133,6.5980991353215925,5.87176378145814,7.330642165988683
provenance_v1,llama33_70b,78,0.9873417721518988,0.561943,0.5324808999999999,0.59234075,0.6773359999999999,0.45384,0.5867912597580103,0.5355294611706939,3.7445728909701153,1.393439861831543,6.258917560397876,5.549182678759098,7.028827868774533
provenance_v1,llama33_70b,79,1.0,0.566295,0.5371122,0.59866755,0.665964,0.47353200000000006,0.5865901348159346,0.5424118103114097,3.5918152890947828,1.8048286317922995,5.615552787264303,4.849389435350895,6.384809536486864
provenance_v2,llama31_8b,0,0.0,0.536135,0.505537875,0.5662328750000001,0.501416,0.56618,0.536135,0.510768,0.7403676093619584,0.5230837654409421,-0.8746996914672338,-1.2927404482732527,-0.4152389530092479
provenance_v2,llama31_8b,1,0.03225806451612903,0.34635400000000005,0.321389925,0.3720531,0.403376,0.292676,0.34635400000000005,0.33930400000000005,2.503165651430562,-3.1763580444434094,2.705497972189875,1.9739714801311492,3.4454042211174962
provenance_v2,llama31_8b,2,0.06451612903225806,0.298141,0.2753151,0.32350815,0.327676,0.230716,0.298141,0.29735,-5.9283262060443835,-5.249606896517012,3.7965597654091923,3.045764994621277,4.593259823322296
provenance_v2,llama31_8b,3,0.0967741935483871,0.49481699999999995,0.46539155000000004,0.5253817000000001,0.505668,0.482884,0.49481699999999995,0.49253399999999997,0.9206855368884108,-0.24598309976733734,0.5506145245875185,-0.4471779406070709,1.5718420336022971
provenance_v2,llama31_8b,4,0.12903225806451613,0.5859019999999999,0.55774855,0.61386505,0.548844,0.6274120000000001,0.585902,0.5747620000000001,3.4558674506679647,2.3208957107039536,-2.101271180661529,-2.837720602750778,-1.3397979080677034
provenance_v2,llama31_8b,5,0.16129032258064516,0.60147,0.5712994499999999,0.6293546999999999,0.5554640000000001,0.6383719999999999,0.60147,0.568996,2.5045996689245587,2.0172438224601854,-2.289589732621846,-2.8709781229496003,-1.629772588610649
provenance_v2,llama31_8b,6,0.1935483870967742,0.415153,0.38866855,0.4428074,0.376388,0.4548,0.415153,0.361478,-2.0824045923947634,-1.702113184462568,-1.885853590423353,-2.6725942119956017,-1.0896939247846607
provenance_v2,llama31_8b,7,0.22580645161290322,0.48254600000000003,0.45868549999999997,0.5063930499999999,0.45307600000000003,0.48829600000000006,0.48254600000000003,0.46481,-7.580671632622397,-0.545172095761373,-0.6343328570309437,-1.2361022114753724,-0.024558675289154102
provenance_v2,llama31_8b,8,0.25806451612903225,0.243141,0.21812277500000002,0.267939625,0.23380000000000004,0.21590000000000004,0.24314100000000002,0.22473200000000004,-4.706271584625963,-6.387751762081159,1.6960304704598381,1.0361495971679688,2.2848034381866453
provenance_v2,llama31_8b,9,0.2903225806451613,0.333873,0.3037769,0.36278905,0.34874800000000006,0.319096,0.333873,0.31345,-1.5235200615451339,-3.9795094646982063,1.0945943046898114,0.3531688630580902,1.7688155248761177
provenance_v2,llama31_8b,10,0.3225806451612903,0.44472200000000006,0.4110576,0.47858822500000003,0.44622400000000007,0.442608,0.444722,0.3899480000000001,0.1074743916043106,-1.2838253447926773,0.23942129442543203,-0.33453184659592805,0.8027353286743164
provenance_v2,llama31_8b,11,0.3548387096774194,0.408897,0.373535625,0.44148704999999994,0.40958799999999995,0.410036,0.40889699999999995,0.40375399999999995,1.3012179353945408,-2.037454786449927,-0.06319396876968097,-0.6703131332993507,0.5782724291086196
provenance_v2,llama31_8b,12,0.3870967741935484,0.6250459999999999,0.5924860500000001,0.6542996,0.600412,0.6479,0.625046,0.624918,-2.3141029825116397,2.765246890007053,-1.3810386731668953,-1.981767651438713,-0.8129967957735064
provenance_v2,llama31_8b,13,0.41935483870967744,0.54273,0.510687275,0.5747703249999999,0.565392,0.5202800000000001,0.5427299999999999,0.535932,1.2234778507427748,0.6402988044680415,0.6556325013075261,0.13627956211566924,1.1530117027461526
provenance_v2,llama31_8b,14,0.45161290322580644,0.46830999999999995,0.436717975,0.50299655,0.46274,0.47442799999999996,0.46831,0.44306,1.0656378382129175,-1.6770936495076136,-0.7606672846260076,-1.3390875168144702,-0.1990944385528566
provenance_v2,llama31_8b,15,0.4838709677419355,0.5094179999999999,0.477149975,0.54386115,0.52486,0.494532,0.509418,0.473472,0.8811078257079791,-0.29786693005560305,0.794471124397602,0.25121051371097564,1.3135189719498157
provenance_v2,llama31_8b,16,0.5161290322580645,0.515997,0.48169370000000006,0.5504962749999999,0.5558919999999999,0.47594000000000003,0.515997,0.497992,1.0921836600878925,-0.36201262552884195,2.438134763592181,1.8558143701404333,3.0380580104887485
provenance_v2,llama31_8b,17,0.5483870967741935,0.537255,0.50398315,0.5704276249999999,0.6098520000000001,0.467912,0.537255,0.515026,2.2533646607319,0.14024742293538472,4.326570477947511,3.70727743729949,5.006655411422253
provenance_v2,llama31_8b,18,0.5806451612903226,0.540951,0.509020775,0.574564875,0.63214,0.45194,0.540951,0.5130300000000001,2.5002333431331722,0.47857003894037753,5.601836658535578,4.95125884860754,6.313038053363561
provenance_v2,llama31_8b,19,0.6129032258064516,0.41415899999999994,0.382010525,0.44701420000000003,0.46883600000000003,0.359328,0.414159,0.36963399999999996,1.2506455373585923,-3.1982200386814292,3.5724701247779227,2.8943561419844626,4.265755252540111
provenance_v2,llama31_8b,20,0.6451612903225806,0.519029,0.486155,0.5514582249999999,0.559336,0.475884,0.519029,0.47709599999999996,0.5248185685622396,0.1819846206797936,2.924076983329606,2.268842285871506,3.597523233294487
provenance_v2,llama31_8b,21,0.6774193548387096,0.5463859999999999,0.513954375,0.57933085,0.590464,0.49944,0.546386,0.509536,0.6582358177487571,1.1552896400276111,3.309875977268801,2.666826593875885,4.0108101814985275
provenance_v2,llama31_8b,22,0.7096774193548387,0.646412,0.6146708,0.6784753749999999,0.696036,0.59428,0.646412,0.6441299999999999,1.2324603860516485,4.54227025777228,3.7462747498845568,3.0395680502057076,4.491430926322937
provenance_v2,llama31_8b,23,0.7419354838709677,0.727747,0.697996175,0.7567292750000001,0.765688,0.688288,0.7277469999999999,0.721644,0.5905709093059854,7.665226535339343,3.2561351489287547,2.570227637887001,3.9487429350614547
provenance_v2,llama31_8b,24,0.7741935483870968,0.6439440000000001,0.6124715249999999,0.674055275,0.686976,0.6011279999999999,0.6439440000000001,0.625644,0.2770390490319041,4.925690090866923,3.0830775663170353,2.389745633304119,3.805950745940208
provenance_v2,llama31_8b,25,0.8064516129032258,0.631553,0.600189925,0.662167525,0.6709240000000001,0.5936079999999999,0.631553,0.6181679999999999,1.2007001767346268,4.365494956406483,3.0240461739956475,2.343488446250558,3.7400897845625876
provenance_v2,llama31_8b,26,0.8387096774193549,0.627617,0.596774725,0.6596025499999999,0.677916,0.579792,0.627617,0.593272,1.809344171815481,4.406647260154487,3.8270320338099575,3.1237712072208526,4.536210484057665
provenance_v2,llama31_8b,27,0.8709677419354839,0.691755,0.661821975,0.723686025,0.746676,0.638548,0.6917550000000001,0.6862,1.3198928861993784,6.520462368266967,4.133608533267228,3.4518627181649206,4.826844868063927
provenance_v2,llama31_8b,28,0.9032258064516129,0.676233,0.6453953499999999,0.708110625,0.7251080000000001,0.630732,0.6762330000000001,0.670976,1.9767634268045806,6.003389836579007,3.698650025569085,3.0187642556615173,4.424787355959415
provenance_v2,llama31_8b,29,0.9354838709677419,0.671883,0.640967675,0.7023100999999999,0.725396,0.619624,0.671883,0.660526,1.405004923242396,5.788548143679023,3.974058540447397,3.2967786479741337,4.696107894182205
provenance_v2,llama31_8b,30,0.967741935483871,0.694341,0.662609375,0.7245110249999999,0.732672,0.656308,0.694341,0.677586,1.0474708056099074,6.579613616297442,3.0676428578375177,2.3941408641636373,3.8492165073752402
provenance_v2,llama31_8b,31,1.0,0.661743,0.630522475,0.6928985999999999,0.70662,0.617296,0.661743,0.657482,1.4326630210398281,5.404635420704343,3.4147012341492364,2.6670603785663842,4.216211531311274
provenance_v2,llama31_70b,0,0.0,0.486018,0.451514125,0.519021725,0.50012,0.473528,0.48601799999999995,0.47442199999999995,-0.1074069589230473,-0.0848247769110666,0.3896532458616055,0.12197895222343505,0.6689543034881352
provenance_v2,llama31_70b,1,0.012658227848101266,0.46456,0.43748080000000006,0.49195510000000003,0.45156799999999997,0.460452,0.46456,0.459528,-5.996207796596213,-0.6946109281485087,-0.011432700776237148,-0.6310239434242249,0.6074197053909302
provenance_v2,llama31_70b,2,0.02531645569620253,0.44044799999999995,0.41463315000000006,0.46578292499999996,0.427632,0.441584,0.44044799999999995,0.41548399999999996,-4.221698914472045,-1.5084638052106456,-0.024410072627740753,-0.8207365512847901,0.8467832803726192
provenance_v2,llama31_70b,3,0.0379746835443038,0.409926,0.385131,0.43519832500000005,0.40164,0.38497600000000004,0.409926,0.400148,-8.03461299426995,-2.417604337590883,0.11295533615499664,-1.0215652942657472,1.3651754975318908
provenance_v2,llama31_70b,4,0.05063291139240506,0.47724900000000003,0.4491503,0.5052193500000001,0.482356,0.44436800000000004,0.47724900000000003,0.445524,-4.9114013821958045,-0.7082262775424224,0.6827413405908214,-0.2796066403388977,1.6199078798294066
provenance_v2,llama31_70b,5,0.06329113924050633,0.49809000000000003,0.4720548,0.5253882999999999,0.52488,0.46358,0.49809000000000003,0.47424,-5.388954477510463,-0.05682202503025413,1.8998137065244922,0.7213153958320617,3.010881876945495
provenance_v2,llama31_70b,6,0.0759493670886076,0.466115,0.44075905000000004,0.49319035,0.501692,0.41936399999999996,0.466115,0.46353,-6.456003485156787,-0.8998451296922458,1.906035482476824,0.6860011219978333,2.9932490706443784
provenance_v2,llama31_70b,7,0.08860759493670886,0.436177,0.40882244999999995,0.4662448,0.46946,0.40076399999999995,0.43617700000000004,0.398802,-1.7569653684316997,-1.4002858727306482,1.55035840097504,0.7031269490718841,2.4285781301558016
provenance_v2,llama31_70b,8,0.10126582278481013,0.5745800000000001,0.545876875,0.6036611749999999,0.557024,0.592616,0.57458,0.550958,-0.5049700537427588,1.7227439251024625,-1.4142157254896768,-2.2639223717153074,-0.6375429879873992
provenance_v2,llama31_70b,9,0.11392405063291139,0.523543,0.494566075,0.554605225,0.500224,0.5492760000000001,0.523543,0.519964,0.015134299017641184,0.44546402908577465,-0.9774786070182615,-1.7630711704492568,-0.18728912658989455
provenance_v2,llama31_70b,10,0.12658227848101267,0.39955699999999994,0.37032462499999996,0.428623675,0.412352,0.378712,0.399557,0.38280000000000003,3.0338948006758404,-1.9126627578237678,0.6149753454812856,0.13131019473075867,1.1382279694080353
provenance_v2,llama31_70b,11,0.13924050632911392,0.43535999999999997,0.404683325,0.465471375,0.51444,0.35850400000000004,0.43535999999999997,0.417464,2.416439168273121,-1.2891905874731402,2.713195242651433,2.2623272985219955,3.1863320007920266
provenance_v2,llama31_70b,12,0.1518987341772152,0.461321,0.4312373,0.4923128,0.525788,0.40096,0.461321,0.45774,-0.7872298104241024,-0.7632013080298345,2.118717077159404,1.6357339572161436,2.6269229158759115
provenance_v2,llama31_70b,13,0.16455696202531644,0.47194400000000003,0.44273332499999996,0.501187575,0.52228,0.42080399999999996,0.47194400000000003,0.47161200000000003,-2.286677375215534,-0.4776303225151488,1.7159054903798152,1.184509313106537,2.3300149828195567
provenance_v2,llama31_70b,14,0.17721518987341772,0.6893980000000001,0.6624329999999999,0.7177593750000001,0.6655840000000001,0.713208,0.689398,0.6711860000000001,1.0535106074455056,3.581705404160598,-1.5453200735622115,-2.040438958257437,-1.0599985942244532
provenance_v2,llama31_70b,15,0.189873417721519,0.7401089999999999,0.7135623000000001,0.7654777249999999,0.7504039999999998,0.7370079999999999,0.7401090000000001,0.7246080000000001,2.29408770536292,5.338616312516699,-0.6174372888426747,-1.1108252346515655,-0.0887859344482424
provenance_v2,llama31_70b,16,0.20253164556962025,0.649705,0.6190142249999999,0.6785867250000001,0.7029839999999999,0.605532,0.649705,0.623986,1.0426180387607418,2.7359576084543678,0.7906817664016457,0.24285831302404404,1.3068898640573023
provenance_v2,llama31_70b,17,0.21518987341772153,0.47033800000000003,0.440495775,0.500608225,0.5372520000000001,0.40824000000000005,0.470338,0.413366,2.8153468895787306,-0.5582941083571384,2.3381860398708394,1.7990922451019287,2.842885029315948
provenance_v2,llama31_70b,18,0.22784810126582278,0.391293,0.360074425,0.42219087499999997,0.4230480000000001,0.35417200000000004,0.391293,0.36463,1.892986657581099,-1.8705652797203838,0.6882126938620501,0.027272665500640874,1.3541199639439578
provenance_v2,llama31_70b,19,0.24050632911392406,0.609554,0.5828134500000001,0.636349775,0.6122519999999999,0.620876,0.6095539999999999,0.5783119999999999,3.9404182220284136,2.357550382852213,-0.14465533703830902,-0.8471726655960083,0.6216958343982696
provenance_v2,llama31_70b,20,0.25316455696202533,0.5975509999999999,0.573948675,0.621075975,0.6685319999999999,0.542644,0.597551,0.57515,6.079871891470816,2.2380651768529223,2.3749745330791088,1.7156695246696472,3.0862727880477903
provenance_v2,llama31_70b,21,0.26582278481012656,0.647379,0.6206945500000001,0.6744993,0.70548,0.592932,0.6473789999999999,0.6267419999999999,4.049798832706124,3.5862371277111844,3.299631065644183,2.50309761762619,4.050220137834549
provenance_v2,llama31_70b,22,0.27848101265822783,0.624772,0.5999859250000001,0.6467027750000001,0.775984,0.501808,0.6247720000000001,0.592618,6.473519167283144,3.19050189022044,5.983502556536305,5.264228928089142,6.671415942907333
provenance_v2,llama31_70b,23,0.2911392405063291,0.7431490000000001,0.7180001749999999,0.7663305249999999,0.8595,0.6182000000000001,0.7431489999999998,0.7030999999999998,2.9177304500755534,6.119117695506705,7.320057159474258,6.574732426553965,7.970592108368874
provenance_v2,llama31_70b,24,0.3037974683544304,0.741291,0.7138205000000001,0.7645651250000001,0.8477959999999999,0.6234439999999999,0.741291,0.6956640000000001,2.2510032333631096,6.603097484250316,7.280680753720852,6.483079354465008,7.991894170641899
provenance_v2,llama31_70b,25,0.31645569620253167,0.7344769999999998,0.708220475,0.7575894000000001,0.839808,0.6110680000000001,0.734477,0.68033,0.08001692633163104,6.017683451692657,7.124151324958223,6.331101852655411,7.876864665746689
provenance_v2,llama31_70b,26,0.3291139240506329,0.736313,0.7092914000000001,0.7601145749999999,0.828332,0.626372,0.736313,0.6935959999999999,1.2504214786312362,6.4234071587478025,7.246936494672109,6.505862805247307,8.01060984134674
provenance_v2,llama31_70b,27,0.34177215189873417,0.7192270000000001,0.6907164499999999,0.743987425,0.8138880000000001,0.617964,0.7192270000000001,0.690114,2.3342519331378755,5.079143648765335,5.227799924932697,4.645845094695687,5.831834489107131
provenance_v2,llama31_70b,28,0.35443037974683544,0.6238370000000001,0.593684525,0.6541948,0.709328,0.5415000000000001,0.623837,0.6068260000000001,3.6122201220570447,3.253056264444036,3.9746415146775966,3.3305450946092607,4.604330691695213
provenance_v2,llama31_70b,29,0.3670886075949367,0.6739930000000001,0.645785675,0.7010687250000001,0.7369200000000001,0.613028,0.6739930000000001,0.644722,3.611197647352284,4.527315706103934,3.7034201614690594,3.0035862952470778,4.331889110803604
provenance_v2,llama31_70b,30,0.379746835443038,0.632905,0.604446975,0.6608791,0.726468,0.537084,0.632905,0.59602,3.414696139271946,3.6445365784545674,5.164115178237521,4.492699581384659,5.887913253903389
provenance_v2,llama31_70b,31,0.3924050632911392,0.644369,0.614549425,0.672942025,0.7303999999999999,0.552304,0.644369,0.606436,1.6363061640745933,3.6734944810556556,4.606240014997864,3.9591986536979675,5.324248988926411
provenance_v2,llama31_70b,32,0.4050632911392405,0.574807,0.544416625,0.604811525,0.6936,0.4475,0.5748070000000001,0.50039,0.84668615331754,2.219299810194446,6.301912363559241,5.6051234126091005,7.022181248664856
provenance_v2,llama31_70b,33,0.4177215189873418,0.612862,0.581588775,0.642259325,0.720008,0.492724,0.612862,0.551816,1.3703009022856247,2.955398052527523,6.118899315388687,5.358422645926476,6.921297395229339
provenance_v2,llama31_70b,34,0.43037974683544306,0.6150009999999999,0.585543675,0.6435485249999999,0.7664839999999999,0.44568399999999997,0.6150009999999999,0.570172,2.0434133285115106,3.2012080428244865,8.598666331914359,7.891784727573395,9.319882774353028
provenance_v2,llama31_70b,35,0.4430379746835443,0.6296809999999999,0.6003934500000001,0.65868045,0.7828839999999999,0.46423600000000004,0.629681,0.58542,4.011373205224144,3.524695249479988,8.513282407665686,7.814152112603187,9.157095079123973
provenance_v2,llama31_70b,36,0.45569620253164556,0.669545,0.644755125,0.6953178750000001,0.8395999999999999,0.513316,0.6695450000000001,0.6294919999999999,6.33626982704848,4.937394580915639,9.029353834770516,8.406539100408555,9.662663158774375
provenance_v2,llama31_70b,37,0.46835443037974683,0.662338,0.6352268125,0.6910921125,0.7792720000000001,0.551816,0.662338,0.61546,4.458527449208595,4.623952778763775,7.145625508643832,6.503292262554169,7.760567058622837
provenance_v2,llama31_70b,38,0.4810126582278481,0.671109,0.6426565,0.6996322,0.784692,0.5710799999999999,0.671109,0.645586,5.504951146593477,5.230569494784685,7.295758052757698,6.694383582472801,7.908966186642647
provenance_v2,llama31_70b,39,0.4936708860759494,0.6844729999999999,0.6585366500000001,0.7108973,0.8189599999999999,0.569788,0.684473,0.658166,6.619580680820543,5.960783608200532,8.128273585092757,7.6173216044902805,8.661710086464883
provenance_v2,llama31_70b,40,0.5063291139240507,0.6599020000000001,0.6328588249999999,0.6862020249999999,0.815284,0.516304,0.659902,0.628612,6.649551248325478,5.467647616176446,9.589347183978397,9.002381503582,10.185674792528152
provenance_v2,llama31_70b,41,0.5189873417721519,0.669823,0.643359375,0.6947523999999998,0.82314,0.527856,0.669823,0.6349719999999999,6.712909957297586,5.566788169314031,9.076160518583674,8.497329777479171,9.644167920947075
provenance_v2,llama31_70b,42,0.5316455696202531,0.657369,0.6310850499999999,0.6819260249999999,0.8249879999999999,0.49389600000000006,0.657369,0.620584,6.584173815615169,4.990659222724619,9.871424569991785,9.305630055069923,10.438591474294663
provenance_v2,llama31_70b,43,0.5443037974683544,0.711522,0.684821775,0.73684645,0.8425159999999998,0.5833200000000001,0.711522,0.67435,5.758538713945473,6.936661753982019,9.014727755023992,8.44155031144619,9.569071325659753
provenance_v2,llama31_70b,44,0.5569620253164557,0.730112,0.703364975,0.75551685,0.8420399999999999,0.62252,0.7301120000000001,0.7039620000000001,5.116258098815002,7.869536926854736,8.098911287773287,7.529002991318703,8.667820231616497
provenance_v2,llama31_70b,45,0.569620253164557,0.682036,0.654587375,0.710240075,0.795504,0.57416,0.682036,0.650496,5.5096924329291275,6.020310617720344,7.594243586140464,7.002418354153633,8.212951841950417
provenance_v2,llama31_70b,46,0.5822784810126582,0.6788670000000001,0.6503889750000001,0.707384425,0.7906119999999999,0.57226,0.678867,0.642254,5.402683597781339,5.945577909482752,7.519173097254058,6.914725029468537,8.101562982797622
provenance_v2,llama31_70b,47,0.5949367088607594,0.643749,0.615214575,0.6731224249999999,0.7684359999999998,0.5238079999999999,0.643749,0.607008,5.749355411942222,4.567863411202168,8.007332313439086,7.441619634628296,8.598587855696678
provenance_v2,llama31_70b,48,0.6075949367088608,0.651807,0.6235242749999999,0.6806532,0.7713119999999999,0.5335840000000001,0.651807,0.610216,5.104035664455524,5.050089585505273,8.021775782377587,7.418676939606667,8.61013866364956
provenance_v2,llama31_70b,49,0.620253164556962,0.6691929999999999,0.640459775,0.6983277999999999,0.7797240000000001,0.562892,0.6691929999999999,0.640188,5.040194329726533,5.307749282025282,7.337087715460594,6.763424995541572,7.936394739151001
provenance_v2,llama31_70b,50,0.6329113924050633,0.6791259999999999,0.6508375249999999,0.7082006000000001,0.787096,0.577248,0.6791259999999999,0.6556839999999999,5.177415117422292,5.908960130603177,7.382271213024318,6.798220443725586,7.96817921102047
provenance_v2,llama31_70b,51,0.6455696202531646,0.672119,0.6431799249999999,0.7003437999999998,0.777788,0.570044,0.6721190000000001,0.6529780000000001,5.058782521785582,5.612117459762128,7.127658981968122,6.550269889831543,7.708633056282997
provenance_v2,llama31_70b,52,0.6582278481012658,0.6882280000000001,0.6606126499999999,0.716161625,0.7945159999999999,0.58766,0.6882280000000001,0.672478,5.288145255531536,6.145635467650338,7.256610612515445,6.670295557379722,7.813636624813079
provenance_v2,llama31_70b,53,0.6708860759493671,0.6927019999999999,0.6643450249999999,0.7201325249999999,0.797916,0.5977399999999999,0.6927019999999999,0.677034,5.971787188755018,6.465854309166755,7.037314562901286,6.422172164916992,7.654059290885925
provenance_v2,llama31_70b,54,0.6835443037974683,0.7119139999999999,0.6837499,0.7384920500000001,0.8099,0.625332,0.711914,0.6953600000000001,5.776970876356614,6.956534075235133,6.859538879375956,6.224027329683304,7.4569795548915865
provenance_v2,llama31_70b,55,0.6962025316455697,0.723483,0.6965355999999999,0.749101,0.828472,0.6341199999999999,0.7234830000000001,0.7032720000000001,6.059482745062659,7.413858000468147,7.168058604338668,6.535205590724945,7.76507268846035
provenance_v2,llama31_70b,56,0.7088607594936709,0.692203,0.6641277750000001,0.7190810750000001,0.8047,0.591832,0.6922029999999999,0.6657599999999999,6.001174769819527,6.39657255049941,7.182446385142686,6.538927727937699,7.778339004516601
provenance_v2,llama31_70b,57,0.7215189873417721,0.690256,0.661247575,0.7180694,0.797664,0.591408,0.690256,0.668344,5.46668228161822,6.195967578469211,6.673304552365673,6.073213005065918,7.272458624839783
provenance_v2,llama31_70b,58,0.7341772151898734,0.6890339999999999,0.6609316,0.717374425,0.8019360000000001,0.5891919999999999,0.6890339999999999,0.66194,5.7712052377763,6.252163492369272,6.834072150393661,6.189265811443329,7.423177146911621
provenance_v2,llama31_70b,59,0.7468354430379747,0.7065119999999999,0.6785184000000001,0.733994775,0.8075480000000002,0.618388,0.706512,0.685682,5.630893966922992,6.852962154668454,6.330645861951129,5.690548121929169,6.930384755134582
provenance_v2,llama31_70b,60,0.759493670886076,0.628275,0.599044525,0.658056225,0.735708,0.5302,0.628275,0.607226,5.2915261608381305,3.8748183148764768,5.723111274357574,5.083217203617096,6.349520844221115
provenance_v2,llama31_70b,61,0.7721518987341772,0.6534139999999999,0.624593,0.6819623250000001,0.760392,0.5572360000000001,0.6534139999999999,0.647094,5.164283652143473,4.727128845797582,5.910753884734428,5.210614442825317,6.553113800287247
provenance_v2,llama31_70b,62,0.7848101265822784,0.6509290000000001,0.6225498750000001,0.6793556000000001,0.7664239999999999,0.548636,0.6509290000000001,0.6431220000000001,5.896513892029622,4.743988198422647,6.308641300761942,5.576548224687576,6.988508659601211
provenance_v2,llama31_70b,63,0.7974683544303798,0.6548939999999999,0.6261858250000001,0.683940025,0.7636040000000001,0.5574879999999999,0.654894,0.645764,5.5603635945161916,4.768986891641088,6.059263110994717,5.360810256004333,6.6980226814746855
provenance_v2,llama31_70b,64,0.810126582278481,0.662161,0.6340657749999999,0.6911333000000001,0.772444,0.564348,0.662161,0.6527000000000001,5.855631062894677,4.999668587126235,6.204701150505237,5.475474470853806,6.8741097271442415
provenance_v2,llama31_70b,65,0.8227848101265823,0.652266,0.6243041,0.681062025,0.7644119999999999,0.554924,0.652266,0.6409940000000001,6.198383958161457,4.756855204493537,6.042495181529212,5.293269914388657,6.6971664190292355
provenance_v2,llama31_70b,66,0.8354430379746836,0.636803,0.6086003,0.665713,0.747552,0.53816,0.636803,0.6133759999999999,5.949759257040379,4.037125544375073,5.830538479702305,5.1211868047714235,6.499886804819107
provenance_v2,llama31_70b,67,0.8481012658227848,0.6242239999999999,0.59564555,0.6538218999999998,0.72798,0.5292,0.624224,0.5955820000000001,5.365835781268486,3.626378525147488,5.540395038516664,4.8429101467132565,6.219689619541168
provenance_v2,llama31_70b,68,0.8607594936708861,0.622987,0.59581535,0.6529221500000001,0.727628,0.529192,0.622987,0.598704,5.2990005024939695,3.5656020884129784,5.358133751514206,4.689297145605087,6.017851108312607
provenance_v2,llama31_70b,69,0.8734177215189873,0.60128,0.5729662875,0.6319907375,0.700224,0.5084879999999999,0.60128,0.580146,4.675665288360243,2.903474083192725,5.237469102437674,4.522741442918777,5.9404261946678165
provenance_v2,llama31_70b,70,0.8860759493670886,0.584528,0.5564567999999999,0.6138410499999999,0.6891280000000001,0.484988,0.5845279999999999,0.558554,5.156293178408218,2.36109497443513,5.4758822748226414,4.771438431739807,6.1593659073114395
provenance_v2,llama31_70b,71,0.8987341772151899,0.5542009999999999,0.5234787,0.5846176,0.656448,0.4528,0.5542009999999999,0.51502,5.204884898908137,1.467082801354472,5.413751404484937,4.712316954135895,6.068424570560455
provenance_v2,llama31_70b,72,0.9113924050632911,0.569048,0.54004535,0.598575375,0.6724119999999999,0.46804,0.569048,0.534388,5.57721487016276,1.9827873280013018,5.542664941047004,4.830050826072693,6.215703785419464
provenance_v2,llama31_70b,73,0.9240506329113924,0.572405,0.5429620249999999,0.6012243500000001,0.6743840000000001,0.47265199999999996,0.5724049999999999,0.541966,5.467762825843731,2.139537934479802,5.557070275932961,4.8775635957717896,6.21174156665802
provenance_v2,llama31_70b,74,0.9367088607594937,0.5887699999999999,0.56015335,0.6176357749999999,0.691212,0.49295599999999995,0.58877,0.5715760000000001,5.465594770286324,2.5600529675021515,5.317770414366773,4.598651123046875,5.98848546743393
provenance_v2,llama31_70b,75,0.9493670886075949,0.619013,0.5917015499999999,0.648905025,0.708744,0.536608,0.619013,0.616538,4.487810565182991,3.296373996829506,4.584163166555484,3.9116992473602297,5.235333967208862
provenance_v2,llama31_70b,76,0.9620253164556962,0.61842,0.5899896499999999,0.64805075,0.7070040000000001,0.537632,0.61842,0.6172759999999999,4.532656300815796,3.2293680537576526,4.398596766623917,3.770731437206268,5.022722762823105
provenance_v2,llama31_70b,77,0.9746835443037974,0.658674,0.629520125,0.6882334750000001,0.7456319999999999,0.585144,0.658674,0.639232,5.045100784374821,4.495676942789743,4.352615030501009,3.6877378702163695,4.999152493476868
provenance_v2,llama31_70b,78,0.9873417721518988,0.635195,0.6051670499999999,0.6657604250000001,0.7289479999999999,0.555176,0.635195,0.60994,5.453201297945855,4.090106544401204,4.7508086340779885,4.067778366804123,5.402794295549392
provenance_v2,llama31_70b,79,1.0,0.642678,0.611063825,0.6746109,0.724316,0.57028,0.642678,0.614844,5.019487031437262,4.837456346874977,4.538788666306238,3.856722128391266,5.2237939715385435
provenance_v2,llama33_70b,0,0.0,0.49843499999999996,0.46383370000000007,0.532290125,0.51502,0.47862399999999994,0.49843499999999996,0.47686399999999995,0.5316762124372971,0.06723527404002727,0.43305115772763025,0.15691926330327988,0.7147571723908186
provenance_v2,llama33_70b,1,0.012658227848101266,0.457257,0.428568275,0.48646300000000003,0.46309199999999995,0.440704,0.457257,0.446448,-4.01462204776894,-0.919224795874404,0.5790303791706539,-0.06927103996276855,1.2969730973243712
provenance_v2,llama33_70b,2,0.02531645569620253,0.413969,0.389530775,0.440635975,0.416068,0.388668,0.413969,0.37754999999999994,-5.4807139458995575,-2.5122839927363856,0.9726100997672473,0.04468084573745727,1.9867507696151732
provenance_v2,llama33_70b,3,0.0379746835443038,0.39111699999999994,0.3697124,0.413841525,0.386332,0.329152,0.391117,0.386364,-11.149978514500901,-3.7624457322930462,1.4536490724265416,0.38491139411926273,2.511760544776916
provenance_v2,llama33_70b,4,0.05063291139240506,0.45304199999999994,0.425970925,0.481053775,0.473592,0.39864800000000006,0.453042,0.45118199999999997,-6.650173903461853,-1.415942782661439,1.8123399085911434,1.043099319934845,2.5757362484931945
provenance_v2,llama33_70b,5,0.06329113924050633,0.453755,0.4262494,0.48208767499999994,0.491888,0.410432,0.45375499999999996,0.431434,-4.989665879813055,-1.5677817202341673,2.5192782333212733,1.4294458746910095,3.5800897538661958
provenance_v2,llama33_70b,6,0.0759493670886076,0.385114,0.35733760000000003,0.41418594999999997,0.43488000000000004,0.32353600000000005,0.38511399999999996,0.37119599999999997,-2.632894557828008,-3.096063588115328,2.4880869630608915,1.5381771177053452,3.357268181443214
provenance_v2,llama33_70b,7,0.08860759493670886,0.495239,0.46749885,0.524235375,0.54556,0.455608,0.495239,0.482508,3.999891409083401,-0.2172341777231226,1.5923962747299871,0.8559199035167694,2.375023418664932
provenance_v2,llama33_70b,8,0.10126582278481013,0.572871,0.542971475,0.603230525,0.5722,0.573032,0.572871,0.569704,3.6085991627831078,1.6449752613933413,-0.9750507973147648,-1.7918620169162751,-0.17094668745994576
provenance_v2,llama33_70b,9,0.11392405063291139,0.570519,0.5399065249999999,0.6018924250000001,0.555968,0.58424,0.570519,0.559504,1.6107685483215892,1.4009117187710922,-0.9018925800703017,-1.5985134854912757,-0.14870906770229347
provenance_v2,llama33_70b,10,0.12658227848101267,0.503606,0.47278485,0.5347712250000001,0.5234279999999999,0.48182800000000003,0.503606,0.49028400000000005,2.2095723579342885,-0.27459613458364407,0.7257025442338305,0.22618187665939332,1.3112649351358414
provenance_v2,llama33_70b,11,0.13924050632911392,0.48261,0.4522907375,0.5118018375000001,0.527412,0.44879600000000003,0.48261,0.46830799999999995,-1.180527891021467,-0.507398906961873,1.2560554791449445,0.7568728774785995,1.8278908260166644
provenance_v2,llama33_70b,12,0.1518987341772152,0.515466,0.4875125,0.543627275,0.5394,0.500612,0.515466,0.495188,-2.8804685968051684,0.2715673757527618,0.5495187154247088,-0.041567224264144886,1.1952967047691345
provenance_v2,llama33_70b,13,0.16455696202531644,0.46708799999999995,0.440607725,0.492409575,0.492836,0.43351999999999996,0.46708799999999995,0.4523499999999999,-5.35513040937164,-0.549816648374431,0.977692101773779,0.33168677091598514,1.670666182041168
provenance_v2,llama33_70b,14,0.17721518987341772,0.653914,0.6275239,0.6822687250000001,0.6205080000000001,0.696296,0.6539139999999999,0.6523,-2.647971972404583,2.9650728187602042,-1.8041771457238434,-2.377185356616974,-1.2561355590820313
provenance_v2,llama33_70b,15,0.189873417721519,0.754602,0.7271250750000001,0.7808994999999999,0.761592,0.7498679999999999,0.754602,0.7266360000000001,0.5520945552903682,5.31875250997571,-0.5846819716459435,-1.08526791036129,-0.08440444841980943
provenance_v2,llama33_70b,16,0.20253164556962025,0.558917,0.52841445,0.5890077250000001,0.592488,0.5310039999999999,0.558917,0.51193,-0.17919507480768893,1.2398398999364435,0.4012611051616323,-0.07417125445790587,0.8583156156353653
provenance_v2,llama33_70b,17,0.21518987341772153,0.590673,0.561926475,0.6200431,0.6461520000000001,0.541776,0.590673,0.536562,1.7912815830103606,1.4084985614753256,1.345170681148846,0.8540495723485947,1.8513238593935966
provenance_v2,llama33_70b,18,0.22784810126582278,0.483521,0.4529229,0.5137965250000001,0.529952,0.437188,0.483521,0.44845799999999997,1.6879643030118752,-0.0719472904043128,1.0146102614983743,0.5424261093139648,1.4921582996845244
provenance_v2,llama33_70b,19,0.24050632911392406,0.676518,0.6461574499999999,0.7049712999999999,0.6749080000000001,0.6848799999999999,0.676518,0.64889,2.3522463933952373,3.4046822881862964,-0.2659790378484783,-0.8236867278814316,0.2811537325382232
provenance_v2,llama33_70b,20,0.25316455696202533,0.734089,0.708097175,0.7580860999999999,0.745724,0.751852,0.734089,0.73163,3.9712666738232842,4.899940720163387,-0.1343652266949631,-0.7318990111351014,0.42724152803421
provenance_v2,llama33_70b,21,0.26582278481012656,0.614101,0.5862696000000001,0.642361875,0.686688,0.562388,0.614101,0.601448,5.325741462525938,3.056962752515376,2.1732681745155036,1.5002537608146667,2.8683199524879455
provenance_v2,llama33_70b,22,0.27848101265822783,0.637323,0.611065025,0.6613171750000001,0.7623200000000001,0.5517719999999999,0.6373229999999999,0.616078,7.319380285317992,3.417190892640741,4.160994098386316,3.5613180875778196,4.808818650245667
provenance_v2,llama33_70b,23,0.2911392405063291,0.6810069999999999,0.6534487250000001,0.7071152749999998,0.8259120000000001,0.5387959999999999,0.6810069999999999,0.65706,4.334072259047179,4.542219245439185,6.8608131087542965,6.2711230859160425,7.4288202852010725
provenance_v2,llama33_70b,24,0.3037974683544304,0.69974,0.671606875,0.726230225,0.8162520000000001,0.576908,0.69974,0.6858660000000001,3.1357838955865196,5.325009190478586,6.35095014511861,5.622884782962501,7.088606405630708
provenance_v2,llama33_70b,25,0.31645569620253167,0.738739,0.7128523,0.7626197499999998,0.860776,0.606128,0.738739,0.7216400000000001,3.0025797576083684,6.44116087939743,7.396164231209378,6.601772933546454,8.210784359276294
provenance_v2,llama33_70b,26,0.3291139240506329,0.743361,0.7180167249999999,0.7684585,0.821784,0.6551879999999999,0.7433609999999999,0.73769,2.3279482711047454,7.183328812346392,5.835308490633066,5.0397449225187305,6.645255035161972
provenance_v2,llama33_70b,27,0.34177215189873417,0.6721939999999998,0.6446978,0.6988705,0.7502,0.5850759999999999,0.672194,0.671454,1.5018562895741694,4.4901342020291155,4.466973279239799,3.6634847573935985,5.291048446297645
provenance_v2,llama33_70b,28,0.35443037974683544,0.6496379999999999,0.623906075,0.6749493,0.768988,0.525412,0.6496379999999999,0.6382319999999999,4.821561244483911,4.079881441608134,5.922853560893107,5.195052665472031,6.689588665962219
provenance_v2,llama33_70b,29,0.3670886075949367,0.627827,0.6012914749999999,0.655884525,0.7093719999999999,0.536924,0.627827,0.618194,1.0711115250684498,3.4391374042660408,4.702504280216189,3.8481999725103377,5.558953475952148
provenance_v2,llama33_70b,30,0.379746835443038,0.6540719999999999,0.6262011999999999,0.6808170250000001,0.722196,0.5815919999999999,0.6540720000000001,0.625666,0.3853063671298578,4.422317258060572,4.002257864567824,3.198664492368698,4.816789186000824
provenance_v2,llama33_70b,31,0.3924050632911392,0.741906,0.715115025,0.766245075,0.7865359999999999,0.6932039999999999,0.7419060000000001,0.7163200000000001,-0.5214318115393213,6.217308922722009,3.9963057602246135,3.1999152928590773,4.753801929950714
provenance_v2,llama33_70b,32,0.4050632911392405,0.691552,0.6646082499999999,0.718073375,0.7976080000000001,0.568524,0.6915520000000001,0.6450940000000001,2.100595921628292,5.19278128590352,6.645670382372212,5.846252678334713,7.4450562506914135
provenance_v2,llama33_70b,33,0.4177215189873418,0.702983,0.6757309499999999,0.72800415,0.7881279999999999,0.61284,0.702983,0.6621239999999999,3.2318632138204135,5.834561291760209,5.833901206243191,4.931989242136479,6.773935477249323
provenance_v2,llama33_70b,34,0.43037974683544306,0.6356189999999999,0.6061374999999999,0.66414665,0.763596,0.490452,0.635619,0.609154,2.6017283173197914,4.286124277276995,8.543301230874164,7.664852261543274,9.356237870454787
provenance_v2,llama33_70b,35,0.4430379746835443,0.659134,0.6334256,0.6851028499999999,0.802748,0.5160319999999999,0.6591339999999999,0.6122479999999999,5.49414616248085,4.9581962188179345,8.490124202709442,7.610104742646217,9.375565859675406
provenance_v2,llama33_70b,36,0.45569620253164556,0.607996,0.5817413499999999,0.6347132,0.7563,0.46477199999999996,0.607996,0.5786279999999999,6.418138648849161,3.344909558876906,8.009372465238268,7.194261926412582,8.79474672973156
provenance_v2,llama33_70b,37,0.46835443037974683,0.577263,0.546663925,0.605020675,0.703304,0.469584,0.5772630000000001,0.546354,6.6286276714815155,2.498815469705905,6.797977402926611,5.984070652723313,7.577485138177871
provenance_v2,llama33_70b,38,0.4810126582278481,0.5737680000000001,0.5448240000000001,0.6013831500000001,0.7227919999999999,0.44869200000000004,0.5737680000000001,0.566932,8.762974509134686,2.4705295471922932,9.007011742738792,8.140469479560853,9.849983966350555
provenance_v2,llama33_70b,39,0.4936708860759494,0.5971580000000001,0.5689033250000001,0.623717625,0.753412,0.46227999999999997,0.597158,0.5841419999999999,8.730424137731102,3.2885556376648246,9.621198226604129,8.881498885154723,10.376704728603363
provenance_v2,llama33_70b,40,0.5063291139240507,0.593545,0.5659935250000001,0.621827025,0.756476,0.444672,0.593545,0.581994,8.646764502855563,3.23618692875859,10.090983038995443,9.349013221263885,10.837467765808105
provenance_v2,llama33_70b,41,0.5189873417721519,0.6102069999999999,0.5833871,0.63675,0.761116,0.47376,0.6102069999999999,0.600096,8.058160368228474,3.6856776789169663,8.736251387125852,8.095799386501312,9.418279540538787
provenance_v2,llama33_70b,42,0.5316455696202531,0.602918,0.576458375,0.6297847,0.771196,0.45109599999999994,0.6029180000000001,0.589566,8.410227475095272,3.3170893148683893,9.646563793700278,8.930181640386582,10.337411266565322
provenance_v2,llama33_70b,43,0.5443037974683544,0.617567,0.58817865,0.645406075,0.75318,0.491736,0.617567,0.60153,6.891904656211976,3.844800302145963,8.193313639470286,7.4932410538196565,8.838067173957825
provenance_v2,llama33_70b,44,0.5569620253164557,0.641556,0.6127649749999999,0.6688536250000001,0.76332,0.5275319999999999,0.641556,0.6279859999999999,6.204449706254292,4.548010385514659,7.577663863346208,6.870262503623962,8.257715731859207
provenance_v2,llama33_70b,45,0.569620253164557,0.6280840000000001,0.5988267249999999,0.65690065,0.7529600000000001,0.51672,0.6280840000000001,0.617828,6.745194371457691,3.8664644371084513,7.4800263239102005,6.790417039394379,8.127129822969437
provenance_v2,llama33_70b,46,0.5822784810126582,0.633686,0.604995325,0.6613299249999999,0.764624,0.520868,0.633686,0.623532,6.931713308087078,4.094437401844745,7.7537232258646664,7.093828022480011,8.399512016773222
provenance_v2,llama33_70b,47,0.5949367088607594,0.602441,0.574326625,0.6292453,0.7564000000000001,0.45907600000000004,0.602441,0.590242,6.676122911651696,3.060212746611692,8.889013562024756,8.201036548614502,9.546171760559082
provenance_v2,llama33_70b,48,0.6075949367088608,0.572352,0.5435849249999999,0.599722525,0.73554,0.41135599999999994,0.572352,0.555872,6.005847659365072,2.065477478389185,9.548985221312638,8.808985856175422,10.24344770014286
provenance_v2,llama33_70b,49,0.620253164556962,0.623648,0.5964120500000001,0.65228695,0.78478,0.46838,0.623648,0.6206959999999999,5.801879590373464,3.755028262317544,9.321079467058471,8.604102405905724,10.03290891945362
provenance_v2,llama33_70b,50,0.6329113924050633,0.630186,0.602107725,0.6574190999999999,0.7833800000000001,0.484788,0.6301859999999999,0.624192,5.751446820491334,3.993708287488422,8.811242424763641,8.09188498556614,9.538244265317916
provenance_v2,llama33_70b,51,0.6455696202531646,0.633457,0.6054963499999999,0.6597151,0.785384,0.495092,0.6334569999999999,0.632682,5.915869459044282,4.123083874949465,8.872899555891337,8.15944395661354,9.582947841286659
provenance_v2,llama33_70b,52,0.6582278481012658,0.636799,0.608641475,0.66382855,0.7857040000000001,0.500632,0.636799,0.636752,6.2258313308995366,4.244326498420836,9.095336737521558,8.384948486089707,9.815385383367538
provenance_v2,llama33_70b,53,0.6708860759493671,0.5893930000000001,0.5601956,0.6171593000000001,0.732844,0.452468,0.5893930000000001,0.5839759999999999,5.981358667379172,2.5936485476693543,8.576787034877082,7.8860678493976595,9.303712365031242
provenance_v2,llama33_70b,54,0.6835443037974683,0.643502,0.6144783749999999,0.6705063499999999,0.77162,0.523168,0.643502,0.641192,5.3110327609178665,4.280668617399547,7.843811047231524,7.129675781726837,8.576290783286094
provenance_v2,llama33_70b,55,0.6962025316455697,0.6245970000000001,0.5949912250000001,0.6526118749999998,0.7624199999999999,0.490788,0.6245970000000001,0.6104040000000001,4.871241222546851,3.5392241856004385,7.991065163165387,7.286463505029678,8.754529429972171
provenance_v2,llama33_70b,56,0.7088607594936709,0.6227429999999999,0.592453125,0.650599475,0.7532,0.49438000000000004,0.622743,0.604176,4.357731118763616,3.4931366799160832,7.767615480133845,7.057924942672253,8.528428982198237
provenance_v2,llama33_70b,57,0.7215189873417721,0.6383179999999999,0.60931995,0.6663640249999999,0.7627079999999998,0.511212,0.6383179999999999,0.61497,3.9434923316932764,4.114406121049404,7.588223211067341,6.867182121425867,8.352896797284483
provenance_v2,llama33_70b,58,0.7341772151898734,0.592584,0.562223975,0.621657675,0.724584,0.45935200000000004,0.592584,0.579842,3.919724391848715,2.65310788549112,7.660704040849019,6.930020399391651,8.34536972157657
provenance_v2,llama33_70b,59,0.7468354430379747,0.60465,0.574590525,0.6346578999999999,0.723228,0.48463599999999996,0.6046499999999999,0.586086,3.2966095249609184,3.0410958170564095,7.0979235215499035,6.364059702306986,7.793390135467052
provenance_v2,llama33_70b,60,0.759493670886076,0.585805,0.5544813,0.61691135,0.698268,0.473504,0.5858049999999999,0.5690099999999999,3.37416123217901,2.353188961488752,6.473679774331011,5.75373153463006,7.154752612300217
provenance_v2,llama33_70b,61,0.7721518987341772,0.568919,0.538004275,0.59948745,0.674384,0.46518,0.568919,0.543556,2.6783477748551077,1.943301328985231,5.818493585433027,5.111816004919819,6.462708078324795
provenance_v2,llama33_70b,62,0.7848101265822784,0.596397,0.5655437249999999,0.6268594999999999,0.6925439999999999,0.502372,0.5963970000000001,0.5740080000000001,2.284022204420633,2.679677838029112,5.383618372305132,4.65167080857791,6.082587069272995
provenance_v2,llama33_70b,63,0.7974683544303798,0.615339,0.5843856249999999,0.6454979000000001,0.690812,0.54206,0.6153390000000001,0.5848220000000001,1.8569962669279025,3.3674317790692614,4.2638367742659185,3.5543265845626593,4.932653529755771
provenance_v2,llama33_70b,64,0.810126582278481,0.580033,0.549271425,0.611490675,0.6692680000000001,0.49368,0.580033,0.554726,2.168635966698068,2.3123764545425964,4.808123300917359,4.146099297888577,5.472014432400465
provenance_v2,llama33_70b,65,0.8227848101265823,0.575939,0.54337395,0.6063875249999999,0.6626,0.49149599999999993,0.575939,0.5562039999999999,2.5871565789357733,2.259386905764308,4.8072330703508985,4.14799370020628,5.486896918504499
provenance_v2,llama33_70b,66,0.8354430379746836,0.5661179999999999,0.53476355,0.596182325,0.6582440000000002,0.476256,0.5661179999999999,0.5530059999999999,2.4602565993480403,1.9395709457326005,5.220515321954243,4.5508689159527425,5.9241206360980865
provenance_v2,llama33_70b,67,0.8481012658227848,0.583009,0.5505175250000001,0.612946,0.6792999999999999,0.48973599999999995,0.5830089999999999,0.569776,2.2618564931653116,2.4418712888161704,5.3227607872161125,4.645950228348374,6.034294115751981
provenance_v2,llama33_70b,68,0.8607594936708861,0.6150500000000001,0.5844042999999999,0.6445481999999999,0.709408,0.522428,0.61505,0.59309,1.9846007070831373,3.174623243880019,4.9531672344973074,4.284341342002153,5.679033198952675
provenance_v2,llama33_70b,69,0.8734177215189873,0.637312,0.6051491,0.6668809,0.72878,0.544908,0.637312,0.611726,1.741665657522279,3.801116763879706,5.058056093613766,4.394563969224691,5.712691901624202
provenance_v2,llama33_70b,70,0.8860759493670886,0.6331810000000001,0.600227425,0.6629306249999999,0.7197600000000001,0.544392,0.633181,0.6152820000000001,1.7249524553319797,3.561161263469766,4.8099778783840375,4.164099586382508,5.461065129935742
provenance_v2,llama33_70b,71,0.8987341772151899,0.6111360000000001,0.578378175,0.6414414499999999,0.715392,0.507636,0.611136,0.596468,2.1931436307911,2.886074456080926,5.343469023785426,4.727898909151554,5.980037762224674
provenance_v2,llama33_70b,72,0.9113924050632911,0.618314,0.5877213499999999,0.649676375,0.727216,0.510232,0.618314,0.600704,2.6855978394340405,2.9817277538205853,5.624221290334654,4.989609067514539,6.268402418494224
provenance_v2,llama33_70b,73,0.9240506329113924,0.6066239999999999,0.5753278999999999,0.6369817249999999,0.708956,0.50432,0.606624,0.59646,2.5767319728050686,2.749711115474201,5.411925829933491,4.737581515405327,6.101625713333488
provenance_v2,llama33_70b,74,0.9367088607594937,0.630819,0.6005775,0.660623075,0.7242199999999999,0.537336,0.630819,0.6159779999999999,2.7349004002286583,3.5442509092205436,5.372789490290721,4.711976780742407,6.054494954878464
provenance_v2,llama33_70b,75,0.9493670886075949,0.642827,0.6139078999999998,0.6720944249999999,0.7375359999999999,0.551696,0.642827,0.6164080000000001,3.4383676085501804,4.070503269623655,5.546287343348774,4.8509641289711,6.2373063184320925
provenance_v2,llama33_70b,76,0.9620253164556962,0.657176,0.629398825,0.686441125,0.752284,0.56794,0.657176,0.6294660000000001,4.001169027577565,4.478241997915179,5.710211873139517,5.005937910079956,6.425608171522617
provenance_v2,llama33_70b,77,0.9746835443037974,0.6669619999999999,0.6379885,0.6953831,0.7504679999999999,0.5895279999999999,0.6669619999999999,0.6348119999999999,3.891509941139526,4.704810221054705,5.09636547401099,4.368234547972679,5.81037829220295
provenance_v2,llama33_70b,78,0.9873417721518988,0.642831,0.6132880500000001,0.671902875,0.7403799999999999,0.5529080000000001,0.642831,0.619856,4.561191557683404,4.05858610720294,5.6910301790738,4.942705249786377,6.428643548488616
provenance_v2,llama33_70b,79,1.0,0.633261,0.60418465,0.66423655,0.724196,0.5482199999999999,0.633261,0.612452,4.2793268544870875,3.99771512249282,5.524467494098772,4.731027033925057,6.26803817152977
