model,layer,section,split,family_mean_auc,ci95_lo,ci95_hi,families_above_chance,n_families,sign_test_p
llama31_8b,0,binding_v2_within_condition,within:consequence:h0,0.49761718750000006,0.49064404296875,0.5050585937500001,2,8,0.96484375
llama31_8b,0,binding_v2_within_condition,within:consequence:h1,0.50416015625,0.4935546875,0.51318359375,6,8,0.14453125
llama31_8b,0,binding_v2_within_condition,within:consequence:h2,0.5087109375000001,0.49900390625,0.5172861328125,7,8,0.03515625
llama31_8b,0,binding_v2_within_condition,within:neutral:h0,0.509296875,0.5067768554687501,0.5118554687500001,8,8,0.00390625
llama31_8b,0,binding_v2_within_condition,within:neutral:h1,0.49798828125,0.4940234375,0.50203173828125,3,8,0.85546875
llama31_8b,0,binding_v2_within_condition,within:neutral:h2,0.49529296875000006,0.48929638671875,0.50183642578125,2,8,0.96484375
llama31_8b,0,hop_transfer,hop:consequence:0to1,0.49765625,0.49080078125000004,0.5082231445312501,1,8,0.99609375
llama31_8b,0,hop_transfer,hop:consequence:0to2,0.5013671875000001,0.49494140625000005,0.50750048828125,4,8,0.63671875
llama31_8b,0,hop_transfer,hop:neutral:0to1,0.502578125,0.49595703125,0.5091992187500001,5,8,0.36328125
llama31_8b,0,hop_transfer,hop:neutral:0to2,0.5078125,0.501171875,0.51453125,5,8,0.36328125
llama31_8b,0,frozen_stated_purpose_probe,consequence:h0,0.49921875000000004,0.4966796875,0.50166015625,4,8,0.63671875
llama31_8b,0,frozen_stated_purpose_probe,consequence:h1,0.4992578125,0.49775390625000004,0.50072265625,2,8,0.96484375
llama31_8b,0,frozen_stated_purpose_probe,consequence:h2,0.50197265625,0.49955078124999996,0.5045507812500001,6,8,0.14453125
llama31_8b,0,frozen_stated_purpose_probe,neutral:h0,0.5032812500000001,0.50068359375,0.5059374999999999,6,8,0.14453125
llama31_8b,0,frozen_stated_purpose_probe,neutral:h1,0.498671875,0.49585937500000005,0.5014453125,4,8,0.63671875
llama31_8b,0,frozen_stated_purpose_probe,neutral:h2,0.50037109375,0.496796875,0.50302734375,6,8,0.14453125
llama31_8b,1,binding_v2_within_condition,within:consequence:h0,0.50248046875,0.4859375,0.5162500000000001,6,8,0.14453125
llama31_8b,1,binding_v2_within_condition,within:consequence:h1,0.49896484375,0.48947265624999997,0.50900439453125,3,8,0.85546875
llama31_8b,1,binding_v2_within_condition,within:consequence:h2,0.502919921875,0.49791015625,0.5083886718749999,5,8,0.36328125
llama31_8b,1,binding_v2_within_condition,within:neutral:h0,0.5044140625,0.49456982421875,0.514376953125,5,8,0.36328125
llama31_8b,1,binding_v2_within_condition,within:neutral:h1,0.49203125000000003,0.48355468749999997,0.50095751953125,2,8,0.96484375
llama31_8b,1,binding_v2_within_condition,within:neutral:h2,0.49087890624999997,0.48552734374999995,0.49691406250000003,1,8,0.99609375
llama31_8b,1,hop_transfer,hop:consequence:0to1,0.50162109375,0.49572265625,0.508046875,4,8,0.63671875
llama31_8b,1,hop_transfer,hop:consequence:0to2,0.49849609375,0.4924609375,0.5047070312499999,3,8,0.85546875
llama31_8b,1,hop_transfer,hop:neutral:0to1,0.50037109375,0.495078125,0.50630859375,4,8,0.63671875
llama31_8b,1,hop_transfer,hop:neutral:0to2,0.5074023437499999,0.49535107421875,0.5198247070312499,5,8,0.36328125
llama31_8b,1,frozen_stated_purpose_probe,consequence:h0,0.500625,0.49779296875,0.50291015625,5,8,0.36328125
llama31_8b,1,frozen_stated_purpose_probe,consequence:h1,0.5013085937499999,0.49615234375000006,0.5058984375,5,8,0.36328125
llama31_8b,1,frozen_stated_purpose_probe,consequence:h2,0.499140625,0.4952734375,0.503515625,3,8,0.85546875
llama31_8b,1,frozen_stated_purpose_probe,neutral:h0,0.499609375,0.49789062500000003,0.5016015624999999,3,8,0.85546875
llama31_8b,1,frozen_stated_purpose_probe,neutral:h1,0.50123046875,0.4958203125,0.50701171875,4,8,0.63671875
llama31_8b,1,frozen_stated_purpose_probe,neutral:h2,0.5035546875,0.5011328125000001,0.50650390625,7,8,0.03515625
llama31_8b,2,binding_v2_within_condition,within:consequence:h0,0.4945703125,0.4841015625,0.50638671875,2,8,0.96484375
llama31_8b,2,binding_v2_within_condition,within:consequence:h1,0.4992578125,0.49035107421875,0.5086328125,4,8,0.63671875
llama31_8b,2,binding_v2_within_condition,within:consequence:h2,0.5090039062499999,0.500234375,0.51732421875,5,8,0.36328125
llama31_8b,2,binding_v2_within_condition,within:neutral:h0,0.50013671875,0.49111279296875,0.5088867187499999,4,8,0.63671875
llama31_8b,2,binding_v2_within_condition,within:neutral:h1,0.50330078125,0.49447265625000003,0.50953125,6,8,0.14453125
llama31_8b,2,binding_v2_within_condition,within:neutral:h2,0.49876953124999995,0.49335937500000004,0.5054296875,4,8,0.63671875
llama31_8b,2,hop_transfer,hop:consequence:0to1,0.5088671874999999,0.50267578125,0.5152734375,5,8,0.36328125
llama31_8b,2,hop_transfer,hop:consequence:0to2,0.49953125000000004,0.48890625,0.51,4,8,0.63671875
llama31_8b,2,hop_transfer,hop:neutral:0to1,0.4971484375,0.48828125,0.505390625,5,8,0.36328125
llama31_8b,2,hop_transfer,hop:neutral:0to2,0.5041015625,0.4962109375,0.5113085937499999,6,8,0.14453125
llama31_8b,2,frozen_stated_purpose_probe,consequence:h0,0.49873046874999993,0.4961914062499999,0.5013281249999999,3,8,0.85546875
llama31_8b,2,frozen_stated_purpose_probe,consequence:h1,0.50205078125,0.49818359375000004,0.50646484375,4,8,0.63671875
llama31_8b,2,frozen_stated_purpose_probe,consequence:h2,0.49734375,0.49521484374999997,0.49984375000000003,2,8,0.96484375
llama31_8b,2,frozen_stated_purpose_probe,neutral:h0,0.494609375,0.49138671875000006,0.49763671875,1,8,0.99609375
llama31_8b,2,frozen_stated_purpose_probe,neutral:h1,0.50419921875,0.501015625,0.50752001953125,6,8,0.14453125
llama31_8b,2,frozen_stated_purpose_probe,neutral:h2,0.49599609375,0.49318359375,0.4987890625,2,8,0.96484375
llama31_8b,3,binding_v2_within_condition,within:consequence:h0,0.48056640625,0.47099462890625,0.48980615234374997,0,8,1.0
llama31_8b,3,binding_v2_within_condition,within:consequence:h1,0.49794921875,0.49187499999999995,0.506171875,2,8,0.96484375
llama31_8b,3,binding_v2_within_condition,within:consequence:h2,0.5114453125,0.50267578125,0.51996142578125,5,8,0.36328125
llama31_8b,3,binding_v2_within_condition,within:neutral:h0,0.49677734375000004,0.48591796875000004,0.5073046875,5,8,0.36328125
llama31_8b,3,binding_v2_within_condition,within:neutral:h1,0.51072265625,0.50355419921875,0.5174609375,7,8,0.03515625
llama31_8b,3,binding_v2_within_condition,within:neutral:h2,0.4984765625,0.4846474609375,0.51119189453125,4,8,0.63671875
llama31_8b,3,hop_transfer,hop:consequence:0to1,0.4909765625,0.4794140625,0.5020703125,3,8,0.85546875
llama31_8b,3,hop_transfer,hop:consequence:0to2,0.497109375,0.48857373046874997,0.5059775390625001,4,8,0.63671875
llama31_8b,3,hop_transfer,hop:neutral:0to1,0.49728515625,0.49289013671875004,0.5019140625,3,8,0.85546875
llama31_8b,3,hop_transfer,hop:neutral:0to2,0.49882812500000007,0.49515624999999996,0.50255859375,4,8,0.63671875
llama31_8b,3,frozen_stated_purpose_probe,consequence:h0,0.50095703125,0.49800781250000004,0.50365234375,5,8,0.36328125
llama31_8b,3,frozen_stated_purpose_probe,consequence:h1,0.5018554687500001,0.49812500000000004,0.50509765625,6,8,0.14453125
llama31_8b,3,frozen_stated_purpose_probe,consequence:h2,0.50189453125,0.49933496093749996,0.5046875,5,8,0.36328125
llama31_8b,3,frozen_stated_purpose_probe,neutral:h0,0.500546875,0.49845703125,0.5025,5,8,0.36328125
llama31_8b,3,frozen_stated_purpose_probe,neutral:h1,0.49904296875,0.49654296875,0.50150390625,3,8,0.85546875
llama31_8b,3,frozen_stated_purpose_probe,neutral:h2,0.5000390625,0.49699218749999996,0.5033203125,4,8,0.63671875
llama31_8b,4,binding_v2_within_condition,within:consequence:h0,0.48033203125,0.4530849609375,0.5029296875,3,8,0.85546875
llama31_8b,4,binding_v2_within_condition,within:consequence:h1,0.49115234375000005,0.48642529296875003,0.49539062500000003,0,8,1.0
llama31_8b,4,binding_v2_within_condition,within:consequence:h2,0.50759765625,0.50175732421875,0.5140429687499999,6,8,0.14453125
llama31_8b,4,binding_v2_within_condition,within:neutral:h0,0.49343750000000003,0.47523388671875,0.51109375,3,8,0.85546875
llama31_8b,4,binding_v2_within_condition,within:neutral:h1,0.51009765625,0.503671875,0.5165234375000001,7,8,0.03515625
llama31_8b,4,binding_v2_within_condition,within:neutral:h2,0.5005078125,0.48820312499999996,0.51072265625,4,8,0.63671875
llama31_8b,4,hop_transfer,hop:consequence:0to1,0.49291015625,0.48494140625000004,0.50033203125,3,8,0.85546875
llama31_8b,4,hop_transfer,hop:consequence:0to2,0.49994140625,0.49318359375000004,0.5052734375,5,8,0.36328125
llama31_8b,4,hop_transfer,hop:neutral:0to1,0.4970703125,0.4899609375,0.5035351562499999,5,8,0.36328125
llama31_8b,4,hop_transfer,hop:neutral:0to2,0.50228515625,0.49484375,0.511953125,2,8,0.96484375
llama31_8b,4,frozen_stated_purpose_probe,consequence:h0,0.5010937499999999,0.49658203125,0.5057421875,4,8,0.63671875
llama31_8b,4,frozen_stated_purpose_probe,consequence:h1,0.50080078125,0.49806640625,0.5037304687499999,4,8,0.63671875
llama31_8b,4,frozen_stated_purpose_probe,consequence:h2,0.49978515625000003,0.4955859375,0.5028125,5,8,0.36328125
llama31_8b,4,frozen_stated_purpose_probe,neutral:h0,0.49869140624999997,0.4931640625,0.5048046874999998,2,8,0.96484375
llama31_8b,4,frozen_stated_purpose_probe,neutral:h1,0.49857421874999996,0.49576123046875,0.50115234375,2,8,0.96484375
llama31_8b,4,frozen_stated_purpose_probe,neutral:h2,0.49921875000000004,0.4965234375,0.5018559570312501,4,8,0.63671875
llama31_8b,5,binding_v2_within_condition,within:consequence:h0,0.4918359375,0.45751953125,0.51990234375,5,8,0.36328125
llama31_8b,5,binding_v2_within_condition,within:consequence:h1,0.49517578125,0.48875,0.5022265625,3,8,0.85546875
llama31_8b,5,binding_v2_within_condition,within:consequence:h2,0.49740234375000003,0.4916796875,0.5035156249999999,3,8,0.85546875
llama31_8b,5,binding_v2_within_condition,within:neutral:h0,0.49728515625,0.48255859375,0.51025390625,4,8,0.63671875
llama31_8b,5,binding_v2_within_condition,within:neutral:h1,0.50201171875,0.49791015624999996,0.50578125,5,8,0.36328125
llama31_8b,5,binding_v2_within_condition,within:neutral:h2,0.50162109375,0.49626953125,0.50787109375,4,8,0.63671875
llama31_8b,5,hop_transfer,hop:consequence:0to1,0.49546875,0.48732421875000004,0.50312548828125,3,8,0.85546875
llama31_8b,5,hop_transfer,hop:consequence:0to2,0.5010937499999999,0.49599560546875,0.50566455078125,5,8,0.36328125
llama31_8b,5,hop_transfer,hop:neutral:0to1,0.49572265625,0.4853125,0.5043359374999999,3,8,0.85546875
llama31_8b,5,hop_transfer,hop:neutral:0to2,0.49808593749999996,0.4903125,0.5066220703125,2,8,0.96484375
llama31_8b,5,frozen_stated_purpose_probe,consequence:h0,0.50111328125,0.4986328125,0.50322314453125,6,8,0.14453125
llama31_8b,5,frozen_stated_purpose_probe,consequence:h1,0.49875,0.4965234375,0.5009765625,3,8,0.85546875
llama31_8b,5,frozen_stated_purpose_probe,consequence:h2,0.5010937499999999,0.49890624999999994,0.50343798828125,6,8,0.14453125
llama31_8b,5,frozen_stated_purpose_probe,neutral:h0,0.49765625,0.49482421875000004,0.5006640625000001,3,8,0.85546875
llama31_8b,5,frozen_stated_purpose_probe,neutral:h1,0.49974609375,0.4977734375,0.50169921875,4,8,0.63671875
llama31_8b,5,frozen_stated_purpose_probe,neutral:h2,0.50048828125,0.49882812500000007,0.50228515625,4,8,0.63671875
llama31_8b,6,binding_v2_within_condition,within:consequence:h0,0.5092578125,0.4790224609375,0.53291064453125,6,8,0.14453125
llama31_8b,6,binding_v2_within_condition,within:consequence:h1,0.49890625,0.49333935546874996,0.50458984375,5,8,0.36328125
llama31_8b,6,binding_v2_within_condition,within:consequence:h2,0.49509765625,0.487734375,0.50443359375,1,8,0.99609375
llama31_8b,6,binding_v2_within_condition,within:neutral:h0,0.5001171875,0.488046875,0.5124819335937499,4,8,0.63671875
llama31_8b,6,binding_v2_within_condition,within:neutral:h1,0.50833984375,0.5033398437500001,0.5125976562499999,7,8,0.03515625
llama31_8b,6,binding_v2_within_condition,within:neutral:h2,0.49691406250000003,0.48744140625000004,0.5067578125,3,8,0.85546875
llama31_8b,6,hop_transfer,hop:consequence:0to1,0.49478515624999997,0.48763623046875,0.50107470703125,2,8,0.96484375
llama31_8b,6,hop_transfer,hop:consequence:0to2,0.49658203125,0.49398437500000003,0.49894531249999996,1,8,0.99609375
llama31_8b,6,hop_transfer,hop:neutral:0to1,0.5003124999999999,0.49017578125000005,0.51083984375,3,8,0.85546875
llama31_8b,6,hop_transfer,hop:neutral:0to2,0.49859375,0.4942578125,0.50318359375,4,8,0.63671875
llama31_8b,6,frozen_stated_purpose_probe,consequence:h0,0.4990625,0.4957617187500001,0.5024609375000001,3,8,0.85546875
llama31_8b,6,frozen_stated_purpose_probe,consequence:h1,0.5003515625,0.49710937499999996,0.5037109375,4,8,0.63671875
llama31_8b,6,frozen_stated_purpose_probe,consequence:h2,0.5011523437500001,0.49943359374999996,0.5031249999999999,5,8,0.36328125
llama31_8b,6,frozen_stated_purpose_probe,neutral:h0,0.49599609375,0.4916796875,0.5000781249999999,3,8,0.85546875
llama31_8b,6,frozen_stated_purpose_probe,neutral:h1,0.49814453124999997,0.49607421875,0.50029296875,2,8,0.96484375
llama31_8b,6,frozen_stated_purpose_probe,neutral:h2,0.49863281249999997,0.49562451171875,0.5017578125,2,8,0.96484375
llama31_8b,7,binding_v2_within_condition,within:consequence:h0,0.512734375,0.49009521484375,0.5315830078125,6,8,0.14453125
llama31_8b,7,binding_v2_within_condition,within:consequence:h1,0.5021093750000001,0.496484375,0.5078906249999999,4,8,0.63671875
llama31_8b,7,binding_v2_within_condition,within:consequence:h2,0.50501953125,0.49779296875,0.5123632812499999,5,8,0.36328125
llama31_8b,7,binding_v2_within_condition,within:neutral:h0,0.4921484375,0.48529248046875,0.49914111328125,2,8,0.96484375
llama31_8b,7,binding_v2_within_condition,within:neutral:h1,0.50599609375,0.49902294921875,0.5124804687500001,5,8,0.36328125
llama31_8b,7,binding_v2_within_condition,within:neutral:h2,0.49531249999999993,0.4874013671875,0.50298828125,4,8,0.63671875
llama31_8b,7,hop_transfer,hop:consequence:0to1,0.4947265625,0.49019531250000004,0.49929687500000003,2,8,0.96484375
llama31_8b,7,hop_transfer,hop:consequence:0to2,0.49878906250000005,0.49466796875,0.5029296875,4,8,0.63671875
llama31_8b,7,hop_transfer,hop:neutral:0to1,0.49990234375000003,0.4893945312500001,0.51003955078125,4,8,0.63671875
llama31_8b,7,hop_transfer,hop:neutral:0to2,0.50369140625,0.4978125,0.50949267578125,5,8,0.36328125
llama31_8b,7,frozen_stated_purpose_probe,consequence:h0,0.50126953125,0.49244140625,0.51263671875,2,8,0.96484375
llama31_8b,7,frozen_stated_purpose_probe,consequence:h1,0.5003710937500001,0.49837890625000003,0.502265625,5,8,0.36328125
llama31_8b,7,frozen_stated_purpose_probe,consequence:h2,0.4995703125,0.49789013671875,0.501015625,5,8,0.36328125
llama31_8b,7,frozen_stated_purpose_probe,neutral:h0,0.5012109375,0.49724609375,0.5050195312500001,5,8,0.36328125
llama31_8b,7,frozen_stated_purpose_probe,neutral:h1,0.49974609375,0.49767578125,0.5019140624999999,4,8,0.63671875
llama31_8b,7,frozen_stated_purpose_probe,neutral:h2,0.4996484375,0.49798828125000005,0.5014453125,3,8,0.85546875
llama31_8b,8,binding_v2_within_condition,within:consequence:h0,0.5158984375,0.4947265625000001,0.53212890625,7,8,0.03515625
llama31_8b,8,binding_v2_within_condition,within:consequence:h1,0.50345703125,0.49984375000000003,0.5069140625,6,8,0.14453125
llama31_8b,8,binding_v2_within_condition,within:consequence:h2,0.49802734375,0.49042968750000004,0.505390625,3,8,0.85546875
llama31_8b,8,binding_v2_within_condition,within:neutral:h0,0.47888671875,0.46699218750000004,0.49062597656249995,2,8,0.96484375
llama31_8b,8,binding_v2_within_condition,within:neutral:h1,0.50431640625,0.49986328125,0.50853515625,6,8,0.14453125
llama31_8b,8,binding_v2_within_condition,within:neutral:h2,0.49029296875,0.483984375,0.49646484375,1,8,0.99609375
llama31_8b,8,hop_transfer,hop:consequence:0to1,0.50029296875,0.49453125000000003,0.5068359375,4,8,0.63671875
llama31_8b,8,hop_transfer,hop:consequence:0to2,0.4954296875,0.490703125,0.49953125,2,8,0.96484375
llama31_8b,8,hop_transfer,hop:neutral:0to1,0.5005859375,0.48982421875,0.5090234375,5,8,0.36328125
llama31_8b,8,hop_transfer,hop:neutral:0to2,0.5025390625,0.496015625,0.5090625,4,8,0.63671875
llama31_8b,8,frozen_stated_purpose_probe,consequence:h0,0.50267578125,0.49654248046875005,0.5091796875,4,8,0.63671875
llama31_8b,8,frozen_stated_purpose_probe,consequence:h1,0.50150390625,0.49876953124999995,0.50431640625,5,8,0.36328125
llama31_8b,8,frozen_stated_purpose_probe,consequence:h2,0.4969921875,0.49373046875000004,0.5000585937500001,3,8,0.85546875
llama31_8b,8,frozen_stated_purpose_probe,neutral:h0,0.50318359375,0.49923828125,0.5078125,4,8,0.63671875
llama31_8b,8,frozen_stated_purpose_probe,neutral:h1,0.5004296875,0.49767578125,0.5040039062499999,2,8,0.96484375
llama31_8b,8,frozen_stated_purpose_probe,neutral:h2,0.50044921875,0.49734375,0.50418017578125,3,8,0.85546875
llama31_8b,9,binding_v2_within_condition,within:consequence:h0,0.50986328125,0.48562451171875004,0.52935546875,6,8,0.14453125
llama31_8b,9,binding_v2_within_condition,within:consequence:h1,0.5008203124999999,0.49548828125,0.50615283203125,4,8,0.63671875
llama31_8b,9,binding_v2_within_condition,within:consequence:h2,0.507578125,0.49822265624999995,0.51701171875,6,8,0.14453125
llama31_8b,9,binding_v2_within_condition,within:neutral:h0,0.47097656250000003,0.46025390625,0.4831455078125,1,8,0.99609375
llama31_8b,9,binding_v2_within_condition,within:neutral:h1,0.4991015625,0.49490234375,0.5038671875,3,8,0.85546875
llama31_8b,9,binding_v2_within_condition,within:neutral:h2,0.49421875000000004,0.48919921875000005,0.49982470703125004,1,8,0.99609375
llama31_8b,9,hop_transfer,hop:consequence:0to1,0.49712890625,0.48892578124999997,0.5030078125,4,8,0.63671875
llama31_8b,9,hop_transfer,hop:consequence:0to2,0.49462890625,0.49191406249999997,0.49755859375,1,8,0.99609375
llama31_8b,9,hop_transfer,hop:neutral:0to1,0.50060546875,0.4927734375000001,0.50751953125,5,8,0.36328125
llama31_8b,9,hop_transfer,hop:neutral:0to2,0.50328125,0.497109375,0.5090625,5,8,0.36328125
llama31_8b,9,frozen_stated_purpose_probe,consequence:h0,0.49978515625,0.49400390625,0.50658251953125,2,8,0.96484375
llama31_8b,9,frozen_stated_purpose_probe,consequence:h1,0.5001171874999999,0.49806640625,0.5023046874999999,3,8,0.85546875
llama31_8b,9,frozen_stated_purpose_probe,consequence:h2,0.499453125,0.4985546875,0.50048828125,2,8,0.96484375
llama31_8b,9,frozen_stated_purpose_probe,neutral:h0,0.49828125,0.49447216796875,0.50201171875,4,8,0.63671875
llama31_8b,9,frozen_stated_purpose_probe,neutral:h1,0.50029296875,0.49775390625,0.5025195312499999,5,8,0.36328125
llama31_8b,9,frozen_stated_purpose_probe,neutral:h2,0.50029296875,0.49888671874999996,0.50185546875,4,8,0.63671875
llama31_8b,10,binding_v2_within_condition,within:consequence:h0,0.548203125,0.50294873046875,0.596171875,7,8,0.03515625
llama31_8b,10,binding_v2_within_condition,within:consequence:h1,0.49828125,0.49544921875000003,0.5008789062500001,2,8,0.96484375
llama31_8b,10,binding_v2_within_condition,within:consequence:h2,0.50462890625,0.49906249999999996,0.5091796875000001,6,8,0.14453125
llama31_8b,10,binding_v2_within_condition,within:neutral:h0,0.48980468749999995,0.47947265625,0.50148583984375,2,8,0.96484375
llama31_8b,10,binding_v2_within_condition,within:neutral:h1,0.4966015625,0.49193359375,0.50142578125,2,8,0.96484375
llama31_8b,10,binding_v2_within_condition,within:neutral:h2,0.49539062500000003,0.49099609375,0.500859375,1,8,0.99609375
llama31_8b,10,hop_transfer,hop:consequence:0to1,0.50234375,0.49818359375,0.50660205078125,5,8,0.36328125
llama31_8b,10,hop_transfer,hop:consequence:0to2,0.49812500000000004,0.49390625,0.5025000000000001,3,8,0.85546875
llama31_8b,10,hop_transfer,hop:neutral:0to1,0.50208984375,0.49599609375,0.50820361328125,4,8,0.63671875
llama31_8b,10,hop_transfer,hop:neutral:0to2,0.5005859375,0.49568359375000004,0.50611376953125,4,8,0.63671875
llama31_8b,10,frozen_stated_purpose_probe,consequence:h0,0.49298828124999994,0.4824609375,0.5018554687499999,2,8,0.96484375
llama31_8b,10,frozen_stated_purpose_probe,consequence:h1,0.499921875,0.4983203125,0.5016015625,3,8,0.85546875
llama31_8b,10,frozen_stated_purpose_probe,consequence:h2,0.50181640625,0.49931640625000007,0.5039453125,6,8,0.14453125
llama31_8b,10,frozen_stated_purpose_probe,neutral:h0,0.49814453125,0.49380859375,0.5023632812500001,3,8,0.85546875
llama31_8b,10,frozen_stated_purpose_probe,neutral:h1,0.50125,0.49818359375,0.5042187499999999,4,8,0.63671875
llama31_8b,10,frozen_stated_purpose_probe,neutral:h2,0.4956640625,0.49285156249999995,0.49859423828124994,1,8,0.99609375
llama31_8b,11,binding_v2_within_condition,within:consequence:h0,0.62064453125,0.54029296875,0.708203125,6,8,0.14453125
llama31_8b,11,binding_v2_within_condition,within:consequence:h1,0.5044921874999999,0.49697265625,0.5117578125,6,8,0.14453125
llama31_8b,11,binding_v2_within_condition,within:consequence:h2,0.49779296875,0.49226562500000004,0.50412109375,2,8,0.96484375
llama31_8b,11,binding_v2_within_condition,within:neutral:h0,0.49242187499999995,0.481953125,0.50291064453125,2,8,0.96484375
llama31_8b,11,binding_v2_within_condition,within:neutral:h1,0.48759765624999996,0.48265624999999995,0.4928916015625,1,8,0.99609375
llama31_8b,11,binding_v2_within_condition,within:neutral:h2,0.49761718750000006,0.4925390625,0.5021484375,3,8,0.85546875
llama31_8b,11,hop_transfer,hop:consequence:0to1,0.512421875,0.50244140625,0.52505859375,6,8,0.14453125
llama31_8b,11,hop_transfer,hop:consequence:0to2,0.49880859375000003,0.49503906249999996,0.5034189453125,2,8,0.96484375
llama31_8b,11,hop_transfer,hop:neutral:0to1,0.5027734374999999,0.49763671875,0.507265625,5,8,0.36328125
llama31_8b,11,hop_transfer,hop:neutral:0to2,0.5035546875000001,0.4986328125000001,0.50890625,5,8,0.36328125
llama31_8b,11,frozen_stated_purpose_probe,consequence:h0,0.49478515624999997,0.4787890625,0.5063671875,4,8,0.63671875
llama31_8b,11,frozen_stated_purpose_probe,consequence:h1,0.49974609375,0.4970703125,0.501875,5,8,0.36328125
llama31_8b,11,frozen_stated_purpose_probe,consequence:h2,0.50064453125,0.49884765625000005,0.50248046875,4,8,0.63671875
llama31_8b,11,frozen_stated_purpose_probe,neutral:h0,0.49248046875,0.48539062499999996,0.49876953124999995,1,8,0.99609375
llama31_8b,11,frozen_stated_purpose_probe,neutral:h1,0.5025976562500001,0.5009765625,0.504140625,7,8,0.03515625
llama31_8b,11,frozen_stated_purpose_probe,neutral:h2,0.49978515625,0.4967578125,0.5040820312500001,2,8,0.96484375
llama31_8b,12,binding_v2_within_condition,within:consequence:h0,0.70220703125,0.5906215820312499,0.8239121093749999,7,8,0.03515625
llama31_8b,12,binding_v2_within_condition,within:consequence:h1,0.60353515625,0.5443554687500001,0.6741601562499999,7,8,0.03515625
llama31_8b,12,binding_v2_within_condition,within:consequence:h2,0.49837890625000003,0.49095703125,0.50466796875,5,8,0.36328125
llama31_8b,12,binding_v2_within_condition,within:neutral:h0,0.5273828125,0.50355224609375,0.5510546875,5,8,0.36328125
llama31_8b,12,binding_v2_within_condition,within:neutral:h1,0.48779296875,0.4710732421875,0.49878955078125,1,8,0.99609375
llama31_8b,12,binding_v2_within_condition,within:neutral:h2,0.49611328125,0.48933544921875,0.5015830078125001,3,8,0.85546875
llama31_8b,12,hop_transfer,hop:consequence:0to1,0.5731249999999999,0.52628857421875,0.64140625,8,8,0.00390625
llama31_8b,12,hop_transfer,hop:consequence:0to2,0.5053125,0.49521484375,0.5149609374999999,4,8,0.63671875
llama31_8b,12,hop_transfer,hop:neutral:0to1,0.50822265625,0.50232421875,0.5144926757812499,7,8,0.03515625
llama31_8b,12,hop_transfer,hop:neutral:0to2,0.5019140625,0.494765625,0.5080078125,6,8,0.14453125
llama31_8b,12,frozen_stated_purpose_probe,consequence:h0,0.5037890625,0.49814404296875003,0.50980517578125,5,8,0.36328125
llama31_8b,12,frozen_stated_purpose_probe,consequence:h1,0.49646484375,0.49228515625,0.50056689453125,1,8,0.99609375
llama31_8b,12,frozen_stated_purpose_probe,consequence:h2,0.5008007812499999,0.4979296875,0.50406298828125,4,8,0.63671875
llama31_8b,12,frozen_stated_purpose_probe,neutral:h0,0.495859375,0.49238281250000004,0.49953125,2,8,0.96484375
llama31_8b,12,frozen_stated_purpose_probe,neutral:h1,0.49972656249999997,0.49624999999999997,0.5023437500000001,5,8,0.36328125
llama31_8b,12,frozen_stated_purpose_probe,neutral:h2,0.500703125,0.49923779296875,0.50232421875,4,8,0.63671875
llama31_8b,13,binding_v2_within_condition,within:consequence:h0,0.7566015625,0.632185546875,0.8830087890625,7,8,0.03515625
llama31_8b,13,binding_v2_within_condition,within:consequence:h1,0.6339257812500001,0.5686484374999999,0.7024999999999999,7,8,0.03515625
llama31_8b,13,binding_v2_within_condition,within:consequence:h2,0.5076171875,0.49742089843750004,0.51611328125,6,8,0.14453125
llama31_8b,13,binding_v2_within_condition,within:neutral:h0,0.5224121093749999,0.496959716796875,0.5523046875,4,8,0.63671875
llama31_8b,13,binding_v2_within_condition,within:neutral:h1,0.49164062499999994,0.47509765625,0.503203125,3,8,0.85546875
llama31_8b,13,binding_v2_within_condition,within:neutral:h2,0.4965234375,0.48853515625,0.50392626953125,4,8,0.63671875
llama31_8b,13,hop_transfer,hop:consequence:0to1,0.6006835937499999,0.5441796875,0.6729296874999999,7,8,0.03515625
llama31_8b,13,hop_transfer,hop:consequence:0to2,0.51609375,0.50456982421875,0.52888671875,6,8,0.14453125
llama31_8b,13,hop_transfer,hop:neutral:0to1,0.49910156250000004,0.49097607421875,0.506796875,4,8,0.63671875
llama31_8b,13,hop_transfer,hop:neutral:0to2,0.49945312499999994,0.4977734375,0.5012109375,4,8,0.63671875
llama31_8b,13,frozen_stated_purpose_probe,consequence:h0,0.51318359375,0.5023828125,0.52505859375,7,8,0.03515625
llama31_8b,13,frozen_stated_purpose_probe,consequence:h1,0.50458984375,0.496328125,0.51373193359375,6,8,0.14453125
llama31_8b,13,frozen_stated_purpose_probe,consequence:h2,0.50109375,0.49915966796875,0.5031640625,6,8,0.14453125
llama31_8b,13,frozen_stated_purpose_probe,neutral:h0,0.49072265625,0.47437451171875,0.50877001953125,2,8,0.96484375
llama31_8b,13,frozen_stated_purpose_probe,neutral:h1,0.50169921875,0.49927734375,0.50416015625,5,8,0.36328125
llama31_8b,13,frozen_stated_purpose_probe,neutral:h2,0.50205078125,0.499140625,0.5050781249999999,6,8,0.14453125
llama31_8b,14,binding_v2_within_condition,within:consequence:h0,0.789609375,0.6780859374999999,0.9029130859374999,8,8,0.00390625
llama31_8b,14,binding_v2_within_condition,within:consequence:h1,0.69033203125,0.60327734375,0.7825009765625,7,8,0.03515625
llama31_8b,14,binding_v2_within_condition,within:consequence:h2,0.5937109375,0.54193359375,0.6515039062499999,8,8,0.00390625
llama31_8b,14,binding_v2_within_condition,within:neutral:h0,0.541875,0.5062109375,0.583515625,5,8,0.36328125
llama31_8b,14,binding_v2_within_condition,within:neutral:h1,0.50787109375,0.495703125,0.5193749999999999,6,8,0.14453125
llama31_8b,14,binding_v2_within_condition,within:neutral:h2,0.49775390625,0.48560546875,0.51185546875,4,8,0.63671875
llama31_8b,14,hop_transfer,hop:consequence:0to1,0.63603515625,0.56809912109375,0.71242236328125,8,8,0.00390625
llama31_8b,14,hop_transfer,hop:consequence:0to2,0.55921875,0.5283203125,0.5940820312499999,8,8,0.00390625
llama31_8b,14,hop_transfer,hop:neutral:0to1,0.5057226562499999,0.49806640625,0.5127734375,5,8,0.36328125
llama31_8b,14,hop_transfer,hop:neutral:0to2,0.49890625,0.49273437499999995,0.5049809570312499,5,8,0.36328125
llama31_8b,14,frozen_stated_purpose_probe,consequence:h0,0.51177734375,0.4990234375,0.52638818359375,4,8,0.63671875
llama31_8b,14,frozen_stated_purpose_probe,consequence:h1,0.5051171875,0.49628906250000004,0.5153125,4,8,0.63671875
llama31_8b,14,frozen_stated_purpose_probe,consequence:h2,0.50076171875,0.49734375000000003,0.50369140625,6,8,0.14453125
llama31_8b,14,frozen_stated_purpose_probe,neutral:h0,0.489140625,0.47349609375,0.50271484375,3,8,0.85546875
llama31_8b,14,frozen_stated_purpose_probe,neutral:h1,0.5009765625,0.49255859375,0.5096289062499999,3,8,0.85546875
llama31_8b,14,frozen_stated_purpose_probe,neutral:h2,0.50138671875,0.49830078125,0.5047070312499999,4,8,0.63671875
llama31_8b,15,binding_v2_within_condition,within:consequence:h0,0.7632812499999999,0.64853515625,0.8830078124999999,8,8,0.00390625
llama31_8b,15,binding_v2_within_condition,within:consequence:h1,0.67607421875,0.5927143554687501,0.7660405273437497,8,8,0.00390625
llama31_8b,15,binding_v2_within_condition,within:consequence:h2,0.59181640625,0.538373046875,0.65197265625,6,8,0.14453125
llama31_8b,15,binding_v2_within_condition,within:neutral:h0,0.5345117187499999,0.5024609375,0.5712890625,5,8,0.36328125
llama31_8b,15,binding_v2_within_condition,within:neutral:h1,0.51146484375,0.49394384765624993,0.5285166015625,5,8,0.36328125
llama31_8b,15,binding_v2_within_condition,within:neutral:h2,0.5017578125000001,0.49484374999999997,0.51035205078125,2,8,0.96484375
llama31_8b,15,hop_transfer,hop:consequence:0to1,0.6424609375,0.56857421875,0.7265625,7,8,0.03515625
llama31_8b,15,hop_transfer,hop:consequence:0to2,0.54822265625,0.5253115234375001,0.57345751953125,8,8,0.00390625
llama31_8b,15,hop_transfer,hop:neutral:0to1,0.50439453125,0.49208984375,0.5147275390624999,6,8,0.14453125
llama31_8b,15,hop_transfer,hop:neutral:0to2,0.501953125,0.495,0.50859375,4,8,0.63671875
llama31_8b,15,frozen_stated_purpose_probe,consequence:h0,0.51025390625,0.48833984375,0.53421875,4,8,0.63671875
llama31_8b,15,frozen_stated_purpose_probe,consequence:h1,0.502890625,0.49410107421875,0.5107421875,6,8,0.14453125
llama31_8b,15,frozen_stated_purpose_probe,consequence:h2,0.5013281249999999,0.49912109375,0.503671875,5,8,0.36328125
llama31_8b,15,frozen_stated_purpose_probe,neutral:h0,0.49029296875,0.48109375000000004,0.49783203125,2,8,0.96484375
llama31_8b,15,frozen_stated_purpose_probe,neutral:h1,0.49931640624999996,0.49490234375,0.5037890624999999,4,8,0.63671875
llama31_8b,15,frozen_stated_purpose_probe,neutral:h2,0.5005078125,0.49771484375,0.50314453125,5,8,0.36328125
llama31_8b,16,binding_v2_within_condition,within:consequence:h0,0.745859375,0.62841796875,0.8711572265624998,8,8,0.00390625
llama31_8b,16,binding_v2_within_condition,within:consequence:h1,0.6715234375,0.58548828125,0.76638671875,8,8,0.00390625
llama31_8b,16,binding_v2_within_condition,within:consequence:h2,0.580625,0.53906201171875,0.62693359375,8,8,0.00390625
llama31_8b,16,binding_v2_within_condition,within:neutral:h0,0.5414062500000001,0.5077734375,0.5789848632812499,7,8,0.03515625
llama31_8b,16,binding_v2_within_condition,within:neutral:h1,0.5365624999999999,0.51330078125,0.5632431640624999,6,8,0.14453125
llama31_8b,16,binding_v2_within_condition,within:neutral:h2,0.5098046875000001,0.5033002929687501,0.51779345703125,7,8,0.03515625
llama31_8b,16,hop_transfer,hop:consequence:0to1,0.630234375,0.5603310546875,0.70961181640625,7,8,0.03515625
llama31_8b,16,hop_transfer,hop:consequence:0to2,0.54892578125,0.5209375,0.58,7,8,0.03515625
llama31_8b,16,hop_transfer,hop:neutral:0to1,0.52859375,0.5138476562500001,0.54302880859375,7,8,0.03515625
llama31_8b,16,hop_transfer,hop:neutral:0to2,0.51125,0.5020893554687499,0.521640625,6,8,0.14453125
llama31_8b,16,frozen_stated_purpose_probe,consequence:h0,0.52341796875,0.50220703125,0.55357421875,6,8,0.14453125
llama31_8b,16,frozen_stated_purpose_probe,consequence:h1,0.5020703125,0.48996093749999997,0.5135952148437499,5,8,0.36328125
llama31_8b,16,frozen_stated_purpose_probe,consequence:h2,0.50205078125,0.49748046875,0.5073046874999999,4,8,0.63671875
llama31_8b,16,frozen_stated_purpose_probe,neutral:h0,0.491796875,0.47664062500000004,0.50841845703125,3,8,0.85546875
llama31_8b,16,frozen_stated_purpose_probe,neutral:h1,0.50193359375,0.49767578125,0.50634765625,5,8,0.36328125
llama31_8b,16,frozen_stated_purpose_probe,neutral:h2,0.49791015625,0.49539013671875,0.49994140624999994,1,8,0.99609375
llama31_8b,17,binding_v2_within_condition,within:consequence:h0,0.7376171874999999,0.62494140625,0.86064453125,8,8,0.00390625
llama31_8b,17,binding_v2_within_condition,within:consequence:h1,0.65134765625,0.57189453125,0.7407675781249998,7,8,0.03515625
llama31_8b,17,binding_v2_within_condition,within:consequence:h2,0.5738476562499999,0.52978515625,0.6241796875000001,8,8,0.00390625
llama31_8b,17,binding_v2_within_condition,within:neutral:h0,0.5311523437500001,0.49658203125000006,0.5678125,5,8,0.36328125
llama31_8b,17,binding_v2_within_condition,within:neutral:h1,0.5479296874999999,0.522126953125,0.5765234374999999,8,8,0.00390625
llama31_8b,17,binding_v2_within_condition,within:neutral:h2,0.5117968749999999,0.50609326171875,0.5183203125,7,8,0.03515625
llama31_8b,17,hop_transfer,hop:consequence:0to1,0.617890625,0.5556640624999999,0.6873828124999999,8,8,0.00390625
llama31_8b,17,hop_transfer,hop:consequence:0to2,0.54546875,0.5184570312500001,0.57595703125,7,8,0.03515625
llama31_8b,17,hop_transfer,hop:neutral:0to1,0.5257421875,0.5100390625,0.5454296875,8,8,0.00390625
llama31_8b,17,hop_transfer,hop:neutral:0to2,0.51791015625,0.50900390625,0.5266606445312499,7,8,0.03515625
llama31_8b,17,frozen_stated_purpose_probe,consequence:h0,0.5375000000000001,0.5037695312500001,0.58084130859375,6,8,0.14453125
llama31_8b,17,frozen_stated_purpose_probe,consequence:h1,0.50615234375,0.49625,0.52019677734375,4,8,0.63671875
llama31_8b,17,frozen_stated_purpose_probe,consequence:h2,0.5062304687500001,0.50228515625,0.51107470703125,8,8,0.00390625
llama31_8b,17,frozen_stated_purpose_probe,neutral:h0,0.49878906250000005,0.4861328125,0.5134375,3,8,0.85546875
llama31_8b,17,frozen_stated_purpose_probe,neutral:h1,0.5032812499999999,0.49826171874999997,0.508046875,6,8,0.14453125
llama31_8b,17,frozen_stated_purpose_probe,neutral:h2,0.49824218750000004,0.49474609375,0.50142578125,2,8,0.96484375
llama31_8b,18,binding_v2_within_condition,within:consequence:h0,0.73654296875,0.6244140625000001,0.8603540039062499,8,8,0.00390625
llama31_8b,18,binding_v2_within_condition,within:consequence:h1,0.6469921875,0.5680859375,0.7357226562500001,8,8,0.00390625
llama31_8b,18,binding_v2_within_condition,within:consequence:h2,0.56783203125,0.52544921875,0.6152734375,8,8,0.00390625
llama31_8b,18,binding_v2_within_condition,within:neutral:h0,0.53408203125,0.50013671875,0.5728906250000001,5,8,0.36328125
llama31_8b,18,binding_v2_within_condition,within:neutral:h1,0.5473828125,0.52496044921875,0.57052734375,7,8,0.03515625
llama31_8b,18,binding_v2_within_condition,within:neutral:h2,0.51375,0.50601513671875,0.523828125,7,8,0.03515625
llama31_8b,18,hop_transfer,hop:consequence:0to1,0.60791015625,0.54956884765625,0.673830078125,8,8,0.00390625
llama31_8b,18,hop_transfer,hop:consequence:0to2,0.5404101562499999,0.51609375,0.5694531249999999,7,8,0.03515625
llama31_8b,18,hop_transfer,hop:neutral:0to1,0.519609375,0.5096870117187501,0.5293359375,6,8,0.14453125
llama31_8b,18,hop_transfer,hop:neutral:0to2,0.51462890625,0.50712890625,0.5231064453125001,7,8,0.03515625
llama31_8b,18,frozen_stated_purpose_probe,consequence:h0,0.53361328125,0.50167919921875,0.5776572265625,5,8,0.36328125
llama31_8b,18,frozen_stated_purpose_probe,consequence:h1,0.50646484375,0.49642529296875004,0.521015625,4,8,0.63671875
llama31_8b,18,frozen_stated_purpose_probe,consequence:h2,0.50470703125,0.49958984375,0.51044921875,5,8,0.36328125
llama31_8b,18,frozen_stated_purpose_probe,neutral:h0,0.49900390625,0.4885546875,0.5114853515625,3,8,0.85546875
llama31_8b,18,frozen_stated_purpose_probe,neutral:h1,0.5037109375,0.49662060546875003,0.511953125,4,8,0.63671875
llama31_8b,18,frozen_stated_purpose_probe,neutral:h2,0.4984765625,0.49667968749999997,0.50076171875,2,8,0.96484375
llama31_8b,19,binding_v2_within_condition,within:consequence:h0,0.7262304687500001,0.612890625,0.8531401367187497,8,8,0.00390625
llama31_8b,19,binding_v2_within_condition,within:consequence:h1,0.6366796875,0.5649609375,0.7172875976562499,8,8,0.00390625
llama31_8b,19,binding_v2_within_condition,within:consequence:h2,0.5653515625000001,0.52615234375,0.609921875,8,8,0.00390625
llama31_8b,19,binding_v2_within_condition,within:neutral:h0,0.524296875,0.49828125,0.5535161132812499,5,8,0.36328125
llama31_8b,19,binding_v2_within_condition,within:neutral:h1,0.544765625,0.51839794921875,0.5726171875,7,8,0.03515625
llama31_8b,19,binding_v2_within_condition,within:neutral:h2,0.5089648437500001,0.50244091796875,0.515859375,6,8,0.14453125
llama31_8b,19,hop_transfer,hop:consequence:0to1,0.59900390625,0.54445263671875,0.6609570312499999,8,8,0.00390625
llama31_8b,19,hop_transfer,hop:consequence:0to2,0.5350781250000001,0.5126547851562501,0.5603515625,7,8,0.03515625
llama31_8b,19,hop_transfer,hop:neutral:0to1,0.5189062499999999,0.50771484375,0.53169970703125,7,8,0.03515625
llama31_8b,19,hop_transfer,hop:neutral:0to2,0.5145703125,0.5083984374999999,0.52123046875,8,8,0.00390625
llama31_8b,19,frozen_stated_purpose_probe,consequence:h0,0.51982421875,0.50044921875,0.550078125,4,8,0.63671875
llama31_8b,19,frozen_stated_purpose_probe,consequence:h1,0.5042578125,0.49498046875,0.5174614257812501,4,8,0.63671875
llama31_8b,19,frozen_stated_purpose_probe,consequence:h2,0.50388671875,0.50025390625,0.50892578125,6,8,0.14453125
llama31_8b,19,frozen_stated_purpose_probe,neutral:h0,0.49998046875,0.48847656250000004,0.51396630859375,5,8,0.36328125
llama31_8b,19,frozen_stated_purpose_probe,neutral:h1,0.5043359375,0.49806591796875,0.51046875,5,8,0.36328125
llama31_8b,19,frozen_stated_purpose_probe,neutral:h2,0.49912109375,0.49607421875,0.5021289062500001,4,8,0.63671875
llama31_8b,20,binding_v2_within_condition,within:consequence:h0,0.7308007812499999,0.61854541015625,0.85599609375,8,8,0.00390625
llama31_8b,20,binding_v2_within_condition,within:consequence:h1,0.6268554687500001,0.56011669921875,0.70236328125,8,8,0.00390625
llama31_8b,20,binding_v2_within_condition,within:consequence:h2,0.56603515625,0.5260131835937499,0.61111328125,7,8,0.03515625
llama31_8b,20,binding_v2_within_condition,within:neutral:h0,0.5185546875,0.49730371093750003,0.542265625,4,8,0.63671875
llama31_8b,20,binding_v2_within_condition,within:neutral:h1,0.5393554687500001,0.5158383789062501,0.56443359375,7,8,0.03515625
llama31_8b,20,binding_v2_within_condition,within:neutral:h2,0.50486328125,0.49808593749999996,0.5118359375,5,8,0.36328125
llama31_8b,20,hop_transfer,hop:consequence:0to1,0.59453125,0.5404272460937499,0.6561533203125001,8,8,0.00390625
llama31_8b,20,hop_transfer,hop:consequence:0to2,0.5341796875,0.51291015625,0.557109375,7,8,0.03515625
llama31_8b,20,hop_transfer,hop:neutral:0to1,0.5090820312500001,0.5013867187500001,0.5162304687499999,6,8,0.14453125
llama31_8b,20,hop_transfer,hop:neutral:0to2,0.51560546875,0.5073046875,0.524921875,7,8,0.03515625
llama31_8b,20,frozen_stated_purpose_probe,consequence:h0,0.511953125,0.49646484375,0.53763671875,5,8,0.36328125
llama31_8b,20,frozen_stated_purpose_probe,consequence:h1,0.49869140625,0.4933203125000001,0.5046484375,2,8,0.96484375
llama31_8b,20,frozen_stated_purpose_probe,consequence:h2,0.50505859375,0.50158203125,0.50953173828125,6,8,0.14453125
llama31_8b,20,frozen_stated_purpose_probe,neutral:h0,0.5026953125,0.48935498046875003,0.5195903320312499,3,8,0.85546875
llama31_8b,20,frozen_stated_purpose_probe,neutral:h1,0.5040625000000001,0.49996093750000004,0.50810546875,5,8,0.36328125
llama31_8b,20,frozen_stated_purpose_probe,neutral:h2,0.4995703125,0.497578125,0.501640625,4,8,0.63671875
llama31_8b,21,binding_v2_within_condition,within:consequence:h0,0.71001953125,0.6013959960937499,0.83595849609375,8,8,0.00390625
llama31_8b,21,binding_v2_within_condition,within:consequence:h1,0.6225390625,0.5549609375,0.6993359375,8,8,0.00390625
llama31_8b,21,binding_v2_within_condition,within:consequence:h2,0.5562890625,0.5210937499999999,0.5962333984374999,7,8,0.03515625
llama31_8b,21,binding_v2_within_condition,within:neutral:h0,0.5357421875,0.50509716796875,0.5725009765625,5,8,0.36328125
llama31_8b,21,binding_v2_within_condition,within:neutral:h1,0.54587890625,0.5199999999999999,0.5752734374999999,7,8,0.03515625
llama31_8b,21,binding_v2_within_condition,within:neutral:h2,0.50990234375,0.5006054687499999,0.52052734375,5,8,0.36328125
llama31_8b,21,hop_transfer,hop:consequence:0to1,0.5892187499999999,0.5396875,0.64607763671875,8,8,0.00390625
llama31_8b,21,hop_transfer,hop:consequence:0to2,0.5353515625,0.51400390625,0.5596484374999999,8,8,0.00390625
llama31_8b,21,hop_transfer,hop:neutral:0to1,0.51875,0.5091015624999999,0.5303525390625,8,8,0.00390625
llama31_8b,21,hop_transfer,hop:neutral:0to2,0.5158984375,0.50396484375,0.5284375000000001,6,8,0.14453125
llama31_8b,21,frozen_stated_purpose_probe,consequence:h0,0.5141796875,0.49673828125,0.5402158203125,6,8,0.14453125
llama31_8b,21,frozen_stated_purpose_probe,consequence:h1,0.50375,0.492734375,0.52037109375,3,8,0.85546875
llama31_8b,21,frozen_stated_purpose_probe,consequence:h2,0.5062304687499999,0.500703125,0.5130087890624999,5,8,0.36328125
llama31_8b,21,frozen_stated_purpose_probe,neutral:h0,0.4997265624999999,0.49089843749999995,0.50906298828125,4,8,0.63671875
llama31_8b,21,frozen_stated_purpose_probe,neutral:h1,0.5052734375000001,0.49900390625,0.51341796875,6,8,0.14453125
llama31_8b,21,frozen_stated_purpose_probe,neutral:h2,0.5004296875,0.4975390625,0.50343798828125,5,8,0.36328125
llama31_8b,22,binding_v2_within_condition,within:consequence:h0,0.70828125,0.600994140625,0.832734375,8,8,0.00390625
llama31_8b,22,binding_v2_within_condition,within:consequence:h1,0.6233593749999999,0.5553515625000001,0.70169921875,8,8,0.00390625
llama31_8b,22,binding_v2_within_condition,within:consequence:h2,0.55509765625,0.5216787109375001,0.5918569335937499,6,8,0.14453125
llama31_8b,22,binding_v2_within_condition,within:neutral:h0,0.5226171875000001,0.4902734375,0.5581259765625001,5,8,0.36328125
llama31_8b,22,binding_v2_within_condition,within:neutral:h1,0.54943359375,0.5171484375,0.585646484375,7,8,0.03515625
llama31_8b,22,binding_v2_within_condition,within:neutral:h2,0.5059570312499999,0.49890625,0.5135546874999999,6,8,0.14453125
llama31_8b,22,hop_transfer,hop:consequence:0to1,0.586875,0.5368945312500001,0.64392578125,8,8,0.00390625
llama31_8b,22,hop_transfer,hop:consequence:0to2,0.5325390624999999,0.51077978515625,0.5576171875,6,8,0.14453125
llama31_8b,22,hop_transfer,hop:neutral:0to1,0.52490234375,0.51466748046875,0.5360546875000001,8,8,0.00390625
llama31_8b,22,hop_transfer,hop:neutral:0to2,0.5162695312500001,0.50830078125,0.52515625,8,8,0.00390625
llama31_8b,22,frozen_stated_purpose_probe,consequence:h0,0.51779296875,0.49687500000000007,0.5457421874999999,5,8,0.36328125
llama31_8b,22,frozen_stated_purpose_probe,consequence:h1,0.5068359375,0.494140625,0.529765625,2,8,0.96484375
llama31_8b,22,frozen_stated_purpose_probe,consequence:h2,0.5060351562500001,0.50138623046875,0.5118359375,6,8,0.14453125
llama31_8b,22,frozen_stated_purpose_probe,neutral:h0,0.49921874999999993,0.4911718749999999,0.50732421875,4,8,0.63671875
llama31_8b,22,frozen_stated_purpose_probe,neutral:h1,0.50984375,0.49988281250000005,0.5209179687500001,5,8,0.36328125
llama31_8b,22,frozen_stated_purpose_probe,neutral:h2,0.50078125,0.498515625,0.50306640625,5,8,0.36328125
llama31_8b,23,binding_v2_within_condition,within:consequence:h0,0.7059375,0.59794921875,0.8296679687499999,8,8,0.00390625
llama31_8b,23,binding_v2_within_condition,within:consequence:h1,0.6169140625,0.554921875,0.6885546874999999,8,8,0.00390625
llama31_8b,23,binding_v2_within_condition,within:consequence:h2,0.5535156250000001,0.5212094726562501,0.59056689453125,8,8,0.00390625
llama31_8b,23,binding_v2_within_condition,within:neutral:h0,0.5261328125,0.49103369140625003,0.56570361328125,5,8,0.36328125
llama31_8b,23,binding_v2_within_condition,within:neutral:h1,0.551640625,0.5194707031250001,0.5874858398437499,7,8,0.03515625
llama31_8b,23,binding_v2_within_condition,within:neutral:h2,0.5123046874999999,0.49908203125000006,0.5263671875,4,8,0.63671875
llama31_8b,23,hop_transfer,hop:consequence:0to1,0.5776171875,0.5343154296874999,0.6267578125,8,8,0.00390625
llama31_8b,23,hop_transfer,hop:consequence:0to2,0.53283203125,0.5117773437500001,0.5579306640624999,6,8,0.14453125
llama31_8b,23,hop_transfer,hop:neutral:0to1,0.52568359375,0.51468701171875,0.53583984375,7,8,0.03515625
llama31_8b,23,hop_transfer,hop:neutral:0to2,0.5140039062499999,0.50390625,0.5255078124999999,7,8,0.03515625
llama31_8b,23,frozen_stated_purpose_probe,consequence:h0,0.50640625,0.49207031250000005,0.52634765625,4,8,0.63671875
llama31_8b,23,frozen_stated_purpose_probe,consequence:h1,0.506875,0.49265625,0.52908203125,3,8,0.85546875
llama31_8b,23,frozen_stated_purpose_probe,consequence:h2,0.50484375,0.49974609375,0.5117983398437499,5,8,0.36328125
llama31_8b,23,frozen_stated_purpose_probe,neutral:h0,0.49703125,0.48980468749999995,0.50390625,4,8,0.63671875
llama31_8b,23,frozen_stated_purpose_probe,neutral:h1,0.50814453125,0.49982421875000005,0.51666015625,5,8,0.36328125
llama31_8b,23,frozen_stated_purpose_probe,neutral:h2,0.500625,0.4975,0.50421875,3,8,0.85546875
llama31_8b,24,binding_v2_within_condition,within:consequence:h0,0.6964453125000001,0.590703125,0.8174721679687499,8,8,0.00390625
llama31_8b,24,binding_v2_within_condition,within:consequence:h1,0.61572265625,0.55322119140625,0.6912890624999999,8,8,0.00390625
llama31_8b,24,binding_v2_within_condition,within:consequence:h2,0.5553320312500001,0.52318359375,0.5926762695312501,8,8,0.00390625
llama31_8b,24,binding_v2_within_condition,within:neutral:h0,0.5269921875,0.4895312500000001,0.5676806640624998,5,8,0.36328125
llama31_8b,24,binding_v2_within_condition,within:neutral:h1,0.548828125,0.5170703125,0.58320654296875,7,8,0.03515625
llama31_8b,24,binding_v2_within_condition,within:neutral:h2,0.50685546875,0.49747998046875,0.5166411132812501,5,8,0.36328125
llama31_8b,24,hop_transfer,hop:consequence:0to1,0.5760351562499999,0.53222509765625,0.6260786132812498,8,8,0.00390625
llama31_8b,24,hop_transfer,hop:consequence:0to2,0.5284960937500001,0.5087099609375001,0.55169921875,7,8,0.03515625
llama31_8b,24,hop_transfer,hop:neutral:0to1,0.530390625,0.514609375,0.54468798828125,7,8,0.03515625
llama31_8b,24,hop_transfer,hop:neutral:0to2,0.51556640625,0.50708984375,0.5251958007812499,7,8,0.03515625
llama31_8b,24,frozen_stated_purpose_probe,consequence:h0,0.50810546875,0.48812500000000003,0.5381269531249999,4,8,0.63671875
llama31_8b,24,frozen_stated_purpose_probe,consequence:h1,0.511796875,0.4945703125,0.54052783203125,3,8,0.85546875
llama31_8b,24,frozen_stated_purpose_probe,consequence:h2,0.50634765625,0.50201171875,0.51162109375,7,8,0.03515625
llama31_8b,24,frozen_stated_purpose_probe,neutral:h0,0.4959765625,0.49113281249999996,0.50173828125,2,8,0.96484375
llama31_8b,24,frozen_stated_purpose_probe,neutral:h1,0.5040234375,0.498671875,0.511328125,4,8,0.63671875
llama31_8b,24,frozen_stated_purpose_probe,neutral:h2,0.49945312500000005,0.4966015625,0.5033007812500001,2,8,0.96484375
llama31_8b,25,binding_v2_within_condition,within:consequence:h0,0.6970703125,0.5903125,0.8208242187499999,8,8,0.00390625
llama31_8b,25,binding_v2_within_condition,within:consequence:h1,0.6133984375,0.5512480468750001,0.68798828125,8,8,0.00390625
llama31_8b,25,binding_v2_within_condition,within:consequence:h2,0.5525781250000001,0.52169921875,0.5863085937500001,8,8,0.00390625
llama31_8b,25,binding_v2_within_condition,within:neutral:h0,0.5315624999999999,0.49263671875,0.57373046875,5,8,0.36328125
llama31_8b,25,binding_v2_within_condition,within:neutral:h1,0.5513476562499999,0.5206826171875,0.584765625,7,8,0.03515625
llama31_8b,25,binding_v2_within_condition,within:neutral:h2,0.51341796875,0.5040625,0.52341796875,7,8,0.03515625
llama31_8b,25,hop_transfer,hop:consequence:0to1,0.58025390625,0.53583984375,0.63208984375,8,8,0.00390625
llama31_8b,25,hop_transfer,hop:consequence:0to2,0.52857421875,0.51017529296875,0.55056640625,7,8,0.03515625
llama31_8b,25,hop_transfer,hop:neutral:0to1,0.53150390625,0.5174218749999999,0.54474658203125,7,8,0.03515625
llama31_8b,25,hop_transfer,hop:neutral:0to2,0.5154296875,0.5060737304687499,0.5246875,7,8,0.03515625
llama31_8b,25,frozen_stated_purpose_probe,consequence:h0,0.5031640625,0.48986328125,0.5203710937499999,4,8,0.63671875
llama31_8b,25,frozen_stated_purpose_probe,consequence:h1,0.5118945312500001,0.495078125,0.5391015625,3,8,0.85546875
llama31_8b,25,frozen_stated_purpose_probe,consequence:h2,0.5056054687499999,0.500703125,0.51126953125,6,8,0.14453125
llama31_8b,25,frozen_stated_purpose_probe,neutral:h0,0.49732421875,0.49337890625,0.50306640625,1,8,0.99609375
llama31_8b,25,frozen_stated_purpose_probe,neutral:h1,0.50083984375,0.49369140625,0.50962890625,4,8,0.63671875
llama31_8b,25,frozen_stated_purpose_probe,neutral:h2,0.49775390625000004,0.49517578125,0.5015820312500001,1,8,0.99609375
llama31_8b,26,binding_v2_within_condition,within:consequence:h0,0.7065625,0.5984570312499999,0.8306640624999999,8,8,0.00390625
llama31_8b,26,binding_v2_within_condition,within:consequence:h1,0.6034765625,0.5435302734374999,0.6754121093750001,8,8,0.00390625
llama31_8b,26,binding_v2_within_condition,within:consequence:h2,0.5478124999999999,0.5224609375,0.5768359375000001,8,8,0.00390625
llama31_8b,26,binding_v2_within_condition,within:neutral:h0,0.55931640625,0.5096269531250001,0.6157626953124999,6,8,0.14453125
llama31_8b,26,binding_v2_within_condition,within:neutral:h1,0.5610546875,0.5266987304687499,0.5990043945312501,8,8,0.00390625
llama31_8b,26,binding_v2_within_condition,within:neutral:h2,0.5207421875,0.5094721679687501,0.5338671875000001,8,8,0.00390625
llama31_8b,26,hop_transfer,hop:consequence:0to1,0.5796484375,0.53591796875,0.62998193359375,8,8,0.00390625
llama31_8b,26,hop_transfer,hop:consequence:0to2,0.5296289062499999,0.5091015625,0.5548828125,6,8,0.14453125
llama31_8b,26,hop_transfer,hop:neutral:0to1,0.5458007812500001,0.524140625,0.56609423828125,7,8,0.03515625
llama31_8b,26,hop_transfer,hop:neutral:0to2,0.52087890625,0.51037109375,0.53259765625,8,8,0.00390625
llama31_8b,26,frozen_stated_purpose_probe,consequence:h0,0.48935546875,0.46943359375000004,0.50474609375,3,8,0.85546875
llama31_8b,26,frozen_stated_purpose_probe,consequence:h1,0.5037499999999999,0.49037060546875,0.5233203124999999,2,8,0.96484375
llama31_8b,26,frozen_stated_purpose_probe,consequence:h2,0.5056640625,0.5011328125,0.5107421875,7,8,0.03515625
llama31_8b,26,frozen_stated_purpose_probe,neutral:h0,0.5043359375,0.4958984375,0.5126367187499999,5,8,0.36328125
llama31_8b,26,frozen_stated_purpose_probe,neutral:h1,0.50703125,0.49814453124999997,0.51587890625,5,8,0.36328125
llama31_8b,26,frozen_stated_purpose_probe,neutral:h2,0.5025585937500001,0.49984375000000003,0.5051958007812499,6,8,0.14453125
llama31_8b,27,binding_v2_within_condition,within:consequence:h0,0.7020703125000001,0.5949199218750001,0.8266855468749998,8,8,0.00390625
llama31_8b,27,binding_v2_within_condition,within:consequence:h1,0.59751953125,0.5384956054687501,0.6662119140625,8,8,0.00390625
llama31_8b,27,binding_v2_within_condition,within:consequence:h2,0.541953125,0.5184765625000001,0.56832080078125,7,8,0.03515625
llama31_8b,27,binding_v2_within_condition,within:neutral:h0,0.5548632812500001,0.50544921875,0.61267578125,6,8,0.14453125
llama31_8b,27,binding_v2_within_condition,within:neutral:h1,0.5627148437499999,0.5274580078124999,0.6012919921875,7,8,0.03515625
llama31_8b,27,binding_v2_within_condition,within:neutral:h2,0.52021484375,0.5077734375,0.5348437500000001,8,8,0.00390625
llama31_8b,27,hop_transfer,hop:consequence:0to1,0.57712890625,0.5347431640624999,0.62572265625,8,8,0.00390625
llama31_8b,27,hop_transfer,hop:consequence:0to2,0.5261718750000001,0.507890625,0.54763818359375,7,8,0.03515625
llama31_8b,27,hop_transfer,hop:neutral:0to1,0.5496875000000001,0.52898193359375,0.5695117187500001,7,8,0.03515625
llama31_8b,27,hop_transfer,hop:neutral:0to2,0.52541015625,0.5149999999999999,0.53710986328125,8,8,0.00390625
llama31_8b,27,frozen_stated_purpose_probe,consequence:h0,0.48609375,0.47162109375,0.49834033203125,2,8,0.96484375
llama31_8b,27,frozen_stated_purpose_probe,consequence:h1,0.50244140625,0.49152343750000005,0.51939501953125,2,8,0.96484375
llama31_8b,27,frozen_stated_purpose_probe,consequence:h2,0.5058203125,0.501484375,0.5105664062499999,7,8,0.03515625
llama31_8b,27,frozen_stated_purpose_probe,neutral:h0,0.5055468750000001,0.49646484375,0.51541015625,5,8,0.36328125
llama31_8b,27,frozen_stated_purpose_probe,neutral:h1,0.50494140625,0.4956640625,0.5142773437499999,5,8,0.36328125
llama31_8b,27,frozen_stated_purpose_probe,neutral:h2,0.49937499999999996,0.4948828125,0.5035546874999999,3,8,0.85546875
llama31_8b,28,binding_v2_within_condition,within:consequence:h0,0.69625,0.5861323242187501,0.8241318359375,8,8,0.00390625
llama31_8b,28,binding_v2_within_condition,within:consequence:h1,0.59150390625,0.5381411132812499,0.65396533203125,8,8,0.00390625
llama31_8b,28,binding_v2_within_condition,within:consequence:h2,0.54017578125,0.51830078125,0.563828125,7,8,0.03515625
llama31_8b,28,binding_v2_within_condition,within:neutral:h0,0.5769140625,0.5183193359375,0.6407480468749999,7,8,0.03515625
llama31_8b,28,binding_v2_within_condition,within:neutral:h1,0.57974609375,0.5390419921874999,0.6237109375,8,8,0.00390625
llama31_8b,28,binding_v2_within_condition,within:neutral:h2,0.5230078125,0.51060546875,0.5374228515624999,7,8,0.03515625
llama31_8b,28,hop_transfer,hop:consequence:0to1,0.579375,0.53491943359375,0.6283203125000001,8,8,0.00390625
llama31_8b,28,hop_transfer,hop:consequence:0to2,0.52857421875,0.5123632812500001,0.5473457031249999,7,8,0.03515625
llama31_8b,28,hop_transfer,hop:neutral:0to1,0.5725976562499999,0.5420664062499999,0.6037890625,7,8,0.03515625
llama31_8b,28,hop_transfer,hop:neutral:0to2,0.52740234375,0.51279296875,0.54537158203125,8,8,0.00390625
llama31_8b,28,frozen_stated_purpose_probe,consequence:h0,0.49382812499999995,0.483046875,0.5032617187499999,4,8,0.63671875
llama31_8b,28,frozen_stated_purpose_probe,consequence:h1,0.5017578125,0.49322265624999995,0.5132421875,3,8,0.85546875
llama31_8b,28,frozen_stated_purpose_probe,consequence:h2,0.50609375,0.50193359375,0.5123437500000001,7,8,0.03515625
llama31_8b,28,frozen_stated_purpose_probe,neutral:h0,0.510390625,0.49820312499999997,0.523263671875,5,8,0.36328125
llama31_8b,28,frozen_stated_purpose_probe,neutral:h1,0.5059374999999999,0.4983193359375,0.5135546875,6,8,0.14453125
llama31_8b,28,frozen_stated_purpose_probe,neutral:h2,0.49728515625,0.490703125,0.50306640625,3,8,0.85546875
llama31_8b,29,binding_v2_within_condition,within:consequence:h0,0.68974609375,0.5792734375,0.8183007812499999,8,8,0.00390625
llama31_8b,29,binding_v2_within_condition,within:consequence:h1,0.5841015624999999,0.53415869140625,0.6446123046874999,8,8,0.00390625
llama31_8b,29,binding_v2_within_condition,within:consequence:h2,0.53873046875,0.51912109375,0.56017626953125,8,8,0.00390625
llama31_8b,29,binding_v2_within_condition,within:neutral:h0,0.59486328125,0.5345703125,0.66251953125,7,8,0.03515625
llama31_8b,29,binding_v2_within_condition,within:neutral:h1,0.592734375,0.5518359375,0.633888671875,8,8,0.00390625
llama31_8b,29,binding_v2_within_condition,within:neutral:h2,0.5251171875,0.5105078125,0.541015625,7,8,0.03515625
llama31_8b,29,hop_transfer,hop:consequence:0to1,0.5716210937499999,0.5319331054687501,0.61771533203125,8,8,0.00390625
llama31_8b,29,hop_transfer,hop:consequence:0to2,0.5266015625,0.51351513671875,0.5420151367187499,7,8,0.03515625
llama31_8b,29,hop_transfer,hop:neutral:0to1,0.59083984375,0.5537841796874999,0.6270703124999999,7,8,0.03515625
llama31_8b,29,hop_transfer,hop:neutral:0to2,0.53185546875,0.5136328125,0.55259814453125,7,8,0.03515625
llama31_8b,29,frozen_stated_purpose_probe,consequence:h0,0.4870703125,0.47396484375000003,0.4981650390625,3,8,0.85546875
llama31_8b,29,frozen_stated_purpose_probe,consequence:h1,0.50029296875,0.49412011718750004,0.50656298828125,3,8,0.85546875
llama31_8b,29,frozen_stated_purpose_probe,consequence:h2,0.5049218750000001,0.5012890624999999,0.5098828125,7,8,0.03515625
llama31_8b,29,frozen_stated_purpose_probe,neutral:h0,0.5076367187499999,0.4933984375,0.52443408203125,4,8,0.63671875
llama31_8b,29,frozen_stated_purpose_probe,neutral:h1,0.5071484374999999,0.5001166992187499,0.5143168945312498,6,8,0.14453125
llama31_8b,29,frozen_stated_purpose_probe,neutral:h2,0.49619140625,0.48874951171875003,0.50228515625,3,8,0.85546875
llama31_8b,30,binding_v2_within_condition,within:consequence:h0,0.6815625,0.5723627929687499,0.8081103515624999,8,8,0.00390625
llama31_8b,30,binding_v2_within_condition,within:consequence:h1,0.5748046875,0.5280830078125,0.63123193359375,7,8,0.03515625
llama31_8b,30,binding_v2_within_condition,within:consequence:h2,0.53734375,0.51618896484375,0.56029345703125,7,8,0.03515625
llama31_8b,30,binding_v2_within_condition,within:neutral:h0,0.5942578125,0.5331640624999999,0.66060546875,7,8,0.03515625
llama31_8b,30,binding_v2_within_condition,within:neutral:h1,0.59400390625,0.55197265625,0.63689794921875,8,8,0.00390625
llama31_8b,30,binding_v2_within_condition,within:neutral:h2,0.5317578125,0.5139052734375,0.5503125,7,8,0.03515625
llama31_8b,30,hop_transfer,hop:consequence:0to1,0.57224609375,0.5283583984375,0.6250205078125,8,8,0.00390625
llama31_8b,30,hop_transfer,hop:consequence:0to2,0.5235351562499999,0.51150390625,0.5375390624999999,7,8,0.03515625
llama31_8b,30,hop_transfer,hop:neutral:0to1,0.59056640625,0.55121044921875,0.6280087890625,7,8,0.03515625
llama31_8b,30,hop_transfer,hop:neutral:0to2,0.53642578125,0.51913818359375,0.55435546875,8,8,0.00390625
llama31_8b,30,frozen_stated_purpose_probe,consequence:h0,0.49423828125,0.48494091796875005,0.5034580078125,3,8,0.85546875
llama31_8b,30,frozen_stated_purpose_probe,consequence:h1,0.49994140625,0.49171875,0.509296875,4,8,0.63671875
llama31_8b,30,frozen_stated_purpose_probe,consequence:h2,0.5042578125,0.50080078125,0.50853515625,6,8,0.14453125
llama31_8b,30,frozen_stated_purpose_probe,neutral:h0,0.50779296875,0.49281103515624997,0.52791015625,3,8,0.85546875
llama31_8b,30,frozen_stated_purpose_probe,neutral:h1,0.5073828125,0.49794921875,0.5174414062499999,5,8,0.36328125
llama31_8b,30,frozen_stated_purpose_probe,neutral:h2,0.49701171874999994,0.48833935546875,0.5038281250000001,4,8,0.63671875
llama31_8b,31,binding_v2_within_condition,within:consequence:h0,0.686640625,0.57936376953125,0.8116015625,8,8,0.00390625
llama31_8b,31,binding_v2_within_condition,within:consequence:h1,0.5733984375000001,0.5297265625,0.6238281250000001,7,8,0.03515625
llama31_8b,31,binding_v2_within_condition,within:consequence:h2,0.5376953125,0.5179101562499999,0.55812548828125,7,8,0.03515625
llama31_8b,31,binding_v2_within_condition,within:neutral:h0,0.59794921875,0.5363671875,0.6655908203124998,7,8,0.03515625
llama31_8b,31,binding_v2_within_condition,within:neutral:h1,0.59615234375,0.55072265625,0.6423242187499999,8,8,0.00390625
llama31_8b,31,binding_v2_within_condition,within:neutral:h2,0.53294921875,0.5142373046875,0.5549609375,7,8,0.03515625
llama31_8b,31,hop_transfer,hop:consequence:0to1,0.5688867187500001,0.52900390625,0.6136328124999999,8,8,0.00390625
llama31_8b,31,hop_transfer,hop:consequence:0to2,0.5236523437499999,0.5106054687499999,0.53869189453125,7,8,0.03515625
llama31_8b,31,hop_transfer,hop:neutral:0to1,0.5885546875,0.5524599609375,0.62310546875,7,8,0.03515625
llama31_8b,31,hop_transfer,hop:neutral:0to2,0.5317578125,0.51697216796875,0.54761767578125,8,8,0.00390625
llama31_8b,31,frozen_stated_purpose_probe,consequence:h0,0.5052148437499999,0.4940234375,0.51611328125,5,8,0.36328125
llama31_8b,31,frozen_stated_purpose_probe,consequence:h1,0.507421875,0.49263671875,0.52828125,6,8,0.14453125
llama31_8b,31,frozen_stated_purpose_probe,consequence:h2,0.50462890625,0.501484375,0.5087109375,7,8,0.03515625
llama31_8b,31,frozen_stated_purpose_probe,neutral:h0,0.51126953125,0.49998046875,0.52662109375,6,8,0.14453125
llama31_8b,31,frozen_stated_purpose_probe,neutral:h1,0.50587890625,0.49962890625,0.5132421875,6,8,0.14453125
llama31_8b,31,frozen_stated_purpose_probe,neutral:h2,0.50185546875,0.49429638671875,0.50787109375,5,8,0.36328125
llama31_70b,18,binding_v2_within_condition,within:consequence:h0,0.6976562499999999,0.6036484375000001,0.79529296875,7,8,0.03515625
llama31_70b,18,binding_v2_within_condition,within:consequence:h1,0.55349609375,0.53560498046875,0.5702148437500001,8,8,0.00390625
llama31_70b,18,binding_v2_within_condition,within:consequence:h2,0.5151953125,0.5108593750000001,0.5198046875,8,8,0.00390625
llama31_70b,18,binding_v2_within_condition,within:neutral:h0,0.50623046875,0.48933593750000004,0.52585986328125,4,8,0.63671875
llama31_70b,18,binding_v2_within_condition,within:neutral:h1,0.50740234375,0.49494140625,0.515859375,7,8,0.03515625
llama31_70b,18,binding_v2_within_condition,within:neutral:h2,0.5160351562500001,0.50953125,0.5218559570312501,7,8,0.03515625
llama31_70b,18,hop_transfer,hop:consequence:0to1,0.520234375,0.51318359375,0.5264453124999999,8,8,0.00390625
llama31_70b,18,hop_transfer,hop:consequence:0to2,0.50365234375,0.5009375,0.5065624999999999,6,8,0.14453125
llama31_70b,18,hop_transfer,hop:neutral:0to1,0.50474609375,0.49873046874999993,0.5109374999999999,6,8,0.14453125
llama31_70b,18,hop_transfer,hop:neutral:0to2,0.5040625,0.50078125,0.5079882812500001,6,8,0.14453125
llama31_70b,18,frozen_stated_purpose_probe,consequence:h0,0.5093749999999999,0.49783203125,0.5205664062500001,6,8,0.14453125
llama31_70b,18,frozen_stated_purpose_probe,consequence:h1,0.49794921875,0.4966796875,0.49906298828125,0,8,1.0
llama31_70b,18,frozen_stated_purpose_probe,consequence:h2,0.50021484375,0.49818359375000004,0.5025390625,4,8,0.63671875
llama31_70b,18,frozen_stated_purpose_probe,neutral:h0,0.49863281249999997,0.49435546875,0.50310546875,3,8,0.85546875
llama31_70b,18,frozen_stated_purpose_probe,neutral:h1,0.50056640625,0.49904296875,0.50220703125,5,8,0.36328125
llama31_70b,18,frozen_stated_purpose_probe,neutral:h2,0.500859375,0.49976562500000005,0.50203173828125,5,8,0.36328125
llama33_70b,18,binding_v2_within_condition,within:consequence:h0,0.73705078125,0.6305449218750001,0.8325810546875,7,8,0.03515625
llama33_70b,18,binding_v2_within_condition,within:consequence:h1,0.5653515625000001,0.5348437500000001,0.5956640625,7,8,0.03515625
llama33_70b,18,binding_v2_within_condition,within:consequence:h2,0.51525390625,0.5096674804687499,0.52068408203125,8,8,0.00390625
llama33_70b,18,binding_v2_within_condition,within:neutral:h0,0.5071679687500001,0.48855273437499996,0.5238671875,5,8,0.36328125
llama33_70b,18,binding_v2_within_condition,within:neutral:h1,0.505625,0.4955078125000001,0.51259765625,7,8,0.03515625
llama33_70b,18,binding_v2_within_condition,within:neutral:h2,0.5065039062500001,0.5011328125000001,0.5123442382812501,7,8,0.03515625
llama33_70b,18,hop_transfer,hop:consequence:0to1,0.53064453125,0.51615185546875,0.54261767578125,7,8,0.03515625
llama33_70b,18,hop_transfer,hop:consequence:0to2,0.50734375,0.50080078125,0.5133984375,6,8,0.14453125
llama33_70b,18,hop_transfer,hop:neutral:0to1,0.50248046875,0.493828125,0.5123632812500001,4,8,0.63671875
llama33_70b,18,hop_transfer,hop:neutral:0to2,0.49916015625,0.49431640625000006,0.5037695312499999,4,8,0.63671875
llama33_70b,18,frozen_stated_purpose_probe,consequence:h0,0.504609375,0.49400390625,0.51830078125,5,8,0.36328125
llama33_70b,18,frozen_stated_purpose_probe,consequence:h1,0.49968749999999995,0.49798828125,0.50134765625,3,8,0.85546875
llama33_70b,18,frozen_stated_purpose_probe,consequence:h2,0.49818359375,0.4969140625,0.4992578125,1,8,0.99609375
llama33_70b,18,frozen_stated_purpose_probe,neutral:h0,0.49880859375000003,0.49347656249999994,0.5048051757812501,3,8,0.85546875
llama33_70b,18,frozen_stated_purpose_probe,neutral:h1,0.49941406250000003,0.4981640625,0.500703125,3,8,0.85546875
llama33_70b,18,frozen_stated_purpose_probe,neutral:h2,0.50060546875,0.49849609375000004,0.50263671875,5,8,0.36328125
