model_key,n_layers_model,layer,relative_depth,fixed_joint_auc_family_mean,fixed_joint_auc_ci_lo,fixed_joint_auc_ci_hi,fixed_families_above_chance,fixed_interaction_I_family_mean,fixed_interaction_I_families_positive,fixed_interaction_I_benchmark,fixed_interaction_I_casual,binding_joint_auc_family_mean,binding_benchmark_to_casual_auc,binding_casual_to_benchmark_auc,binding_transfer_gap_family_mean,binding_transfer_gap_ci_lo,binding_transfer_gap_ci_hi,binding_families_gap_positive,norm_P,norm_M,norm_S,norm_F,cos_P_explicit_joint_probe,cos_P_benchmark_vs_casual,cos_P_across_families_mean
llama31_8b,32,0,0.0,0.50008,0.49844,0.50131,5,0.00112,6,0.00129,0.00096,0.49244,0.49987,0.49992,-0.00745,-0.01114,-0.00406,1,2.8e-05,3.6e-05,6.3e-05,0.133704,0.01293,-0.05398,-0.00578
llama31_8b,32,1,3.23,0.50001,0.4981,0.50187,4,-0.00016,4,-0.00217,0.00184,0.49798,0.50009,0.49889,-0.00151,-0.00763,0.00486,3,8.3e-05,8.8e-05,0.000147,0.220069,-0.00095,-0.00089,0.00945
llama31_8b,32,2,6.45,0.49984,0.49772,0.50178,5,-0.00035,5,-0.00308,0.00238,0.50056,0.49867,0.50002,0.00122,-0.00481,0.00857,3,0.000158,0.000177,0.000268,0.291868,-0.00168,-0.00049,0.01027
llama31_8b,32,3,9.68,0.50033,0.49818,0.50236,4,0.00338,4,-0.00061,0.00736,0.4929,0.4986,0.49756,-0.00519,-0.0106,0.00081,2,0.000244,0.000344,0.000483,0.369921,0.01891,-0.10523,-0.01457
llama31_8b,32,4,12.9,0.49759,0.49393,0.50141,2,-0.00682,3,-0.00841,-0.00523,0.49552,0.49886,0.49753,-0.00267,-0.00661,0.0006,3,0.000469,0.000626,0.001042,0.497305,-0.03961,0.05433,-0.06912
llama31_8b,32,5,16.13,0.49846,0.49619,0.5006,3,-0.00486,3,-0.0033,-0.00643,0.49914,0.49926,0.49847,0.00028,-0.00316,0.00389,4,0.000677,0.000792,0.001287,0.571633,-0.02785,0.2194,-0.06733
llama31_8b,32,6,19.35,0.49849,0.49553,0.5015,3,-0.00707,2,-0.00289,-0.01125,0.50885,0.50199,0.50108,0.00731,-0.00096,0.01582,5,0.001015,0.000924,0.001381,0.576362,-0.03158,0.44041,-0.0556
llama31_8b,32,7,22.58,0.4993,0.49481,0.50509,2,-0.00061,3,0.00176,-0.00298,0.51874,0.5023,0.5022,0.01649,0.00967,0.02331,7,0.0014,0.001282,0.001504,0.612311,-0.00225,0.5241,-0.03856
llama31_8b,32,8,25.81,0.50165,0.49804,0.50621,4,0.00658,4,0.01159,0.00156,0.53371,0.50875,0.51033,0.02417,0.01012,0.0374,7,0.001891,0.00193,0.001712,0.703473,0.02222,0.60793,-0.01018
llama31_8b,32,9,29.03,0.49944,0.49579,0.50373,3,-0.00082,3,0.00495,-0.00658,0.53983,0.51675,0.51055,0.02617,0.0143,0.03683,8,0.002184,0.002207,0.001874,0.765363,-0.00268,0.54726,0.00728
llama31_8b,32,10,32.26,0.49762,0.48932,0.50439,5,-0.01009,4,-0.00087,-0.01931,0.59062,0.53782,0.52851,0.05746,0.02968,0.08524,8,0.003855,0.002466,0.002122,0.764593,-0.02041,0.72563,0.07414
llama31_8b,32,11,35.48,0.50018,0.48906,0.51026,4,0.00077,5,0.00569,-0.00416,0.67808,0.57555,0.54847,0.11607,0.0527,0.18128,6,0.008256,0.002679,0.002276,0.80176,0.00074,0.84538,0.16155
llama31_8b,32,12,38.71,0.50578,0.5005,0.51125,7,0.02632,7,0.03288,0.01976,0.75079,0.62971,0.64443,0.11372,0.06525,0.15544,8,0.023622,0.003414,0.002609,0.814132,0.00946,0.91279,0.21682
llama31_8b,32,13,41.94,0.51358,0.49685,0.53037,6,0.07233,5,0.06533,0.07933,0.78517,0.64293,0.64439,0.14151,0.08546,0.19029,7,0.041042,0.004198,0.003525,1.07885,0.01866,0.91568,0.26531
llama31_8b,32,14,45.16,0.51231,0.49656,0.52971,5,0.06328,5,0.05479,0.07177,0.80153,0.68788,0.65571,0.12974,0.0783,0.1817,8,0.064851,0.004615,0.004154,1.170458,0.01149,0.91894,0.2982
llama31_8b,32,15,48.39,0.50352,0.48402,0.52024,5,0.01457,5,0.00997,0.01916,0.79169,0.66412,0.64283,0.13822,0.08277,0.1986,8,0.08738,0.005615,0.00504,1.247387,0.00211,0.93054,0.27848
llama31_8b,32,16,51.61,0.51551,0.49958,0.53608,6,0.09375,6,0.08251,0.10498,0.77579,0.66121,0.64102,0.12467,0.07302,0.1793,8,0.092892,0.005846,0.005383,1.296258,0.01324,0.91199,0.29522
llama31_8b,32,17,54.84,0.52437,0.50415,0.55275,6,0.16136,6,0.15953,0.16318,0.77571,0.64834,0.62051,0.14128,0.0885,0.19553,8,0.115951,0.00704,0.007134,1.436574,0.02033,0.91904,0.2921
llama31_8b,32,18,58.06,0.52679,0.5036,0.56217,6,0.17529,7,0.17066,0.17993,0.76433,0.63367,0.62101,0.13699,0.0844,0.19028,8,0.119911,0.007923,0.007145,1.537037,0.02213,0.91134,0.29353
llama31_8b,32,19,61.29,0.51402,0.49589,0.53948,5,0.09444,5,0.10944,0.07944,0.75826,0.63721,0.62343,0.12794,0.0779,0.17858,8,0.130907,0.008861,0.007622,1.61486,0.01136,0.91044,0.29504
llama31_8b,32,20,64.52,0.51055,0.49417,0.53119,5,0.06098,5,0.08792,0.03405,0.75276,0.63039,0.61837,0.12838,0.0774,0.18052,8,0.14446,0.009641,0.008403,1.724156,0.00714,0.91218,0.30788
llama31_8b,32,21,67.74,0.5137,0.4922,0.54368,5,0.10901,5,0.13482,0.08321,0.74637,0.62052,0.61855,0.12684,0.07361,0.18116,8,0.165851,0.011372,0.009829,1.827847,0.01208,0.91557,0.30174
llama31_8b,32,22,70.97,0.51581,0.49432,0.54767,5,0.12641,5,0.13597,0.11686,0.73604,0.61775,0.61036,0.12199,0.07033,0.17397,8,0.182185,0.014027,0.011891,2.112903,0.01425,0.90874,0.29637
llama31_8b,32,23,74.19,0.50733,0.47836,0.54066,5,0.06074,4,0.08419,0.0373,0.73198,0.61444,0.60852,0.12049,0.06704,0.17422,8,0.201743,0.014858,0.012858,2.337031,0.00679,0.9118,0.30995
llama31_8b,32,24,77.42,0.50783,0.47693,0.54705,3,0.06091,4,0.06045,0.06137,0.7242,0.61214,0.60667,0.1148,0.06208,0.16871,8,0.213909,0.016193,0.015923,2.57962,0.00704,0.90343,0.30489
llama31_8b,32,25,80.65,0.50906,0.48174,0.5445,4,0.07722,4,0.08823,0.06622,0.72681,0.61329,0.60233,0.11901,0.06433,0.17372,8,0.249747,0.018247,0.019836,2.846839,0.00855,0.9097,0.3079
llama31_8b,32,26,83.87,0.50066,0.47033,0.53258,5,0.02361,4,0.05119,-0.00398,0.72113,0.61525,0.6077,0.10966,0.06011,0.15992,8,0.288755,0.021313,0.023808,3.181716,0.00264,0.90948,0.29697
llama31_8b,32,27,87.1,0.49826,0.47088,0.52509,5,0.01953,4,0.04111,-0.00206,0.71252,0.6199,0.60318,0.10098,0.05371,0.14846,8,0.320674,0.02583,0.035143,3.567805,0.00221,0.90369,0.29931
llama31_8b,32,28,90.32,0.50043,0.47654,0.52742,3,0.045,4,0.05314,0.03685,0.71068,0.61508,0.59852,0.10388,0.05526,0.15196,8,0.359902,0.029704,0.039481,3.904333,0.0053,0.90354,0.28762
llama31_8b,32,29,93.55,0.49513,0.47435,0.51376,2,-0.0051,3,0.00985,-0.02004,0.70579,0.61157,0.59625,0.10188,0.05434,0.14869,8,0.404834,0.035031,0.04568,4.346468,-0.00061,0.90117,0.28208
llama31_8b,32,30,96.77,0.49624,0.47932,0.51319,2,0.0035,3,0.03322,-0.02623,0.70288,0.61707,0.58792,0.10039,0.05426,0.14602,8,0.481202,0.044091,0.056865,5.231605,0.00042,0.90205,0.28497
llama31_8b,32,31,100.0,0.50564,0.49036,0.52829,2,0.10335,4,0.11329,0.0934,0.70263,0.6215,0.59179,0.09599,0.05427,0.13729,8,0.704678,0.06514,0.079001,6.790156,0.0107,0.91182,0.30723
llama31_70b,80,0,0.0,0.50001,0.49846,0.50137,3,-0.00087,3,-0.00164,-0.00011,0.50483,0.50025,0.50116,0.00412,-0.00152,0.01065,5,3.8e-05,2.5e-05,7.6e-05,0.074926,-0.00207,0.57282,0.17644
llama31_70b,80,1,1.27,0.50089,0.49922,0.50269,5,0.00356,6,0.00341,0.00371,0.49649,0.50041,0.50038,-0.0039,-0.00933,0.00255,2,3.9e-05,3.9e-05,9.9e-05,0.097733,0.01279,0.18292,0.03456
llama31_70b,80,2,2.53,0.49932,0.49749,0.50095,4,-0.00203,4,-0.00129,-0.00278,0.49883,0.49998,0.50028,-0.00131,-0.00652,0.00381,3,5.4e-05,5.8e-05,0.000128,0.126242,-0.00716,0.07551,-0.00024
llama31_70b,80,3,3.8,0.4985,0.49521,0.50158,3,-0.00446,2,-0.00165,-0.00726,0.49754,0.49866,0.49944,-0.00152,-0.0054,0.0023,3,7.4e-05,8.3e-05,0.000161,0.150365,-0.01534,0.0313,-0.01901
llama31_70b,80,4,5.06,0.49868,0.49722,0.50043,2,-0.00201,2,0.00024,-0.00426,0.49742,0.49938,0.49866,-0.0016,-0.00653,0.00478,2,9.7e-05,0.000131,0.000211,0.180402,-0.00708,0.02737,-0.0294
llama31_70b,80,5,6.33,0.49944,0.4972,0.50167,4,0.00115,4,0.002,0.00029,0.49647,0.49928,0.49975,-0.00304,-0.00656,0.00063,2,0.000123,0.000176,0.000259,0.229073,0.00572,0.02743,-0.02364
llama31_70b,80,6,7.59,0.50038,0.49858,0.50207,4,0.00204,5,-0.00039,0.00447,0.50016,0.49942,0.5,0.00045,-0.00663,0.00571,5,0.000167,0.00021,0.000355,0.27249,0.00939,0.06504,-0.00406
llama31_70b,80,7,8.86,0.50151,0.49863,0.50439,5,0.00354,5,0.00215,0.00492,0.50518,0.49976,0.49976,0.00542,-0.00061,0.01115,6,0.000208,0.000271,0.000481,0.294214,0.01853,0.11911,-0.02207
llama31_70b,80,8,10.13,0.50043,0.49844,0.50248,4,0.0002,4,0.00094,-0.00054,0.50805,0.5001,0.50013,0.00794,0.00333,0.01209,7,0.000276,0.000414,0.000567,0.321732,0.00124,0.22011,-0.03014
llama31_70b,80,9,11.39,0.50031,0.49838,0.50209,5,0.00114,4,0.00193,0.00034,0.51236,0.50237,0.5007,0.01083,0.00503,0.0161,7,0.000337,0.00045,0.00061,0.34117,0.00622,0.31615,-0.02812
llama31_70b,80,10,12.66,0.5001,0.49758,0.50283,4,-0.00202,4,-0.00175,-0.00229,0.51536,0.50304,0.50154,0.01306,0.00681,0.01936,8,0.000467,0.000703,0.000737,0.390029,-0.01291,0.43537,-0.01844
llama31_70b,80,11,13.92,0.49867,0.49459,0.50274,4,-0.00545,3,-0.0041,-0.00679,0.51399,0.50324,0.50378,0.01048,0.00552,0.01477,7,0.000554,0.000841,0.000858,0.453211,-0.03373,0.42986,-0.01188
llama31_70b,80,12,15.19,0.49976,0.49663,0.50295,4,-0.00279,3,-0.00197,-0.00361,0.55757,0.51981,0.51752,0.0389,0.02639,0.05104,8,0.000784,0.000912,0.000938,0.486633,-0.01278,0.58917,0.03373
llama31_70b,80,13,16.46,0.49976,0.49686,0.50317,3,0.00011,3,0.00175,-0.00152,0.56655,0.51735,0.51473,0.05051,0.03183,0.06968,8,0.001033,0.001011,0.001039,0.553957,0.00043,0.59632,0.05695
llama31_70b,80,14,17.72,0.50243,0.49714,0.50892,3,0.00577,3,0.00777,0.00377,0.58492,0.5263,0.52449,0.05953,0.03738,0.08177,8,0.001496,0.001183,0.001214,0.627126,0.01839,0.70929,0.09099
llama31_70b,80,15,18.99,0.50387,0.49852,0.51149,4,0.00975,4,0.01117,0.00833,0.59541,0.53574,0.52893,0.06307,0.0363,0.09086,8,0.001845,0.001412,0.001318,0.692437,0.02802,0.73426,0.07941
llama31_70b,80,16,20.25,0.50312,0.49116,0.51662,4,0.00772,4,0.0097,0.00575,0.65388,0.55212,0.53607,0.10978,0.07188,0.14305,8,0.002943,0.001552,0.001421,0.756857,0.01745,0.82869,0.10553
llama31_70b,80,17,21.52,0.50401,0.48816,0.5219,4,0.00871,4,0.00961,0.00782,0.68963,0.56367,0.57395,0.12082,0.0816,0.15918,8,0.004757,0.001793,0.001659,0.839901,0.01589,0.86921,0.12833
llama31_70b,80,18,22.78,0.50574,0.49575,0.51609,7,0.0186,7,0.01405,0.02315,0.74812,0.58471,0.56123,0.17516,0.11978,0.22406,8,0.007426,0.002014,0.001856,1.012618,0.02516,0.86285,0.18131
llama31_70b,80,19,24.05,0.51639,0.50319,0.53673,6,0.06026,7,0.04234,0.07818,0.82271,0.69477,0.60056,0.17505,0.11137,0.22914,7,0.014166,0.002116,0.001879,1.043913,0.04351,0.90353,0.28047
llama31_70b,80,20,25.32,0.51331,0.5043,0.52664,7,0.04909,7,0.03592,0.06225,0.83304,0.67844,0.601,0.19332,0.12482,0.24983,7,0.015506,0.002092,0.001847,1.011614,0.03051,0.88882,0.27181
llama31_70b,80,21,26.58,0.49817,0.48631,0.50844,4,-0.00741,4,-0.00067,-0.01415,0.85649,0.72583,0.65862,0.16426,0.09349,0.22943,7,0.0383,0.002481,0.002206,1.119628,-0.00207,0.9334,0.33332
llama31_70b,80,22,27.85,0.48918,0.47307,0.50341,4,-0.05818,4,-0.03332,-0.08304,0.86239,0.73884,0.67968,0.15313,0.08334,0.21826,7,0.038397,0.002644,0.00227,1.093568,-0.01701,0.90348,0.33249
llama31_70b,80,23,29.11,0.50462,0.49414,0.51764,4,0.01821,4,0.02922,0.00719,0.89185,0.79183,0.73983,0.12602,0.07054,0.17732,8,0.059673,0.003704,0.002807,1.26392,0.00407,0.91304,0.34561
llama31_70b,80,24,30.38,0.51488,0.4997,0.53631,5,0.07978,5,0.08245,0.07711,0.89067,0.7654,0.71663,0.14966,0.08253,0.21527,8,0.058841,0.003722,0.00285,1.245928,0.01759,0.90193,0.34804
llama31_70b,80,25,31.65,0.52358,0.50526,0.54974,7,0.12227,7,0.1077,0.13685,0.88677,0.77508,0.71208,0.14319,0.0794,0.20424,8,0.059457,0.003706,0.002941,1.240295,0.02641,0.8901,0.34146
llama31_70b,80,26,32.91,0.51924,0.49804,0.55431,5,0.10397,5,0.09692,0.11102,0.90057,0.79616,0.77085,0.11707,0.05952,0.17605,8,0.077843,0.003786,0.00316,1.272504,0.01782,0.91379,0.35455
llama31_70b,80,27,34.18,0.52486,0.50086,0.55972,6,0.10806,6,0.1163,0.09981,0.91074,0.80192,0.78025,0.11966,0.06192,0.17938,8,0.082568,0.00403,0.003332,1.325947,0.0182,0.90316,0.36478
llama31_70b,80,28,35.44,0.52697,0.49885,0.56725,5,0.11593,5,0.12499,0.10686,0.9093,0.79819,0.78172,0.11934,0.06358,0.17903,8,0.091685,0.004258,0.003497,1.340373,0.01755,0.9092,0.39984
llama31_70b,80,29,36.71,0.51303,0.49344,0.5372,5,0.06466,5,0.0674,0.06191,0.91363,0.80408,0.81355,0.10482,0.05551,0.15784,8,0.091962,0.004473,0.003729,1.443441,0.01,0.89403,0.38943
llama31_70b,80,30,37.97,0.52848,0.50205,0.56614,6,0.13757,6,0.16233,0.11281,0.93866,0.84814,0.85171,0.08874,0.04115,0.13934,8,0.123542,0.004594,0.00397,1.417334,0.01616,0.9215,0.42059
llama31_70b,80,31,39.24,0.53594,0.5069,0.57338,6,0.15823,6,0.16615,0.15032,0.92435,0.82082,0.82538,0.10125,0.05035,0.15683,8,0.122267,0.004919,0.004507,1.607201,0.01984,0.87239,0.40848
llama31_70b,80,32,40.51,0.52603,0.49323,0.56729,5,0.12975,5,0.1396,0.11991,0.9075,0.81544,0.80879,0.09538,0.05133,0.14339,8,0.128918,0.005032,0.004584,1.553568,0.01496,0.87576,0.39568
llama31_70b,80,33,41.77,0.52873,0.49434,0.56858,5,0.13757,5,0.16416,0.11099,0.88722,0.82609,0.81728,0.06554,0.01994,0.10825,7,0.191826,0.005524,0.004958,1.632149,0.01068,0.91635,0.40472
llama31_70b,80,34,43.04,0.53796,0.50987,0.57528,7,0.20017,7,0.20465,0.1957,0.87918,0.82555,0.78428,0.07427,0.01951,0.12171,7,0.198171,0.005491,0.00493,1.518007,0.0141,0.91471,0.40468
llama31_70b,80,35,44.3,0.54527,0.50864,0.58487,6,0.27898,6,0.27139,0.28656,0.88165,0.81561,0.74274,0.10247,0.03892,0.15177,7,0.213799,0.006049,0.005439,1.696011,0.01908,0.90572,0.38992
llama31_70b,80,36,45.57,0.53759,0.5076,0.56726,6,0.21996,6,0.21407,0.22585,0.88442,0.80456,0.74522,0.10954,0.04564,0.16078,7,0.217164,0.006531,0.005687,1.735251,0.01515,0.90536,0.38397
llama31_70b,80,37,46.84,0.55794,0.52141,0.59534,7,0.36675,7,0.34067,0.39283,0.88961,0.82992,0.74796,0.10067,0.03661,0.15295,7,0.232751,0.007288,0.006194,1.826523,0.02564,0.90589,0.37775
llama31_70b,80,38,48.1,0.56095,0.51624,0.60804,7,0.40482,7,0.36449,0.44514,0.92563,0.87173,0.79025,0.09464,0.06298,0.12638,8,0.294556,0.007949,0.007015,1.899184,0.02347,0.92638,0.3891
llama31_70b,80,39,49.37,0.56839,0.52257,0.6155,7,0.45648,7,0.39297,0.52,0.91516,0.86241,0.79059,0.08866,0.05613,0.12275,8,0.30155,0.008583,0.007859,2.03879,0.02813,0.91895,0.37961
llama31_70b,80,40,50.63,0.58172,0.52872,0.63411,7,0.51941,6,0.45622,0.5826,0.9094,0.8569,0.77969,0.0911,0.0561,0.12652,8,0.304546,0.008866,0.008087,2.067808,0.03234,0.91415,0.37784
llama31_70b,80,41,51.9,0.57582,0.52482,0.62544,7,0.49631,7,0.4175,0.57512,0.9198,0.87724,0.79217,0.0851,0.05793,0.11267,8,0.348826,0.009348,0.008625,2.1815,0.0287,0.92212,0.39353
llama31_70b,80,42,53.16,0.57237,0.51829,0.62624,6,0.47425,6,0.39472,0.55379,0.92021,0.86855,0.78783,0.09202,0.06363,0.12084,8,0.352943,0.009651,0.009009,2.292457,0.02808,0.91529,0.39169
llama31_70b,80,43,54.43,0.58184,0.52707,0.63575,7,0.51493,7,0.44121,0.58866,0.92246,0.87213,0.78713,0.09283,0.06299,0.12284,8,0.359178,0.009963,0.009286,2.345872,0.0308,0.90916,0.3896
llama31_70b,80,44,55.7,0.58393,0.52516,0.64224,7,0.52741,7,0.478,0.57681,0.92121,0.86391,0.78744,0.09554,0.06501,0.12573,8,0.373969,0.010524,0.009772,2.484345,0.03174,0.90719,0.39215
llama31_70b,80,45,56.96,0.56837,0.50715,0.63027,6,0.41924,6,0.3917,0.44679,0.91994,0.85967,0.77608,0.10206,0.06913,0.13582,8,0.385481,0.010986,0.01014,2.530208,0.02516,0.90448,0.38901
llama31_70b,80,46,58.23,0.55823,0.49811,0.6187,6,0.36141,6,0.34546,0.37736,0.91641,0.85405,0.77576,0.10151,0.06984,0.13367,8,0.394444,0.011417,0.010484,2.568426,0.0217,0.90101,0.38825
llama31_70b,80,47,59.49,0.55317,0.4933,0.61517,5,0.33944,5,0.31401,0.36487,0.91982,0.85682,0.77373,0.10455,0.07085,0.13878,8,0.403538,0.011872,0.011046,2.635238,0.02053,0.89712,0.38692
llama31_70b,80,48,60.76,0.54482,0.48744,0.60537,5,0.28465,5,0.28555,0.28374,0.91639,0.85079,0.76595,0.10802,0.07406,0.14232,8,0.420227,0.012409,0.011651,2.74878,0.01698,0.89385,0.38779
llama31_70b,80,49,62.03,0.53946,0.48051,0.60232,5,0.25074,5,0.26635,0.23513,0.91323,0.85242,0.76396,0.10503,0.07139,0.13976,8,0.426609,0.013101,0.011677,2.84559,0.01518,0.88738,0.38115
llama31_70b,80,50,63.29,0.54454,0.48527,0.60851,5,0.27982,5,0.29255,0.26709,0.91273,0.84805,0.76494,0.10624,0.07172,0.14107,8,0.437625,0.013632,0.012123,2.951988,0.01709,0.88387,0.38107
llama31_70b,80,51,64.56,0.54354,0.48297,0.60914,5,0.26353,5,0.28083,0.24623,0.91258,0.84897,0.76333,0.10643,0.072,0.14082,8,0.444062,0.014054,0.012508,3.009992,0.01648,0.87831,0.37927
llama31_70b,80,52,65.82,0.54252,0.48286,0.60661,5,0.2638,5,0.30401,0.22359,0.91044,0.84432,0.76182,0.10737,0.07294,0.14186,8,0.458698,0.014802,0.013133,3.18942,0.01657,0.875,0.37546
llama31_70b,80,53,67.09,0.54893,0.48967,0.61211,5,0.30899,5,0.33303,0.28495,0.9102,0.85115,0.75098,0.10913,0.07358,0.14533,8,0.470058,0.015947,0.015966,3.392398,0.01964,0.87103,0.3724
llama31_70b,80,54,68.35,0.55385,0.49767,0.61506,5,0.34253,5,0.35587,0.32918,0.90746,0.84693,0.75021,0.10889,0.07362,0.14474,8,0.477016,0.016416,0.016353,3.43807,0.02212,0.86721,0.36936
llama31_70b,80,55,69.62,0.54745,0.48987,0.6091,5,0.31297,5,0.33127,0.29467,0.90349,0.84666,0.73927,0.11052,0.07077,0.14972,8,0.492675,0.0172,0.017435,3.524863,0.02027,0.86678,0.36535
llama31_70b,80,56,70.89,0.56895,0.51739,0.62014,7,0.48906,6,0.47262,0.5055,0.90399,0.84422,0.73917,0.11229,0.07455,0.15137,8,0.527081,0.018928,0.020429,3.707067,0.03155,0.87008,0.35612
llama31_70b,80,57,72.15,0.56867,0.52237,0.61473,7,0.48412,7,0.44669,0.52156,0.90387,0.84495,0.74103,0.11088,0.07643,0.14656,8,0.539424,0.019805,0.021663,3.874162,0.03231,0.86756,0.35394
llama31_70b,80,58,73.42,0.5733,0.52713,0.61786,7,0.52239,7,0.47556,0.56922,0.90376,0.84503,0.74052,0.11098,0.07706,0.14612,8,0.55015,0.020481,0.022354,3.952752,0.03553,0.8638,0.35148
llama31_70b,80,59,74.68,0.57049,0.52351,0.61584,6,0.49324,6,0.46503,0.52144,0.90009,0.84451,0.74049,0.10759,0.07344,0.14282,8,0.563921,0.02135,0.023105,4.008643,0.03352,0.86178,0.34486
llama31_70b,80,60,75.95,0.56646,0.52143,0.60821,7,0.46537,6,0.44864,0.48209,0.90083,0.83894,0.73867,0.11203,0.0752,0.14891,8,0.583253,0.022925,0.025872,4.239444,0.0328,0.85814,0.34223
llama31_70b,80,61,77.22,0.56157,0.51831,0.60395,6,0.4379,6,0.45217,0.42363,0.89895,0.83321,0.74564,0.10953,0.07187,0.14624,8,0.599078,0.023787,0.026688,4.315618,0.03129,0.85506,0.33817
llama31_70b,80,62,78.48,0.5616,0.51838,0.60325,7,0.4378,6,0.45873,0.41687,0.90065,0.83405,0.75415,0.10655,0.06923,0.14289,8,0.608247,0.024461,0.027425,4.390108,0.03146,0.84995,0.33731
llama31_70b,80,63,79.75,0.56776,0.52287,0.61064,7,0.46895,6,0.50048,0.43741,0.90085,0.83227,0.7489,0.11027,0.07186,0.14666,8,0.622613,0.025419,0.028155,4.455657,0.03365,0.84718,0.33885
llama31_70b,80,64,81.01,0.56739,0.521,0.61366,7,0.46188,7,0.48702,0.43675,0.89717,0.82664,0.7515,0.1081,0.06892,0.14569,8,0.639236,0.026588,0.030013,4.569681,0.03344,0.84476,0.33534
llama31_70b,80,65,82.28,0.56544,0.52219,0.60863,7,0.46491,7,0.49698,0.43284,0.89732,0.82867,0.75007,0.10796,0.06933,0.14495,8,0.647025,0.027424,0.030747,4.681851,0.03393,0.84055,0.33259
llama31_70b,80,66,83.54,0.57274,0.53098,0.6125,7,0.51774,7,0.52747,0.50802,0.89474,0.82204,0.75044,0.1085,0.06861,0.14613,8,0.661532,0.028438,0.03166,4.776304,0.03786,0.83983,0.33091
llama31_70b,80,67,84.81,0.57246,0.53183,0.6103,7,0.52493,7,0.53186,0.518,0.89141,0.82,0.74242,0.1102,0.07079,0.14656,8,0.681701,0.030641,0.036469,4.865544,0.03863,0.83992,0.32861
llama31_70b,80,68,86.08,0.56726,0.51973,0.61462,7,0.43914,6,0.4582,0.42008,0.88719,0.82001,0.73737,0.1085,0.06592,0.14707,7,0.705301,0.033818,0.048503,5.075144,0.03288,0.84034,0.32875
llama31_70b,80,69,87.34,0.56389,0.51665,0.60981,7,0.42025,5,0.46189,0.37862,0.88656,0.82056,0.73595,0.1083,0.06437,0.14833,7,0.721351,0.034886,0.049666,5.184107,0.03147,0.83863,0.32668
llama31_70b,80,70,88.61,0.55987,0.51333,0.60531,7,0.39899,7,0.42216,0.37581,0.88478,0.81292,0.73078,0.11292,0.06446,0.1558,7,0.740706,0.035889,0.050943,5.266232,0.02975,0.83912,0.32682
llama31_70b,80,71,89.87,0.56742,0.52001,0.61336,7,0.42463,6,0.45754,0.39171,0.88325,0.81605,0.73788,0.10629,0.06083,0.14817,7,0.778567,0.037884,0.052865,5.367215,0.03122,0.84309,0.32033
llama31_70b,80,72,91.14,0.56764,0.51943,0.61564,7,0.43515,6,0.47788,0.39243,0.8805,0.80936,0.73785,0.10689,0.05991,0.14893,7,0.806437,0.041427,0.063008,5.690027,0.03218,0.84185,0.31836
llama31_70b,80,73,92.41,0.56946,0.52196,0.61682,7,0.45501,6,0.49578,0.41423,0.8776,0.79907,0.73777,0.10918,0.05835,0.15309,7,0.844066,0.044295,0.068813,5.924475,0.0338,0.84243,0.31667
llama31_70b,80,74,93.67,0.57205,0.5257,0.61762,7,0.48594,6,0.52134,0.45054,0.8776,0.8026,0.73811,0.10724,0.05883,0.14928,7,0.892293,0.046797,0.072926,6.29991,0.03598,0.84627,0.31347
llama31_70b,80,75,94.94,0.58373,0.53403,0.63325,6,0.59501,6,0.58526,0.60476,0.88078,0.81978,0.75357,0.0941,0.05305,0.13205,7,1.034306,0.052562,0.081388,6.515624,0.042,0.86687,0.29662
llama31_70b,80,76,96.2,0.58929,0.54357,0.63458,7,0.64988,8,0.6341,0.66566,0.87937,0.81293,0.753,0.09641,0.05208,0.13591,7,1.132386,0.056855,0.087269,6.973035,0.04484,0.86831,0.29091
llama31_70b,80,77,97.47,0.58821,0.5448,0.6317,8,0.60054,8,0.58203,0.61905,0.8766,0.80797,0.74885,0.09819,0.05453,0.13671,7,1.261253,0.062567,0.097235,7.69299,0.04037,0.87289,0.28793
llama31_70b,80,78,98.73,0.60066,0.55229,0.64725,7,0.73511,7,0.7452,0.72502,0.87684,0.80038,0.75478,0.09926,0.05839,0.13639,7,1.51807,0.071634,0.108683,8.366372,0.04639,0.88875,0.29399
llama31_70b,80,79,100.0,0.5866,0.54106,0.63193,7,0.72323,7,0.76048,0.68598,0.87856,0.79639,0.74891,0.10592,0.06517,0.14235,7,2.041967,0.091593,0.133972,9.402879,0.03897,0.90721,0.2972
llama33_70b,80,0,0.0,0.50083,0.49962,0.50216,5,0.00075,5,0.00084,0.00066,0.49798,0.49836,0.49932,-0.00086,-0.00315,0.00145,3,2.9e-05,2.1e-05,6.8e-05,0.081785,0.00235,0.35441,0.07485
llama33_70b,80,1,1.27,0.50075,0.49961,0.50183,6,0.00289,6,0.00242,0.00337,0.49732,0.50005,0.50072,-0.00306,-0.00814,0.00189,2,3.5e-05,3.3e-05,8.8e-05,0.101605,0.01119,0.17629,0.02284
llama33_70b,80,2,2.53,0.5013,0.49862,0.50374,6,0.00363,6,0.00569,0.00157,0.50274,0.5004,0.50001,0.00254,-0.00538,0.01086,4,4.9e-05,5.2e-05,0.000111,0.126746,0.0133,0.09254,-0.00861
llama33_70b,80,3,3.8,0.50073,0.49818,0.50304,5,0.00297,6,0.00238,0.00356,0.51757,0.50164,0.50208,0.01571,0.00843,0.0231,7,6.9e-05,8e-05,0.000139,0.147775,0.0104,0.0809,-0.02506
llama33_70b,80,4,5.06,0.49966,0.49767,0.50149,5,0.00292,7,-0.00255,0.00839,0.50809,0.50136,0.50111,0.00686,-0.00329,0.01705,6,9.4e-05,0.000125,0.00019,0.177116,0.01032,0.03599,-0.02964
llama33_70b,80,5,6.33,0.49972,0.49775,0.50149,3,-0.00013,4,-0.00267,0.00241,0.50048,0.50002,0.50035,0.00029,-0.00929,0.00808,5,0.000112,0.000163,0.000223,0.213364,-0.00063,0.02344,-0.03387
llama33_70b,80,6,7.59,0.50023,0.4977,0.50281,3,0.00107,4,0.00352,-0.00139,0.50331,0.49989,0.50087,0.00292,-0.00683,0.01044,6,0.00015,0.000195,0.000276,0.24579,0.00476,0.09438,-0.01945
llama33_70b,80,7,8.86,0.50092,0.49718,0.50508,4,0.00207,4,0.00347,0.00067,0.50382,0.50036,0.49989,0.00369,-0.0057,0.0116,5,0.000187,0.000259,0.000437,0.262124,0.01158,0.09074,-0.03597
llama33_70b,80,8,10.13,0.4998,0.4982,0.50129,4,0.00056,5,0.00048,0.00063,0.50267,0.5003,0.49933,0.00286,-0.00237,0.008,5,0.00026,0.000408,0.000566,0.296907,0.00387,0.22334,-0.04366
llama33_70b,80,9,11.39,0.4999,0.49826,0.50157,4,0.0007,4,0.00175,-0.00034,0.51185,0.5015,0.50022,0.01098,0.00532,0.01756,7,0.00034,0.000465,0.000626,0.322922,0.00413,0.33462,-0.03721
llama33_70b,80,10,12.66,0.5003,0.49724,0.50361,3,0.00072,4,0.00078,0.00065,0.5159,0.50343,0.50491,0.01173,0.00775,0.01555,8,0.000499,0.000712,0.000773,0.372825,0.00435,0.53027,-0.01059
llama33_70b,80,11,13.92,0.49965,0.49659,0.50284,3,-0.00124,4,1e-05,-0.00248,0.51711,0.5041,0.50417,0.01298,0.00682,0.02076,8,0.000599,0.000848,0.000892,0.432258,-0.00724,0.52897,-0.00549
llama33_70b,80,12,15.19,0.50095,0.49829,0.50389,6,0.0025,4,0.00323,0.00176,0.56158,0.51747,0.52477,0.04046,0.0271,0.05295,8,0.000894,0.000943,0.001023,0.465218,0.01053,0.67642,0.04631
llama33_70b,80,13,16.46,0.50477,0.49978,0.51245,5,0.01583,5,0.01458,0.01708,0.58447,0.53543,0.52729,0.05311,0.03149,0.07845,8,0.0014,0.00105,0.0011,0.52585,0.04794,0.78093,0.08612
llama33_70b,80,14,17.72,0.50564,0.49989,0.51494,5,0.01855,6,0.01518,0.02192,0.59715,0.53373,0.53461,0.06299,0.03955,0.08539,8,0.001885,0.00125,0.001294,0.604341,0.04809,0.81385,0.11221
llama33_70b,80,15,18.99,0.5043,0.49809,0.51533,3,0.01387,3,0.0127,0.01503,0.61827,0.54714,0.53129,0.07905,0.04752,0.10664,7,0.00237,0.001601,0.001459,0.677134,0.03304,0.8264,0.08133
llama33_70b,80,16,20.25,0.50649,0.49451,0.5231,5,0.01816,5,0.01499,0.02133,0.65289,0.56113,0.54456,0.10005,0.05598,0.14294,7,0.003644,0.001702,0.001639,0.721516,0.03332,0.87499,0.11122
llama33_70b,80,17,21.52,0.50996,0.49563,0.52892,5,0.02707,6,0.02443,0.0297,0.72014,0.59813,0.59915,0.1215,0.08533,0.15099,8,0.006172,0.001869,0.001838,0.801375,0.03643,0.89809,0.15623
llama33_70b,80,18,22.78,0.50553,0.49622,0.51684,4,0.01957,4,0.0161,0.02304,0.79305,0.62065,0.5843,0.19058,0.12846,0.23992,8,0.01004,0.002139,0.001991,0.947361,0.0196,0.89265,0.22813
llama33_70b,80,19,24.05,0.52287,0.50278,0.54861,6,0.09381,6,0.0733,0.11432,0.87734,0.70441,0.63498,0.20764,0.13644,0.2683,8,0.022157,0.00247,0.002267,1.089249,0.04826,0.92856,0.34304
llama33_70b,80,20,25.32,0.5225,0.50646,0.54368,6,0.09902,6,0.09233,0.10571,0.8959,0.722,0.64338,0.21321,0.15314,0.26882,8,0.023734,0.002531,0.002265,1.061877,0.0457,0.90615,0.34889
llama33_70b,80,21,26.58,0.46681,0.42619,0.49716,2,-0.13992,2,-0.129,-0.15083,0.88451,0.78132,0.70549,0.14111,0.06974,0.204,7,0.05735,0.002823,0.002511,1.193796,-0.02823,0.94098,0.39441
llama33_70b,80,22,27.85,0.46876,0.43115,0.498,2,-0.16504,1,-0.13024,-0.19984,0.88099,0.8063,0.71924,0.11821,0.05782,0.17157,7,0.056942,0.002936,0.002458,1.165779,-0.03297,0.91817,0.39341
llama33_70b,80,23,29.11,0.48989,0.47049,0.50441,3,-0.05303,3,-0.02846,-0.07759,0.89318,0.78896,0.71464,0.14138,0.07089,0.20597,7,0.068173,0.003424,0.00286,1.324214,-0.01016,0.90449,0.39658
llama33_70b,80,24,30.38,0.49273,0.47417,0.50819,4,-0.03454,4,-0.02149,-0.04759,0.88758,0.77171,0.70026,0.15159,0.07664,0.21677,7,0.065382,0.00343,0.002841,1.287656,-0.00669,0.88858,0.39154
llama33_70b,80,25,31.65,0.50035,0.485,0.51316,5,0.00456,5,-0.00619,0.01531,0.88914,0.7661,0.70412,0.15403,0.08326,0.21526,7,0.065753,0.003504,0.002964,1.300437,0.00088,0.86968,0.38614
llama33_70b,80,26,32.91,0.50211,0.48923,0.51447,5,0.01422,5,0.02795,0.00049,0.89348,0.78442,0.77115,0.1157,0.0501,0.17848,7,0.091628,0.003776,0.003123,1.356819,0.0021,0.90594,0.40006
llama33_70b,80,27,34.18,0.49545,0.4828,0.50865,4,-0.0189,4,-0.01888,-0.01892,0.91343,0.81042,0.81449,0.10098,0.0485,0.15662,8,0.096229,0.003963,0.003219,1.388186,-0.0027,0.89582,0.41689
llama33_70b,80,28,35.44,0.47694,0.46034,0.49167,1,-0.10047,2,-0.08762,-0.11331,0.91454,0.82014,0.8248,0.09207,0.04471,0.14417,8,0.106599,0.004221,0.0033,1.415823,-0.01283,0.90214,0.43901
llama33_70b,80,29,36.71,0.45239,0.42402,0.47851,1,-0.21333,1,-0.19099,-0.23566,0.9244,0.85165,0.82413,0.0865,0.048,0.12956,8,0.113073,0.004311,0.003479,1.445666,-0.02572,0.89557,0.40906
llama33_70b,80,30,37.97,0.49368,0.46145,0.52315,5,-0.02028,5,-0.02759,-0.01297,0.9569,0.89832,0.90263,0.05643,0.02153,0.09558,8,0.179596,0.00472,0.003764,1.411814,-0.00155,0.92834,0.4397
llama33_70b,80,31,39.24,0.491,0.47251,0.5076,4,-0.04734,4,-0.03885,-0.05584,0.94036,0.87874,0.79802,0.10198,0.06154,0.14317,8,0.171306,0.004828,0.004048,1.531205,-0.00396,0.89894,0.43104
llama33_70b,80,32,40.51,0.49101,0.47433,0.50667,4,-0.0428,4,-0.02077,-0.06483,0.93005,0.88256,0.80718,0.08518,0.0466,0.1247,8,0.17998,0.004791,0.004197,1.4797,-0.00331,0.89781,0.42688
llama33_70b,80,33,41.77,0.49879,0.48295,0.51564,5,-0.01335,5,0.02016,-0.04686,0.91218,0.87304,0.82565,0.06284,0.02742,0.10162,7,0.230518,0.004961,0.004417,1.498284,-0.00081,0.91947,0.43858
llama33_70b,80,34,43.04,0.49668,0.47551,0.5154,4,-0.01623,4,-0.00416,-0.02831,0.92083,0.88175,0.83443,0.06273,0.02994,0.10314,8,0.227248,0.004834,0.004375,1.401506,-0.00092,0.9187,0.44429
llama33_70b,80,35,44.3,0.55088,0.53329,0.56772,8,0.29691,8,0.28836,0.30545,0.92436,0.87113,0.79476,0.09141,0.05511,0.13045,8,0.236468,0.005321,0.005066,1.551401,0.01718,0.91272,0.43602
llama33_70b,80,36,45.57,0.53641,0.50749,0.56952,7,0.24097,6,0.26079,0.22116,0.92451,0.8558,0.79169,0.10076,0.06336,0.13849,8,0.23692,0.005433,0.005383,1.567148,0.01425,0.90912,0.4293
llama33_70b,80,37,46.84,0.54939,0.50595,0.59724,6,0.33932,6,0.34676,0.33188,0.92999,0.87823,0.81223,0.08475,0.05272,0.12046,8,0.249313,0.00583,0.005712,1.609673,0.02053,0.91034,0.4275
llama33_70b,80,38,48.1,0.57555,0.51878,0.63804,7,0.52686,7,0.51894,0.53478,0.96624,0.92518,0.83908,0.08411,0.04247,0.13061,8,0.320065,0.006281,0.006652,1.677016,0.02583,0.93398,0.42902
llama33_70b,80,39,49.37,0.57203,0.51564,0.63783,7,0.55258,7,0.53614,0.56903,0.95661,0.91383,0.81783,0.09078,0.0529,0.13109,8,0.321548,0.006661,0.007332,1.785163,0.02882,0.92406,0.42084
llama33_70b,80,40,50.63,0.58653,0.52636,0.65854,7,0.63585,7,0.63012,0.64157,0.95168,0.90961,0.80481,0.09447,0.05939,0.13125,8,0.326864,0.006886,0.007552,1.821221,0.03343,0.92038,0.422
llama33_70b,80,41,51.9,0.57652,0.51748,0.64513,7,0.56748,7,0.5418,0.59316,0.96046,0.91918,0.82637,0.08768,0.05112,0.12511,8,0.360506,0.007375,0.008088,1.916812,0.02914,0.92642,0.42959
llama33_70b,80,42,53.16,0.5772,0.51373,0.65118,6,0.58185,7,0.55204,0.61166,0.9581,0.91051,0.82784,0.08892,0.05153,0.12764,8,0.366455,0.007699,0.008521,2.004125,0.03079,0.91878,0.42699
llama33_70b,80,43,54.43,0.59594,0.53047,0.67155,7,0.71515,7,0.69946,0.73085,0.9592,0.91274,0.83454,0.08555,0.04874,0.12415,8,0.371587,0.008082,0.008809,2.068647,0.03877,0.91241,0.42362
llama33_70b,80,44,55.7,0.62406,0.55428,0.70306,7,0.85819,7,0.87169,0.84469,0.95712,0.90347,0.83509,0.08785,0.05019,0.12764,8,0.38434,0.008605,0.009426,2.174296,0.04729,0.9075,0.4245
llama33_70b,80,45,56.96,0.61608,0.54976,0.69159,7,0.76684,7,0.78234,0.75134,0.95358,0.90158,0.82916,0.08821,0.05186,0.12513,8,0.393732,0.008957,0.009876,2.213483,0.04247,0.90318,0.42181
llama33_70b,80,46,58.23,0.6082,0.54502,0.67942,7,0.74069,7,0.7762,0.70518,0.9494,0.89128,0.82892,0.0893,0.0531,0.1253,8,0.402485,0.009327,0.010175,2.257098,0.04114,0.89851,0.42227
llama33_70b,80,47,59.49,0.60555,0.5399,0.68027,7,0.75086,7,0.78209,0.71962,0.94679,0.88834,0.83364,0.0858,0.05034,0.1217,8,0.411784,0.009762,0.010665,2.298861,0.0422,0.89235,0.4212
llama33_70b,80,48,60.76,0.60184,0.53874,0.67225,7,0.71073,7,0.72461,0.69685,0.94139,0.87485,0.81538,0.09628,0.06034,0.13134,8,0.427424,0.010228,0.011338,2.371494,0.03966,0.88791,0.42073
llama33_70b,80,49,62.03,0.60718,0.54213,0.67869,7,0.70971,7,0.72729,0.69214,0.93938,0.87866,0.82679,0.08666,0.05408,0.11795,8,0.434745,0.010725,0.011558,2.433199,0.04012,0.88149,0.41782
llama33_70b,80,50,63.29,0.60536,0.54128,0.67838,7,0.68106,7,0.7145,0.64763,0.93754,0.87668,0.82146,0.08847,0.0562,0.11978,8,0.446935,0.011237,0.012182,2.524796,0.03896,0.87929,0.42064
llama33_70b,80,51,64.56,0.61241,0.54704,0.68635,7,0.67679,7,0.72694,0.62665,0.9363,0.87108,0.80939,0.09606,0.06266,0.12888,8,0.452212,0.01176,0.012687,2.573294,0.04,0.87209,0.41698
llama33_70b,80,52,65.82,0.59937,0.53751,0.67097,7,0.63515,7,0.68203,0.58827,0.93595,0.87384,0.80946,0.09431,0.06117,0.12837,8,0.464979,0.012347,0.013395,2.712298,0.03774,0.86631,0.41593
llama33_70b,80,53,67.09,0.60225,0.53521,0.67912,7,0.64245,7,0.69221,0.5927,0.93373,0.8732,0.81053,0.09187,0.06011,0.12359,8,0.474681,0.013084,0.015122,2.857927,0.03857,0.86212,0.4146
llama33_70b,80,54,68.35,0.59003,0.52107,0.67165,6,0.57957,6,0.61287,0.54627,0.93115,0.86959,0.81764,0.08753,0.05655,0.11826,8,0.480386,0.013689,0.015601,2.899619,0.03549,0.85582,0.41161
llama33_70b,80,55,69.62,0.58384,0.515,0.66536,6,0.53778,6,0.57824,0.49731,0.92965,0.86148,0.81378,0.09202,0.06012,0.12335,8,0.493826,0.014402,0.01641,2.9727,0.03312,0.85055,0.41079
llama33_70b,80,56,70.89,0.59339,0.52939,0.66418,7,0.63299,7,0.67692,0.58907,0.93105,0.86672,0.81895,0.08821,0.05781,0.11697,8,0.51715,0.015947,0.018751,3.120264,0.03951,0.84972,0.40425
llama33_70b,80,57,72.15,0.58572,0.5253,0.65413,7,0.59632,7,0.63462,0.55803,0.93015,0.86214,0.81758,0.09028,0.0582,0.12047,8,0.527286,0.016745,0.01993,3.225136,0.0384,0.84431,0.40177
llama33_70b,80,58,73.42,0.59947,0.53902,0.66549,7,0.67026,7,0.69269,0.64783,0.93141,0.85938,0.81627,0.09359,0.06131,0.12439,8,0.537485,0.017407,0.020757,3.287746,0.04416,0.83958,0.39902
llama33_70b,80,59,74.68,0.5991,0.53938,0.66469,7,0.63747,7,0.68443,0.59051,0.93204,0.86346,0.81834,0.09115,0.0589,0.12046,8,0.548166,0.018125,0.021475,3.339578,0.04218,0.83523,0.3949
llama33_70b,80,60,75.95,0.60813,0.54499,0.67375,7,0.67302,7,0.71231,0.63373,0.93142,0.85545,0.81087,0.09826,0.06493,0.12928,8,0.56207,0.019301,0.023514,3.53478,0.04592,0.82634,0.39182
llama33_70b,80,61,77.22,0.59676,0.53419,0.66473,7,0.58649,7,0.65411,0.51887,0.93056,0.8532,0.81498,0.09647,0.0638,0.12542,8,0.573383,0.020292,0.024438,3.593364,0.04081,0.82121,0.38742
llama33_70b,80,62,78.48,0.59893,0.53622,0.66636,7,0.60815,7,0.67608,0.54021,0.93233,0.85446,0.80491,0.10265,0.06935,0.13153,8,0.582233,0.02104,0.025271,3.640964,0.04272,0.81499,0.38584
llama33_70b,80,63,79.75,0.59908,0.53726,0.66828,7,0.61832,7,0.66685,0.56979,0.93083,0.84679,0.79257,0.11114,0.0785,0.13959,8,0.592713,0.02173,0.025952,3.69767,0.04354,0.80961,0.38509
llama33_70b,80,64,81.01,0.59584,0.53144,0.66749,7,0.60871,7,0.64567,0.57175,0.92802,0.84022,0.79112,0.11235,0.08091,0.1397,8,0.604252,0.02289,0.02767,3.799324,0.04359,0.80553,0.38324
llama33_70b,80,65,82.28,0.59567,0.53678,0.66057,7,0.65048,7,0.64703,0.65393,0.92922,0.83506,0.78942,0.11698,0.08512,0.14522,8,0.613652,0.023982,0.028763,3.886662,0.04684,0.79813,0.38201
llama33_70b,80,66,83.54,0.59227,0.53715,0.65385,7,0.68063,7,0.64952,0.71175,0.92864,0.83385,0.7907,0.11637,0.08455,0.14446,8,0.630144,0.025043,0.029765,3.964471,0.0489,0.79445,0.38233
llama33_70b,80,67,84.81,0.58335,0.53102,0.64387,7,0.6103,7,0.62551,0.5951,0.92652,0.82536,0.7822,0.12275,0.09032,0.15121,8,0.648006,0.026894,0.033239,4.019985,0.04405,0.7919,0.37945
llama33_70b,80,68,86.08,0.58072,0.52566,0.64531,7,0.56956,7,0.61972,0.5194,0.92232,0.82922,0.77543,0.11999,0.08749,0.14982,8,0.664877,0.029596,0.040056,4.195952,0.04172,0.79058,0.37851
llama33_70b,80,69,87.34,0.57849,0.5241,0.64334,7,0.55222,7,0.61656,0.48787,0.92279,0.82489,0.77747,0.12161,0.08734,0.1533,8,0.675568,0.031031,0.041403,4.270623,0.04076,0.78581,0.37432
llama33_70b,80,70,88.61,0.58784,0.53037,0.65492,7,0.60821,7,0.65807,0.55836,0.92199,0.82966,0.77419,0.12007,0.08638,0.15149,8,0.696644,0.032527,0.042726,4.338592,0.04448,0.78814,0.37636
llama33_70b,80,71,89.87,0.59523,0.53497,0.66394,7,0.62499,7,0.6561,0.59389,0.92274,0.82665,0.76959,0.12461,0.08989,0.15685,8,0.721366,0.034209,0.044533,4.423552,0.04554,0.78627,0.36848
llama33_70b,80,72,91.14,0.58087,0.52341,0.64937,7,0.50793,7,0.5765,0.43935,0.92063,0.82055,0.75771,0.1315,0.09512,0.16558,8,0.741279,0.037099,0.050073,4.675508,0.03742,0.78047,0.36385
llama33_70b,80,73,92.41,0.57588,0.51608,0.64604,7,0.47187,7,0.54262,0.40112,0.92153,0.82388,0.76427,0.12746,0.095,0.15867,8,0.774157,0.040021,0.054558,4.827919,0.03506,0.78168,0.36312
llama33_70b,80,74,93.67,0.57391,0.52134,0.63615,7,0.50571,7,0.56248,0.44894,0.9207,0.82791,0.77051,0.12149,0.08923,0.15139,8,0.813699,0.042592,0.057332,5.063806,0.03742,0.78255,0.36042
llama33_70b,80,75,94.94,0.5697,0.51809,0.63207,7,0.49202,7,0.58143,0.40261,0.92132,0.84209,0.77845,0.11105,0.07914,0.14047,8,0.887733,0.046006,0.061502,5.205463,0.03582,0.80079,0.3312
llama33_70b,80,76,96.2,0.57954,0.53003,0.63998,7,0.56605,7,0.67252,0.45958,0.92001,0.82868,0.76209,0.12462,0.09044,0.15647,8,0.924968,0.048679,0.066188,5.424009,0.04105,0.79911,0.32768
llama33_70b,80,77,97.47,0.57985,0.53076,0.63551,7,0.56848,7,0.68016,0.45679,0.91859,0.80443,0.75675,0.138,0.10155,0.17281,8,0.968999,0.053108,0.072747,5.917005,0.04189,0.79877,0.31899
llama33_70b,80,78,98.73,0.56014,0.51502,0.61446,7,0.45616,7,0.57127,0.34106,0.91614,0.78761,0.75597,0.14435,0.10613,0.18173,8,1.03478,0.05788,0.079651,6.246089,0.03348,0.80355,0.31841
llama33_70b,80,79,100.0,0.56975,0.52429,0.62334,7,0.52838,7,0.60113,0.45563,0.91611,0.77825,0.72989,0.16203,0.12476,0.19916,8,1.140544,0.064662,0.091676,7.186459,0.03792,0.80616,0.31142
