model,depth,layer,rank,effective_rank,E_purpose_in_format_subspace,frac_format_subspace_energy_from_purpose,frac_format_subspace_in_top64_pcs,purpose_energy_in_top64_pcs
llama31_8b,spike,3,1,1,5.969075564839062e-08,5.969075564839062e-08,0.9993990766703126,0.004935557314938106
llama31_8b,spike,3,4,4,2.459350765568103e-07,6.148376913920258e-08,0.9988953130307376,0.004935557314938106
llama31_8b,spike,3,16,16,6.891723322488246e-06,4.307327076555154e-07,0.9909249316813639,0.004935557314938106
llama31_8b,spike,3,64,64,0.0005951682724884314,9.299504257631741e-06,0.6597004485353046,0.004935557314938106
llama31_8b,min_gap,14,1,1,1.1926784807514416e-06,1.1926784807514416e-06,0.9992415820954816,0.1076707366429985
llama31_8b,min_gap,14,4,4,9.21128618985464e-06,2.30282154746366e-06,0.997911941287049,0.1076707366429985
llama31_8b,min_gap,14,16,16,0.0001552304965446227,9.70190603403892e-06,0.9698302491325884,0.1076707366429985
llama31_8b,min_gap,14,64,64,0.0034951154544620314,5.461117897596924e-05,0.6682750067377559,0.1076707366429985
llama31_8b,final,31,1,1,5.9649401046815626e-06,5.9649401046815626e-06,0.9976540209184489,0.021811109640135842
llama31_8b,final,31,4,4,8.869429945700149e-06,2.217357486425037e-06,0.9932236327274198,0.021811109640135842
llama31_8b,final,31,16,16,7.102567797172781e-05,4.439104873232988e-06,0.9418226389224593,0.021811109640135842
llama31_8b,final,31,64,64,0.0011280461706763268,1.7625721416817606e-05,0.6340370888900054,0.021811109640135842
llama31_70b,spike,4,1,1,1.709285748034824e-09,1.709285748034824e-09,0.9996804088672694,0.000262369893668154
llama31_70b,spike,4,4,4,5.0687088257411424e-08,1.2671772064352856e-08,0.9993774197855417,0.000262369893668154
llama31_70b,spike,4,16,16,3.3863912128383002e-06,2.1164945080239376e-07,0.9945078690458442,0.000262369893668154
llama31_70b,spike,4,64,64,0.00016730443899901494,2.6141318593596084e-06,0.6382686467834655,0.000262369893668154
llama31_70b,min_gap,19,1,1,9.875770193489604e-06,9.875770193489604e-06,0.9994794316098644,0.2305159947360204
llama31_70b,min_gap,19,4,4,1.4944779969487454e-05,3.7361949923718635e-06,0.9986351178142485,0.2305159947360204
llama31_70b,min_gap,19,16,16,0.0007743098191721478,4.839436369825924e-05,0.982284698211166,0.2305159947360204
llama31_70b,min_gap,19,64,64,0.012537233631040898,0.00019589427548501404,0.60976592755667,0.2305159947360204
llama31_70b,final,79,1,1,2.361846388439507e-06,2.361846388439507e-06,0.996691552538841,0.021082591830629473
llama31_70b,final,79,4,4,1.0632638761080272e-05,2.658159690270068e-06,0.9899388083568703,0.021082591830629473
llama31_70b,final,79,16,16,0.00016677113789454617,1.0423196118409136e-05,0.9237204683941561,0.021082591830629473
llama31_70b,final,79,64,64,0.0011396221163451398,1.780659556789281e-05,0.5683270963497487,0.021082591830629473
llama33_70b,spike,4,1,1,1.6569752778654729e-10,1.6569752778654729e-10,0.999727027024661,0.0003485537697083768
llama33_70b,spike,4,4,4,5.690390157663207e-08,1.4225975394158017e-08,0.9993873413900158,0.0003485537697083768
llama33_70b,spike,4,16,16,4.028462950446977e-06,2.5177893440293605e-07,0.9941801465268845,0.0003485537697083768
llama33_70b,spike,4,64,64,0.00016418613998373495,2.5654084372458586e-06,0.6356653934342558,0.0003485537697083768
llama33_70b,min_gap,21,1,1,1.4984210259559586e-05,1.4984210259559586e-05,0.9992829542450992,0.20922602801941886
llama33_70b,min_gap,21,4,4,5.573891928192424e-05,1.393472982048106e-05,0.9984756064138794,0.20922602801941886
llama33_70b,min_gap,21,16,16,0.0009400096926254918,5.875060578909324e-05,0.9834836462101122,0.20922602801941886
llama33_70b,min_gap,21,64,64,0.007497355912397046,0.00011714618613120384,0.6325076453737839,0.20922602801941886
llama33_70b,final,79,1,1,6.462817897654623e-07,6.462817897654623e-07,0.9931796616112363,0.004769795869065699
llama33_70b,final,79,4,4,4.207918921932215e-06,1.0519797304830538e-06,0.9844766078483549,0.004769795869065699
llama33_70b,final,79,16,16,5.4760119699728507e-05,3.4225074812330317e-06,0.9271185131463554,0.004769795869065699
llama33_70b,final,79,64,64,0.0005834217396538995,9.11596468209218e-06,0.5744321644517387,0.004769795869065699
