model,model_label,layer,n_layers,relative_depth,raw_joint_auc,raw_b2c_auc,raw_c2b_auc,raw_gap,proj_joint_auc,proj_b2c_auc,proj_c2b_auc,proj_gap,proj_format_auc,delta_gap,delta_joint_auc,delta_b2c_auc,delta_c2b_auc,rescue_fraction,rescue_fraction_unstable
llama31_8b,Llama-3.1-8B,0,32,0.0,0.5601285129123263,0.5143759684917355,0.5127788692677515,0.04655109403258284,0.5803157552083333,0.5437002840909091,0.5469191475591717,0.03500603938329294,0.9158227709790209,0.011545054649289899,0.02018724229600699,0.02932431559917359,0.03414027829142019,0.24800823459077215,False
llama31_8b,Llama-3.1-8B,1,32,0.03225806451612903,0.7403096177842883,0.5663946280991735,0.5412696468195266,0.18647748032493827,0.7496609157986112,0.6671716813016529,0.6631109005177513,0.08451962488890907,0.9188019012237761,0.1019578554360292,0.009351298014322884,0.10077705320247943,0.12184125369822474,0.546756934179757,False
llama31_8b,Llama-3.1-8B,2,32,0.06451612903225806,0.7544052463107639,0.5859155475206612,0.5841117326183431,0.1693916062412617,0.771600341796875,0.705887784090909,0.6965003235946745,0.07040628795408321,0.9153676109047203,0.09898531828717849,0.01719509548611109,0.1199722365702478,0.11238859097633136,0.5843578704023582,False
llama31_8b,Llama-3.1-8B,3,32,0.0967741935483871,0.8653699408637152,0.6414380488119835,0.6740260955991124,0.20763786865816725,0.8717555067274305,0.8270564307851239,0.8022274870562129,0.057113547806762144,0.9264449027534964,0.1505243208514051,0.0063855658637153034,0.1856183819731404,0.12820139145710052,0.7249367459998938,False
llama31_8b,Llama-3.1-8B,4,32,0.12903225806451613,0.9573063829210071,0.8770399664256199,0.8179710613905324,0.10980086901293096,0.959018079969618,0.9384623579545455,0.9426319803994083,0.01847091079264107,0.9249819711538461,0.09132995822028989,0.0017116970486108496,0.06142239152892559,0.12466091900887588,0.8317781001308304,False
llama31_8b,Llama-3.1-8B,5,32,0.16129032258064516,0.9693223741319443,0.8936512138429753,0.881617048816568,0.08168824280217268,0.9722427029079861,0.9569166451446282,0.9579532636834319,0.014807748493956052,0.9240312909746504,0.06688049430821663,0.0029203287760417584,0.06326543130165285,0.07633621486686393,0.8187285221715871,False
llama31_8b,Llama-3.1-8B,6,32,0.1935483870967742,0.9864817979600694,0.9234416967975206,0.948556536612426,0.05048268125509614,0.9878850640190971,0.9790215005165289,0.9783822577662723,0.009183184877696537,0.9127954272290211,0.0412994963773996,0.0014032660590277413,0.05557980371900828,0.029825721153846296,0.8180923705043992,False
llama31_8b,Llama-3.1-8B,7,32,0.22580645161290322,0.9868747965494793,0.9402120996900827,0.9496322577662722,0.041952617821301885,0.9886440022786458,0.9818824251033058,0.9782701553254438,0.008567712064270983,0.920266881555944,0.0333849057570309,0.0017692057291665009,0.04167032541322313,0.028637897559171566,0.7957764614173699,False
llama31_8b,Llama-3.1-8B,8,32,0.25806451612903225,0.9887513563368056,0.9513271565082644,0.9401359097633137,0.043019823201016494,0.989556138780382,0.9786399147727272,0.9781081268491124,0.011182117969462224,0.9161007839816434,0.03183770523155427,0.0008047824435764017,0.027312758264462778,0.037972217085798676,0.7400705735769271,False
llama31_8b,Llama-3.1-8B,9,32,0.2903225806451613,0.9850789388020833,0.9275048424586777,0.9292064996301775,0.05672326775765568,0.9873981391059028,0.9733028796487604,0.970222586908284,0.015635405827380655,0.9269379643793706,0.04108786193027503,0.002319200303819491,0.045798037190082685,0.04101608727810646,0.7243563982565089,False
llama31_8b,Llama-3.1-8B,10,32,0.3225806451612903,0.9851166449652777,0.9293097882231405,0.9185685558431953,0.061177472932109844,0.985903795030382,0.9685230501033057,0.9722931305473373,0.015495704705060342,0.9214839652534965,0.0456817682270495,0.000787150065104214,0.03921326188016527,0.05372457470414205,0.7467089769749674,False
llama31_8b,Llama-3.1-8B,11,32,0.3548387096774194,0.9852652994791666,0.9326075025826446,0.9054846985946746,0.06621919889050698,0.9860310872395833,0.9678664127066114,0.9735928254437871,0.015301468164384047,0.9228161877185315,0.050917730726122934,0.0007657877604166918,0.03525891012396687,0.0681081268491125,0.7689270117917777,False
llama31_8b,Llama-3.1-8B,12,32,0.3870967741935484,0.9853578016493058,0.9402618155991737,0.9342219859467457,0.048115900876346096,0.985285373263889,0.9707880294421488,0.9728041789940828,0.013489269045773189,0.9251910784527972,0.03462663183057291,-7.242838541676733e-05,0.03052621384297516,0.03858219304733712,0.7196504939097057,False
llama31_8b,Llama-3.1-8B,13,32,0.41935483870967744,0.9866854519314235,0.9470554622933884,0.9451601793639053,0.04057763110277668,0.9861747233072916,0.9738171487603307,0.9679477163461537,0.015292290754049476,0.9234437144886363,0.025285340348727203,-0.0005107286241319287,0.026761686466942214,0.022787536982248446,0.6231349554310714,False
llama31_8b,Llama-3.1-8B,14,32,0.45161290322580644,0.9852487521701389,0.9517671745867768,0.946732387204142,0.03599897127467944,0.9842048475477431,0.971884362086777,0.96666974852071,0.014927792243999538,0.925586005791084,0.0210711790306799,-0.001043904622395786,0.020117187500000133,0.01993736131656798,0.5853272547679915,False
llama31_8b,Llama-3.1-8B,15,32,0.4838709677419355,0.982376437717014,0.930349625516529,0.9250233450443787,0.05468995243656016,0.9822559271918403,0.966041451446281,0.959241401627219,0.019614500655090295,0.9327713204763985,0.03507545178146987,-0.00012051052517370042,0.03569182592975195,0.034218056582840384,0.6413509286217988,False
llama31_8b,Llama-3.1-8B,16,32,0.5161290322580645,0.9735961235894095,0.908135007747934,0.9229495654585799,0.05805383698615252,0.9721645100911458,0.9536021435950413,0.948241262943787,0.02124280682173163,0.9278012319711539,0.03681103016442089,-0.0014316134982637063,0.045467135847107265,0.0252916974852071,0.6340843616107814,False
llama31_8b,Llama-3.1-8B,17,32,0.5483870967741935,0.9677786593967013,0.9041561208677686,0.915243389423077,0.058078904251278374,0.9663844807942709,0.9404122546487602,0.9384578402366864,0.026949433351547536,0.9273503742351398,0.031129470899730838,-0.001394178602430407,0.03625613378099157,0.0232144508136094,0.5359858506463756,False
llama31_8b,Llama-3.1-8B,18,32,0.5806451612903226,0.9642806667751735,0.8848740960743801,0.9033960105399408,0.07014561346801318,0.9635464138454861,0.9319063145661158,0.9315153476331363,0.03183558274586007,0.918701854785839,0.03831003072215311,-0.0007342529296874289,0.04703221849173578,0.028119337093195473,0.5461500559778084,False
llama31_8b,Llama-3.1-8B,19,32,0.6129032258064516,0.9591116672092014,0.8762935821280992,0.9047573039940828,0.06858622414811044,0.9570028347439236,0.9242649147727273,0.9221116863905325,0.03381453416229363,0.9230831375655594,0.03477168998581681,-0.002108832465277821,0.04797133264462816,0.017354382396449708,0.506977755631045,False
llama31_8b,Llama-3.1-8B,20,32,0.6451612903225806,0.9547969563802085,0.8724438274793388,0.8892101978550295,0.07396994371302423,0.9525154622395835,0.91185111053719,0.913789987056213,0.03969491344288201,0.9231930862106645,0.034275030270142226,-0.002281494140624951,0.03940728305785124,0.024579789201183422,0.46336428756951,False
llama31_8b,Llama-3.1-8B,21,32,0.6774193548387096,0.949010281032986,0.8666357825413222,0.8835743343195267,0.0739052226025615,0.9472151692708335,0.905574638429752,0.9061032267011834,0.04137623670536583,0.9163772945804196,0.03252898589719566,-0.0017951117621525237,0.038938855888429824,0.022528892381656673,0.44014461700665025,False
llama31_8b,Llama-3.1-8B,22,32,0.7096774193548387,0.944933369954427,0.8656969912190082,0.8723063054733727,0.07593172160823658,0.9432076009114585,0.9033629261363636,0.9021133043639054,0.04046948566132402,0.9230147098994754,0.03546223594691256,-0.0017257690429685058,0.03766593491735537,0.02980699889053262,0.46702794557822647,False
llama31_8b,Llama-3.1-8B,23,32,0.7419354838709677,0.9413075764973958,0.8477831224173553,0.8710870469674555,0.08187249180499034,0.9392006429036457,0.8959843104338844,0.8942219859467455,0.0440974947133308,0.9192694902753498,0.037774997091659546,-0.0021069335937501377,0.04820118801652906,0.023134938979289976,0.46138814464856753,False
llama31_8b,Llama-3.1-8B,24,32,0.7741935483870968,0.9336935085720486,0.8481537319214876,0.8581721523668637,0.08053056642787293,0.9330345323350694,0.8851468879132232,0.8838084781804734,0.04855684928822113,0.9240394176136364,0.0319737171396518,-0.0006589762369791918,0.03699315599173558,0.02563632581360964,0.39703827450771767,False
llama31_8b,Llama-3.1-8B,25,32,0.8064516129032258,0.9314270697699653,0.8440699251033058,0.8543375554733728,0.08222332948162603,0.9295949300130207,0.8831889204545456,0.8800758136094673,0.04796256298101431,0.9222189821896853,0.03426076650061172,-0.0018321397569445175,0.03911899535123975,0.02573825813609454,0.4166793866972727,False
llama31_8b,Llama-3.1-8B,26,32,0.8387096774193549,0.9336035156250001,0.8616577350206611,0.8550550110946744,0.07524714256733234,0.9325118001302085,0.8874554493801652,0.8812428346893492,0.048162658095451394,0.917657137784091,0.027084484471880943,-0.0010917154947915897,0.025797714359504065,0.026187823594674753,0.35994037179080013,False
llama31_8b,Llama-3.1-8B,27,32,0.8709677419354839,0.9298550075954861,0.8562467716942148,0.8403125,0.0815753717483787,0.9278622097439236,0.8830604338842976,0.8784952847633136,0.04708435042011805,0.920744577687937,0.03449102132826065,-0.001992797851562478,0.026813662190082743,0.038182784763313604,0.42281169658226114,False
llama31_8b,Llama-3.1-8B,28,32,0.9032258064516129,0.928008287217882,0.8572549715909092,0.8484591115014792,0.07515124567168774,0.9266240776909722,0.8858287060950413,0.8819332470414201,0.04274310112274149,0.9171900267701049,0.03240814454894625,-0.0013842095269097632,0.02857373450413203,0.03347413553994083,0.431238953649914,False
llama31_8b,Llama-3.1-8B,29,32,0.9354838709677419,0.9282061767578124,0.8622827350206612,0.8248421320266273,0.08464374323416812,0.9256483289930556,0.8799121900826447,0.8837985392011835,0.04379296435114155,0.9168045918924825,0.04085077888302657,-0.00255784776475676,0.017629455061983434,0.05895640717455619,0.4826201833963358,False
llama31_8b,Llama-3.1-8B,30,32,0.967741935483871,0.9240249294704861,0.8734236182851238,0.7842682137573964,0.09517901344922597,0.9221880425347222,0.8868875903925619,0.8795347170857989,0.03897688879554173,0.9160602190777971,0.05620212465368424,-0.0018368869357638928,0.013463972107438105,0.09526650332840247,0.5904886236677135,False
llama31_8b,Llama-3.1-8B,31,32,1.0,0.9127680799696181,0.8560253099173554,0.7804375462278107,0.09453665189703497,0.9101871066623264,0.8705807722107437,0.861531527366864,0.04413095687352253,0.9157570749562938,0.05040569502351244,-0.0025809733072916785,0.014555462293388333,0.0810939811390533,0.5331868012251167,False
llama31_70b,Llama-3.1-70B,0,80,0.0,0.6494278971354167,0.5358629261363637,0.5260398946005918,0.118476486766939,0.6840227593315972,0.6090444214876034,0.6220268583579881,0.06848711940880137,0.9170819902753496,0.04998936735813764,0.034594862196180465,0.07318149535123974,0.09598696375739635,0.4219349233107681,False
llama31_70b,Llama-3.1-70B,1,80,0.012658227848101266,0.765206027560764,0.5636231275826445,0.6066324195636095,0.18007825398763688,0.7695062934027778,0.6904464746900826,0.7027567954881657,0.07290465831365356,0.9300915783435314,0.10717359567398332,0.004300265842013817,0.12682334710743803,0.09612437592455625,0.5951501266851534,False
llama31_70b,Llama-3.1-70B,2,80,0.02531645569620253,0.7752819824218751,0.5662064178719008,0.5882322485207101,0.1980626492255696,0.7761050754123264,0.7035408057851239,0.7210551497781065,0.06380709763071124,0.937601002513112,0.13425555159485836,0.0008230929904513573,0.13733438791322305,0.13282290125739638,0.6778438646549526,False
llama31_70b,Llama-3.1-70B,3,80,0.0379746835443038,0.7921376546223958,0.6149557722107438,0.6046995192307693,0.1823100089016393,0.7952932400173611,0.7286683238636364,0.7291870839497042,0.06636553611069074,0.9397292258522727,0.11594447279094855,0.003155585394965299,0.11371255165289262,0.12448756471893496,0.6359742588433718,False
llama31_70b,Llama-3.1-70B,4,80,0.05063291139240506,0.870341322157118,0.6606014333677687,0.6461811205621302,0.21695004519216854,0.8651450602213541,0.8054955449380166,0.8045039755917159,0.060145299956487874,0.9468793023382869,0.15680474523568066,-0.005196261935763946,0.1448941115702479,0.15832285502958576,0.7227688986964129,False
llama31_70b,Llama-3.1-70B,5,80,0.06329113924050633,0.9084961615668403,0.7219289127066115,0.7805368204511836,0.15726329498794278,0.9110894775390626,0.8711634814049586,0.8747552237426037,0.03813012496528145,0.9452380627185314,0.11913317002266133,0.002593315972222232,0.14923456869834706,0.09421840329142017,0.7575395773806923,False
llama31_70b,Llama-3.1-70B,6,80,0.0759493670886076,0.9304195149739581,0.7320674070247934,0.7880145155325444,0.1703785536952892,0.9342940945095485,0.8918349690082645,0.9025251941568048,0.037114012927013884,0.9439332249781469,0.13326454076827532,0.003874579535590339,0.15976756198347108,0.11451067862426034,0.7821673437057703,False
llama31_70b,Llama-3.1-70B,7,80,0.08860759493670886,0.9586295572916667,0.7973121126033058,0.843033237795858,0.13845688209208473,0.9612228054470485,0.939868930785124,0.9444237703402365,0.019076454884368266,0.9439631364729022,0.11938042720771647,0.0025932481553818665,0.1425568181818182,0.10139053254437846,0.8622209701957544,False
llama31_70b,Llama-3.1-70B,8,80,0.10126582278481013,0.9882927788628472,0.8274428589876033,0.9127068694526628,0.11821791464271414,0.9888764105902779,0.9829832773760331,0.9838725036982249,0.005448520053148886,0.940069998361014,0.11276939458956525,0.0005836317274307001,0.1555404183884298,0.0711656342455621,0.9539112149828073,False
llama31_70b,Llama-3.1-70B,9,80,0.11392405063291139,0.9873902723524305,0.847370867768595,0.8796225499260355,0.12389356350511516,0.9881025526258681,0.9825274405991735,0.980030972633136,0.006823346009713349,0.9438381637893357,0.11707021749540181,0.0007122802734376155,0.13515657283057847,0.10040842270710049,0.9449257425755484,False
llama31_70b,Llama-3.1-70B,10,80,0.12658227848101267,0.9848988172743056,0.9339314307851239,0.9358242418639054,0.050020980949790905,0.9842119683159722,0.9849105759297521,0.9773714866863905,0.0030709370079009535,0.9330202414772726,0.04695004394188995,-0.0006868489583333748,0.0509791451446282,0.04154724482248506,0.9386070215019685,False
llama31_70b,Llama-3.1-70B,11,80,0.13924050632911392,0.9885304090711806,0.9495063920454546,0.958121301775148,0.03471656216087937,0.9862339274088542,0.9845386751033057,0.9799343565088757,0.0039974116027634565,0.941807460118007,0.030719150558115915,-0.002296481662326433,0.03503228305785111,0.021813054733727744,0.8848557762073581,False
llama31_70b,Llama-3.1-70B,12,80,0.1518987341772152,0.9902748616536459,0.9427411544421489,0.9556661427514793,0.04107121305683181,0.9886403401692708,0.9866548295454546,0.9828044101331361,0.0039107203299754145,0.9413077742569929,0.0371604927268564,-0.00163452148437504,0.04391367510330568,0.02713826738165681,0.9047819618922869,False
llama31_70b,Llama-3.1-70B,13,80,0.16455696202531644,0.9898980712890626,0.9449477014462809,0.9559370377218936,0.039455701704975255,0.9881024848090277,0.9850232438016528,0.980784023668639,0.005198851073881738,0.9376911467438811,0.034256850631093516,-0.0017955864800348609,0.04007554235537192,0.024846985946745392,0.8682357466924437,False
llama31_70b,Llama-3.1-70B,14,80,0.17721518987341772,0.9906322564019098,0.9504487345041321,0.9365456268491125,0.04713507572528741,0.9904303656684028,0.9852585872933883,0.9851708117603549,0.005215666141531239,0.926455897618007,0.04191940958375617,-0.00020189073350695974,0.03480985278925619,0.04862518491124246,0.8893463930782847,False
llama31_70b,Llama-3.1-70B,15,80,0.189873417721519,0.9919832356770834,0.9588052040289257,0.9306520432692308,0.04725461202800518,0.99179443359375,0.9861751033057852,0.9872660872781065,0.00507383830180419,0.9393318400349651,0.04218077372620099,-0.00018880208333338366,0.02736989927685951,0.05661404400887571,0.8926276593108582,False
llama31_70b,Llama-3.1-70B,16,80,0.20253164556962025,0.9941672092013889,0.9650606921487603,0.9731115939349113,0.025081066159553078,0.9935245090060764,0.9890592716942149,0.9893479567307693,0.004320894793584329,0.9444185014204545,0.02076017136596875,-0.00064270019531254,0.02399857954545459,0.01623636279585794,0.8277228421592217,False
llama31_70b,Llama-3.1-70B,17,80,0.21518987341772153,0.9972879367404514,0.9774025051652894,0.9850418361686389,0.016065766073487198,0.9974367947048611,0.9948553719008264,0.9961332747781066,0.0019424713653946046,0.9297767564466783,0.014123294708092593,0.0001488579644097765,0.01745286673553703,0.011091438609467708,0.8790925153204987,False
llama31_70b,Llama-3.1-70B,18,80,0.22784810126582278,0.9984439425998263,0.9845748321280992,0.9849912167159763,0.013660918177788584,0.998433363172743,0.9967633006198346,0.9971925850591715,0.0014554203332398652,0.942185041520979,0.012205497844548718,-1.05794270832682e-05,0.012188468491735494,0.012201368343195185,0.8934610167268078,False
llama31_70b,Llama-3.1-70B,19,80,0.24050632911392406,0.9980862765842016,0.9846384297520662,0.9908018213757397,0.010366151020298586,0.9984762912326389,0.9963652505165289,0.9972695543639052,0.0016588887924219309,0.9241969651442308,0.008707262227876655,0.00039001464843735345,0.011726820764462742,0.006467732988165498,0.839970613087388,False
llama31_70b,Llama-3.1-70B,20,80,0.25316455696202533,0.9969350179036458,0.9811534736570249,0.9868116678994082,0.0129524471254292,0.9973023139105903,0.9941906637396695,0.9963070913461538,0.0020534363676787404,0.9358633358828672,0.01089901075775046,0.00036729600694451747,0.01303719008264459,0.009495423446745588,0.84146344333286,False
llama31_70b,Llama-3.1-70B,21,80,0.26582278481012656,0.9961206732855903,0.9858548553719008,0.9797612333579883,0.013312628920645775,0.9966236707899305,0.9933438791322314,0.9954370839497042,0.0022331892489626526,0.9310897891171329,0.011079439671683122,0.0005029975043402413,0.007489023760330671,0.015675850591715945,0.8322503194316991,False
llama31_70b,Llama-3.1-70B,22,80,0.27848101265822783,0.9961203342013889,0.9845002582644627,0.9820337925295858,0.012853308804364638,0.9956818305121528,0.9927931301652893,0.9947041420118343,0.001933194423590967,0.931243307473776,0.010920114380773671,-0.00043850368923614713,0.008292871900826504,0.012670349482248544,0.8495955825059999,False
llama31_70b,Llama-3.1-70B,23,80,0.2911392405063291,0.9966251627604166,0.9844479597107438,0.9823525332840237,0.013224916263032793,0.9966288926866319,0.9934642949380165,0.9954615846893492,0.002165952872949073,0.9385485413024476,0.01105896339008372,3.7299262153345225e-06,0.009016335227272632,0.013109051405325478,0.8362218081483438,False
llama31_70b,Llama-3.1-70B,24,80,0.3037974683544304,0.9961397298177083,0.9768340005165289,0.97768537352071,0.018880042799088836,0.9960255940755209,0.9914036673553719,0.9936170950443787,0.0035152128756457124,0.9320691515515734,0.015364829923443124,-0.0001141357421873268,0.014569666838842976,0.01593172152366862,0.8138132994160713,False
llama31_70b,Llama-3.1-70B,25,80,0.31645569620253167,0.996095241970486,0.9669712035123966,0.976846801035503,0.024186239696536216,0.9958519829644098,0.9900077479338845,0.9934021357248519,0.004147041135041607,0.9458974814248252,0.02003919856149461,-0.0002432590060762463,0.023036544421487837,0.01655533468934889,0.8285371687755365,False
llama31_70b,Llama-3.1-70B,26,80,0.3291139240506329,0.9958868408203125,0.9670441632231404,0.9781612888313609,0.023284114793061916,0.9956477864583334,0.9903267045454546,0.9925841346153846,0.0041923668779138,0.9484099786931818,0.019091747915148116,-0.00023905436197912966,0.02328254132231422,0.014422845784023752,0.8199473368357116,False
llama31_70b,Llama-3.1-70B,27,80,0.34177215189873417,0.9958091227213541,0.9636102143595043,0.9754770710059173,0.026265480038643263,0.9957691786024305,0.9904558367768597,0.9915911612426036,0.004745679592698893,0.9472773027753497,0.02151980044594437,-3.9944118923607164e-05,0.02684562241735533,0.016114090236686307,0.8193187565688204,False
llama31_70b,Llama-3.1-70B,28,80,0.35443037974683544,0.9956676567925348,0.9675677944214878,0.9754742973372782,0.024146610913151734,0.995868869357639,0.9904503486570247,0.9922362703402368,0.004525559859008155,0.9428505381337413,0.01962105105414358,0.00020121256510419183,0.022882554235536978,0.016761973002958563,0.8125799154471298,False
llama31_70b,Llama-3.1-70B,29,80,0.3670886075949367,0.9953579372829862,0.966833354855372,0.976547013683432,0.023667753013584147,0.9955557590060763,0.9896539256198348,0.9926853735207101,0.004386109435803864,0.9439629998907342,0.019281643577780283,0.00019782172309013024,0.022820570764462755,0.01613835983727807,0.8146799388481683,False
llama31_70b,Llama-3.1-70B,30,80,0.379746835443038,0.9953841145833332,0.9658632489669421,0.9804086538461538,0.02224816317678524,0.9955564371744793,0.989031508264463,0.993332100591716,0.004374632746389828,0.9416142646416085,0.017873530430395412,0.00017232259114607906,0.023168259297520866,0.012923446745562117,0.8033710598205913,False
llama31_70b,Llama-3.1-70B,31,80,0.3924050632911392,0.994223361545139,0.9597346332644627,0.9802311390532545,0.02424047538628038,0.9943948703342014,0.9869295583677686,0.9911487610946745,0.005355710602979791,0.9526459380463286,0.01888476478330059,0.0001715087890623579,0.0271949251033059,0.010917622041419994,0.7790591761244495,False
llama31_70b,Llama-3.1-70B,32,80,0.4050632911392405,0.9931483968098958,0.9573253486570248,0.9730263036242603,0.027972570669253183,0.9930617268880209,0.9834149018595041,0.9884268676035504,0.0071408421564935765,0.9534860549606644,0.020831728512759606,-8.666992187489342e-05,0.0260895532024793,0.015400563979290016,0.7447198457043267,False
llama31_70b,Llama-3.1-70B,33,80,0.4177215189873418,0.9906545681423612,0.954816632231405,0.9677438517011834,0.029374326176066945,0.9904104953342013,0.9792620092975206,0.9816235207100592,0.009967730330411428,0.9513827578671328,0.019406595845655517,-0.00024407280815985644,0.024445377066115603,0.013879669008875828,0.6606652261343531,False
llama31_70b,Llama-3.1-70B,34,80,0.43037974683544306,0.9890458848741319,0.9501113765495868,0.9632262389053254,0.032377077146675814,0.9884673394097222,0.9771732954545453,0.9768532729289942,0.011454055217952397,0.9541404201267483,0.020923021928723418,-0.0005785454644097188,0.02706191890495857,0.013627034023668716,0.6462294861866987,False
llama31_70b,Llama-3.1-70B,35,80,0.4430379746835443,0.9866678195529516,0.9430107179752065,0.9523560003698226,0.038984460380437014,0.9869312201605904,0.9720360924586777,0.9733508228550296,0.014237762503736762,0.9555474896197552,0.024746697876700252,0.00026340060763885287,0.0290253744834712,0.02099482248520701,0.6347836454629628,False
llama31_70b,Llama-3.1-70B,36,80,0.45569620253164556,0.9861440022786458,0.9365098786157025,0.9483656157544378,0.04370625509357573,0.9857801649305555,0.9717365056818184,0.9721962832840236,0.013813770447634544,0.9570373961975525,0.029892484645941186,-0.0003638373480903123,0.0352266270661159,0.023830667529585847,0.6839406529326509,False
llama31_70b,Llama-3.1-70B,37,80,0.46835443037974683,0.9842068142361112,0.9374583548553719,0.9525596338757397,0.039197819870555484,0.984071519639757,0.9697188145661157,0.972426497781065,0.012998863466166632,0.9550993635270979,0.02619895640438885,-0.00013529459635419627,0.03226045971074387,0.019866863905325327,0.668377896804126,False
llama31_70b,Llama-3.1-70B,38,80,0.4810126582278481,0.9832834879557292,0.9394176136363638,0.9551040125739645,0.036022674850565095,0.9832427978515624,0.9665437758264461,0.9686591623520711,0.01564132876230384,0.9562103228802448,0.020381346088261254,-4.069010416674068e-05,0.027126162190082348,0.013555149778106568,0.5657921343378954,False
llama31_70b,Llama-3.1-70B,39,80,0.4936708860759494,0.9846038140190972,0.9440182722107436,0.9601747411242604,0.03250730735159524,0.9843400743272569,0.9688781637396695,0.9704682877218935,0.01466684859647538,0.9570120602054195,0.01784045875511986,-0.00026373969184034785,0.02485989152892587,0.010293546597633152,0.5488137962999993,False
llama31_70b,Llama-3.1-70B,40,80,0.5063291139240507,0.9842750379774305,0.9423456869834711,0.954829188239645,0.035687600365872485,0.9842741563585069,0.9672898372933885,0.9697073779585799,0.015775548732522737,0.9586296028190558,0.019912051633349748,-8.816189236426908e-07,0.024944150309917368,0.014878189718934842,0.5579543435033346,False
llama31_70b,Llama-3.1-70B,41,80,0.5189873417721519,0.9844775390625001,0.9504351756198347,0.9591607340976331,0.02967958420376615,0.9843497043185763,0.9674325284090909,0.970662213387574,0.015302333420243786,0.9537399612106643,0.014377250783522366,-0.0001278347439238603,0.01699735278925618,0.01150147928994083,0.48441550544693895,False
llama31_70b,Llama-3.1-70B,42,80,0.5316455696202531,0.9842470296223959,0.9509478305785124,0.9582377958579882,0.02965421640414556,0.9844620768229166,0.9668359375,0.9706363258136095,0.01572594516611192,0.9537572388548952,0.01392827123803364,0.0002150472005207904,0.015888106921487566,0.012398529955621296,0.46968940430631356,False
llama31_70b,Llama-3.1-70B,43,80,0.5443037974683544,0.9834771050347222,0.9476520532024795,0.954547660872781,0.03237724799709196,0.9836992051866318,0.9639169034090909,0.9689090236686391,0.01728624164776682,0.9573197798295453,0.015091006349325142,0.00022210015190959886,0.016264850206611392,0.01436136279585809,0.46609910609699057,False
llama31_70b,Llama-3.1-70B,44,80,0.5569620253164557,0.983283420138889,0.9390434529958678,0.9553094951923076,0.03610694604480136,0.9830628797743055,0.9609836647727273,0.9686263406065089,0.0182578770846874,0.9577736423732517,0.017849068960113956,-0.00022054036458352133,0.021940211776859564,0.013316845414201306,0.494338926863737,False
llama31_70b,Llama-3.1-70B,45,80,0.569620253164557,0.9813991970486111,0.9343259297520661,0.9548284948224852,0.03682198476133547,0.981270751953125,0.9588755810950413,0.9673007581360946,0.018182582337556985,0.9578006856424826,0.018639402423778484,-0.00012844509548615157,0.024549651342975265,0.0124722633136094,0.5062030888500771,False
llama31_70b,Llama-3.1-70B,46,80,0.5822784810126582,0.9807424587673611,0.9321997675619834,0.9540509430473372,0.03761710346270075,0.980316908094618,0.9566283574380166,0.9654183616863906,0.019293548532414495,0.9577282970935315,0.018323554930286257,-0.00042555067274308023,0.024428589876033135,0.01136741863905344,0.48710701366082004,False
llama31_70b,Llama-3.1-70B,47,80,0.5949367088607594,0.9795756022135419,0.9313604080578513,0.9491581915680474,0.039316302400592584,0.979211900499132,0.9559936725206613,0.9638496209319525,0.019290253772825117,0.9589993990384617,0.020026048627767468,-0.00036370171440991417,0.02463326446281,0.014691429363905106,0.5093573760757734,False
llama31_70b,Llama-3.1-70B,48,80,0.6075949367088608,0.9782728407118055,0.9305081353305785,0.9457555935650886,0.04014097626397195,0.9778670247395833,0.9519208419421489,0.9622360392011835,0.02078858416791718,0.9580325338723777,0.01935239209605477,-0.0004058159722222232,0.021412706611570353,0.016480445636094854,0.48211064845037854,False
llama31_70b,Llama-3.1-70B,49,80,0.620253164556962,0.9772033691406251,0.9270625645661157,0.9465349944526626,0.04040458963123594,0.9768070475260416,0.9505123321280992,0.9610974482248521,0.02100215734956601,0.958086552119755,0.019402432281669935,-0.0003963216145834725,0.02344976756198347,0.014562453772189454,0.48020367138366676,False
llama31_70b,Llama-3.1-70B,50,80,0.6329113924050633,0.9759584554036458,0.9263232825413222,0.9451393768491124,0.04022712570842846,0.9755990939670138,0.9504471203512397,0.9597575351331361,0.02049676622482588,0.9586229102928321,0.019730359483602578,-0.0003593614366319553,0.024123837809917448,0.014618158284023686,0.4904740056898631,False
llama31_70b,Llama-3.1-70B,51,80,0.6455696202531646,0.9757204861111112,0.9289908316115703,0.9439693509615384,0.03924039482455688,0.9754082573784723,0.9503179881198348,0.9593581268491125,0.020570199893998553,0.9557802939248251,0.018670194930558326,-0.0003122287326389195,0.021327156508264555,0.015388775887574035,0.47579019054299637,False
llama31_70b,Llama-3.1-70B,52,80,0.6582278481012658,0.9747007242838542,0.9279603564049588,0.9396819526627218,0.040879569750013944,0.9744613308376737,0.9500778021694215,0.9579853920118343,0.02042973374704582,0.9518661904501748,0.020449836002968125,-0.00023939344618051361,0.02211744576446273,0.018303439349112494,0.5002458716670116,False
llama31_70b,Llama-3.1-70B,53,80,0.6708860759493671,0.9740112304687499,0.9249874096074381,0.9372360392011834,0.04289950606443915,0.9733182779947916,0.9485792226239669,0.9568414848372782,0.02060792426416913,0.9531492433347901,0.02229158180027002,-0.000692952473958286,0.023591813016528795,0.019605445636094787,0.5196232741418033,False
llama31_70b,Llama-3.1-70B,54,80,0.6835443037974683,0.9734939914279513,0.9228425232438017,0.9361122411242604,0.04401660924392037,0.9725375705295138,0.9475955578512397,0.9540604197485207,0.021709581729633554,0.9523374672202797,0.022307027514286815,-0.0009564208984375044,0.02475303460743805,0.017948178624260347,0.5067865948208605,False
llama31_70b,Llama-3.1-70B,55,80,0.6962025316455697,0.9724312337239582,0.9213184400826446,0.9360424371301775,0.04375079511754709,0.9709840901692708,0.9458442019628099,0.951623289571006,0.022250344402362843,0.9547624836101397,0.02150045071518425,-0.0014471435546874467,0.02452576188016531,0.015580852440828408,0.49142994218546404,False
llama31_70b,Llama-3.1-70B,56,80,0.7088607594936709,0.9702422417534724,0.9142613636363636,0.9312925295857988,0.047465295142391284,0.9688474527994791,0.9415353822314051,0.9494771634615385,0.02334117995300733,0.9529600770323428,0.024124115189383954,-0.0013947889539932534,0.027274018595041527,0.018184633875739764,0.5082474493630336,False
llama31_70b,Llama-3.1-70B,57,80,0.7215189873417721,0.9688979085286458,0.9176423682851239,0.9307985854289942,0.044677431671586776,0.9674030897352431,0.9391503099173554,0.9479682877218935,0.023843790915618723,0.9532255927666083,0.020833640755968053,-0.0014948187934026302,0.021507941632231464,0.01716970229289927,0.46631240822237086,False
llama31_70b,Llama-3.1-70B,58,80,0.7341772151898734,0.9672461615668403,0.9169424715909091,0.9261751109467456,0.04568737029801284,0.9660110134548611,0.9378357438016529,0.9462583210059172,0.023963981051076,0.9563404173951048,0.02172338924693684,-0.001235148111979223,0.020893272210743774,0.020083210059171575,0.47547908984995124,False
llama31_70b,Llama-3.1-70B,59,80,0.7468354430379747,0.9653401692708332,0.9145415805785124,0.9239441568047336,0.04609730057921024,0.96440673828125,0.9346029183884297,0.9445874167899408,0.024811570692064744,0.9573847929414335,0.0212857298871455,-0.000933430989583206,0.020061337809917257,0.02064325998520722,0.461756537144071,False
llama31_70b,Llama-3.1-70B,60,80,0.759493670886076,0.9660574001736111,0.9154471203512397,0.9224288091715976,0.047119435412192434,0.9650469970703126,0.9355959452479339,0.9423252588757397,0.02608639500847576,0.9588561926354895,0.021033040403716674,-0.001010403103298474,0.02014882489669423,0.01989644970414206,0.44637717365930596,False
llama31_70b,Llama-3.1-70B,61,80,0.7721518987341772,0.9639501274956599,0.9088820377066114,0.9184513683431954,0.05028342447075651,0.9630769856770833,0.932188791322314,0.9402147281804734,0.026875225925689694,0.9601371284965036,0.023408198545066816,-0.0008731418185765616,0.02330675361570267,0.02176335983727795,0.46552514653572163,False
llama31_70b,Llama-3.1-70B,62,80,0.7848101265822784,0.9637528483072916,0.9083826188016528,0.9166429363905326,0.05124007071119885,0.9625995551215278,0.932772791838843,0.9381511187130177,0.027137599845597493,0.9581876912150351,0.024102470865601355,-0.0011532931857637374,0.024390173037190155,0.02150818232248508,0.4703832475456285,False
llama31_70b,Llama-3.1-70B,63,80,0.7974683544303798,0.9626358371310764,0.9055546229338843,0.9168033468934911,0.051456852217388604,0.9620859781901042,0.9325255036157024,0.9376470044378699,0.026999724163318084,0.9580392263986013,0.02445712805407052,-0.0005498589409721477,0.026970880681818077,0.02084365754437878,0.4752939015924846,False
llama31_70b,Llama-3.1-70B,64,80,0.810126582278481,0.9607210286458333,0.8999092846074381,0.9183101423816568,0.05161131515128592,0.9598849148220487,0.9284888300619834,0.9359633875739646,0.027658806004074776,0.9589232544798949,0.023952509147211143,-0.0008361138237845678,0.02857954545454522,0.01765324519230782,0.46409414441387964,False
llama31_70b,Llama-3.1-70B,65,80,0.8227848101265823,0.9593690321180555,0.8964062500000001,0.9097036797337278,0.05631406725119148,0.9582522922092013,0.927381521177686,0.9339889977810651,0.027567032729825747,0.9611165592220281,0.028747034521365733,-0.0011167399088541918,0.030975271177685948,0.024285318047337356,0.5104769718219475,False
llama31_70b,Llama-3.1-70B,66,80,0.8354430379746836,0.9592496744791666,0.8950987861570248,0.912517335428994,0.05544161368615719,0.9588950602213541,0.927461583161157,0.9325258875739645,0.028901324853793375,0.9612055425043706,0.026540288832363812,-0.00035461425781257994,0.03236279700413225,0.020008552144970437,0.47870700486105194,False
llama31_70b,Llama-3.1-70B,67,80,0.8481012658227848,0.9587230088975695,0.888215069731405,0.9074953772189349,0.060867785422399456,0.9578268771701388,0.9249838584710743,0.9296999815088758,0.030484957180163752,0.9624315040428322,0.030382828242235704,-0.000896131727430638,0.03676878873966938,0.022204604289940866,0.49916105919396186,False
llama31_70b,Llama-3.1-70B,68,80,0.8607594936708861,0.9583014594184026,0.8869311725206612,0.90403337647929,0.06281918491842697,0.9571727159288194,0.9207725335743802,0.9253081083579882,0.034132394962635204,0.9617961237980769,0.02868678995579177,-0.0011287434895832504,0.03384136105371893,0.021274731878698105,0.45665651334130847,False
llama31_70b,Llama-3.1-70B,69,80,0.8734177215189873,0.9571635606553819,0.8833587293388429,0.9024221061390534,0.06427314291643382,0.9555023871527778,0.9165857438016528,0.9249093934911242,0.034754818506389284,0.9636210664335665,0.02951832441004454,-0.0016611735026040853,0.033227014462809956,0.02248728735207084,0.4592637464208566,False
llama31_70b,Llama-3.1-70B,70,80,0.8860759493670886,0.9565882025824652,0.8827327608471075,0.8999563147189349,0.0652436647994441,0.9554828559027778,0.9161383006198347,0.9240396172337277,0.0353938969759966,0.9632051054414336,0.029849767823447504,-0.0011053466796874245,0.0334055397727272,0.024083302514792848,0.45751212650614065,False
llama31_70b,Llama-3.1-70B,71,80,0.8987341772151899,0.9542667643229167,0.8853053977272726,0.8963033931213018,0.06346236889862944,0.9533693440755209,0.9162474173553719,0.9226266642011833,0.03393230329724328,0.9639248934659093,0.029530065601386157,-0.0008974202473958082,0.030942019628099282,0.026323271079881527,0.46531615686384975,False
llama31_70b,Llama-3.1-70B,72,80,0.9113924050632911,0.9517238362630209,0.8781973140495868,0.8842025702662721,0.07052389410509141,0.9508309597439236,0.9130655991735538,0.9183672337278106,0.035114543293241485,0.963496913243007,0.03540935081184993,-0.0008928765190973076,0.034868285123967,0.03416466346153846,0.5020901250728521,False
llama31_70b,Llama-3.1-70B,73,80,0.9240506329113924,0.9499107530381945,0.8750639204545454,0.8868266919378698,0.06896544684198691,0.9492117648654513,0.9116251291322315,0.9151696560650888,0.03581437226679118,0.962338969624126,0.03315107457519573,-0.0006989881727431646,0.036561208677686086,0.02834296412721904,0.4806910720255494,False
llama31_70b,Llama-3.1-70B,74,80,0.9367088607594937,0.9480044894748263,0.8784965779958677,0.8863151812130179,0.06559860987038357,0.9470159912109375,0.9084600981404959,0.9106152921597632,0.03747829606080799,0.9638174715909091,0.02812031380957558,-0.000988498263888804,0.02996352014462822,0.024300110946745335,0.42867240426494657,False
llama31_70b,Llama-3.1-70B,75,80,0.9493670886075949,0.9508345540364583,0.8809788223140496,0.8939157267011835,0.06338727952884182,0.949975789388021,0.9123805526859504,0.9140516364644969,0.03675969481279728,0.9626317335008742,0.02662758471604454,-0.0008587646484373712,0.03140173037190086,0.020135909763313475,0.42007773348166383,False
llama31_70b,Llama-3.1-70B,76,80,0.9620253164556962,0.9477131483289931,0.8801280023243802,0.8916947115384616,0.06180179139757225,0.9466007486979167,0.9106986053719008,0.9115287536982247,0.035487069162853935,0.9594738854895104,0.026314722234718313,-0.001112399631076455,0.030570603047520684,0.019834042159763143,0.42579222445891807,False
llama31_70b,Llama-3.1-70B,77,80,0.9746835443037974,0.944458753797743,0.8788132747933886,0.8846877311390533,0.0627082508315221,0.9428381347656251,0.9055752840909091,0.9073284948224851,0.03638624530892798,0.9562485658872377,0.026322005522594116,-0.0016206190321179648,0.026762009297520595,0.02264076368343182,0.4197534642341293,False
llama31_70b,Llama-3.1-70B,78,80,0.9873417721518988,0.9451552327473958,0.8867368285123967,0.8885882026627219,0.057492717159836504,0.9443865966796876,0.9097194602272728,0.9086240292159764,0.035214851958063065,0.9565489783653846,0.02227786520177344,-0.0007686360677081616,0.022982631714876134,0.020035826553254532,0.38749021271404444,False
llama31_70b,Llama-3.1-70B,79,80,1.0,0.9411290825737847,0.8862031895661158,0.880661288831361,0.057696843375046325,0.940323757595486,0.9069373063016528,0.9000982340976331,0.036805987395843065,0.9534548459353147,0.02089085597920326,-0.0008053249782986605,0.020734116735537045,0.019436945266272154,0.362079704142679,False
llama33_70b,Llama-3.3-70B,0,80,0.0,0.650841810438368,0.538607631714876,0.5241302237426035,0.11947288270962819,0.6761496310763889,0.6055804493801653,0.6245069803994083,0.061105916186602105,0.9185843258304196,0.05836696652302609,0.02530782063802095,0.06697281766528929,0.10037675665680479,0.4885373584303943,False
llama33_70b,Llama-3.3-70B,1,80,0.012658227848101266,0.7324186876085069,0.5504080578512397,0.5785073039940829,0.16796100668584557,0.7353915066189236,0.6613691244834712,0.6737971523668639,0.06780836819375602,0.9335944329108392,0.10015263849208955,0.002972819010416683,0.11096106663223149,0.09528984837278098,0.5962850572776999,False
llama33_70b,Llama-3.3-70B,2,80,0.02531645569620253,0.7614638943142361,0.5862822830578512,0.5929377773668639,0.17185386410187853,0.7614202880859375,0.69217232696281,0.71044887204142,0.060109688583822596,0.939752581402972,0.11174417551805593,-4.360622829857608e-05,0.10589004390495871,0.11751109467455612,0.6502278904349318,False
llama33_70b,Llama-3.3-70B,3,80,0.0379746835443038,0.7888059488932292,0.5921661931818182,0.6248608542899409,0.18029242515734967,0.7932281494140625,0.7335491993801653,0.7230112795857988,0.06494790993108046,0.938139546000874,0.1153445152262692,0.004422200520833308,0.1413830061983471,0.09815042529585793,0.6397635126689467,False
llama33_70b,Llama-3.3-70B,4,80,0.05063291139240506,0.8697863091362847,0.6450813533057851,0.6637155602810652,0.21538785234285962,0.8652022298177083,0.7999786931818181,0.8010318047337279,0.06469698085993525,0.9485400049169581,0.15069087148292437,-0.004584079318576406,0.15489733987603305,0.13731624445266277,0.6996256745392074,False
llama33_70b,Llama-3.3-70B,5,80,0.06329113924050633,0.9132006835937501,0.737435111053719,0.7897043731508875,0.14963094149144684,0.9140494113498263,0.8772362474173554,0.8706407174556213,0.040110928913337895,0.9485573508522728,0.10952001257810895,0.0008487277560762507,0.13980113636363645,0.08093634430473384,0.7319342609654654,False
llama33_70b,Llama-3.3-70B,6,80,0.0759493670886076,0.9273145209418402,0.7401326833677686,0.7639517843934911,0.17527228706121034,0.928971218532986,0.8870092975206612,0.8899748058431953,0.04047916685105779,0.9469828999125873,0.13479312021015255,0.0016566975911458393,0.14687661415289255,0.12602302144970423,0.7690498165467468,False
llama33_70b,Llama-3.3-70B,7,80,0.08860759493670886,0.9561576334635417,0.8119615185950413,0.8305632858727812,0.13489523122963043,0.9584943305121528,0.9423382618801652,0.9443488812869824,0.015150758928578978,0.9477916712194056,0.11974447230105145,0.0023366970486111693,0.13037674328512394,0.11378559541420119,0.8876849923420345,False
llama33_70b,Llama-3.3-70B,8,80,0.10126582278481013,0.9827664523654513,0.8307018336776859,0.8957203448594674,0.11955536309687465,0.9834821912977431,0.9787099690082646,0.9793666789940829,0.004443867296569315,0.9435298295454545,0.11511149580030533,0.0007157389322917096,0.14800813533057866,0.08364633413461553,0.9628300464198458,False
llama33_70b,Llama-3.3-70B,9,80,0.11392405063291139,0.9862451171875002,0.8670315728305785,0.8916088433801775,0.10692490908212215,0.9865850151909722,0.981353305785124,0.9808515162721892,0.005482604162315607,0.9429171902316433,0.10144230491980655,0.0003398980034720056,0.11432173295454551,0.08924267289201171,0.9487247245812033,False
llama33_70b,Llama-3.3-70B,10,80,0.12658227848101267,0.9902568901909722,0.9284452479338843,0.9435195543639052,0.054274489042077434,0.9905847846137154,0.989917355371901,0.9859277921597633,0.0026622108478832063,0.9420839024256993,0.05161227819419423,0.00032789442274316905,0.06147210743801668,0.04240823779585812,0.9509491310766782,False
llama33_70b,Llama-3.3-70B,11,80,0.13924050632911392,0.9924090576171875,0.9418340005165289,0.9675552422337277,0.03771443624205917,0.9919220648871527,0.9900655346074381,0.9875231139053253,0.0031277406307710365,0.9481483555506993,0.03458669561128813,-0.00048699273003471877,0.04823153409090919,0.019967871671597637,0.9170678142794834,False
llama33_70b,Llama-3.3-70B,12,80,0.1518987341772152,0.9948168267144097,0.9555304106404958,0.9761233357988166,0.02898995349475353,0.9943735080295137,0.992238507231405,0.9904863165680473,0.0030110961297875605,0.9459660456730768,0.025978857364965968,-0.0004433186848959991,0.036708096590909234,0.014362980769230704,0.8961331162420632,False
llama33_70b,Llama-3.3-70B,13,80,0.16455696202531644,0.9938981797960068,0.9605294421487603,0.9708515162721894,0.028207700585532014,0.993545939127604,0.9918830707644628,0.9899412906804734,0.002633758405135911,0.9405625136582169,0.025573942180396103,-0.00035224066840278123,0.031353628615702456,0.019089774408284077,0.9066298085109855,False
llama33_70b,Llama-3.3-70B,14,80,0.17721518987341772,0.9929384358723958,0.9598114669421488,0.9610130824704142,0.03252616116611429,0.9922409396701389,0.9905565599173554,0.98946306397929,0.0022311277218162173,0.9386950256774477,0.03029503344429807,-0.0006974962022568976,0.030745092975206556,0.028449981508875788,0.9314051323049889,False
llama33_70b,Llama-3.3-70B,15,80,0.189873417721519,0.9935677761501737,0.9706172520661158,0.9592062684911243,0.02865601587155353,0.9927523464626735,0.9908338713842973,0.9883325628698224,0.0031691293356136407,0.9360104348776224,0.02548688653593989,-0.0008154296875001465,0.020216619318181528,0.02912629437869807,0.8894078873413943,False
llama33_70b,Llama-3.3-70B,16,80,0.20253164556962025,0.9932317437065972,0.9697084839876033,0.9703101886094675,0.023222407408061807,0.9919694688585068,0.9917526472107437,0.9887493065828401,0.0017184919617148076,0.9444228037587413,0.021503915446347,-0.0012622748480903834,0.0220441632231404,0.01843911797337261,0.9259985439270942,False
llama33_70b,Llama-3.3-70B,17,80,0.21518987341772153,0.9949212646484376,0.9753509168388429,0.9753869267751479,0.01955234284144214,0.995400865342882,0.9937422520661158,0.9921456638313608,0.002456907394143726,0.9398050289554195,0.017095435447298413,0.00047960069444441533,0.018391335227272876,0.01675873705621289,0.8743420461646063,False
llama33_70b,Llama-3.3-70B,18,80,0.22784810126582278,0.9959235297309027,0.9844805655991736,0.9786783468934912,0.01434407348457023,0.9963783772786459,0.9944737861570248,0.9933015902366864,0.002490689081790287,0.9334833233173077,0.011853384402779943,0.0004548475477431646,0.009993220557851124,0.014623243343195202,0.8263611041543049,False
llama33_70b,Llama-3.3-70B,19,80,0.24050632911392406,0.9953784857855904,0.9853186337809918,0.9793001109467455,0.013069113421721679,0.995962660047743,0.9932870609504132,0.9933073687130177,0.0026654452160276287,0.9188395296110141,0.01040366820569405,0.0005841742621526258,0.007968427169421366,0.014007257766272208,0.7960500356820308,False
llama33_70b,Llama-3.3-70B,20,80,0.25316455696202533,0.9944251166449652,0.9847730501033057,0.97872087647929,0.012678153353667398,0.9947559271918403,0.9918701575413222,0.9913731971153846,0.00313424986348676,0.914801272945804,0.009543903490180639,0.00033081054687500444,0.007097107438016503,0.012652320636094672,0.7527834081151796,False
llama33_70b,Llama-3.3-70B,21,80,0.26582278481012656,0.993870103624132,0.9857570377066115,0.9776539386094674,0.012164615466092599,0.9942881266276041,0.9911257102272728,0.9913990846893491,0.003025729169293112,0.9370811024912588,0.009138886296799487,0.0004180230034721566,0.005368672520661311,0.013745146079881754,0.751267997107926,False
llama33_70b,Llama-3.3-70B,22,80,0.27848101265822783,0.9930769856770834,0.9834262009297521,0.9739908468934911,0.014368461765461804,0.9934910753038194,0.9908522727272728,0.9903966346153846,0.00286662163249074,0.9459997814685315,0.011501840132971064,0.0004140896267360583,0.00742607179752075,0.016405787721893494,0.80049210003945,False
llama33_70b,Llama-3.3-70B,23,80,0.2911392405063291,0.9936477322048611,0.9732341167355372,0.9657757026627218,0.02414282250573163,0.993505384657118,0.9898899147727274,0.9891646634615384,0.0039780955399850715,0.9446437937062937,0.02016472696574656,-0.00014234754774311575,0.016655798037190195,0.023388960798816583,0.8352265755571598,False
llama33_70b,Llama-3.3-70B,24,80,0.3037974683544304,0.9931772189670139,0.9713471720041322,0.965089913091716,0.024958676419089776,0.9931502956814235,0.9884368543388431,0.9884652366863905,0.00469925016880679,0.9417427201704546,0.020259426250282986,-2.6923285590396695e-05,0.017089682334710865,0.023375323594674535,0.8117187750704383,False
llama33_70b,Llama-3.3-70B,25,80,0.31645569620253167,0.9928597005208334,0.970184013429752,0.9680995747041421,0.023717906453886273,0.9927286783854168,0.987108729338843,0.987155602810651,0.005596512310669821,0.9469350961538461,0.01812139414321645,-0.00013102213541660301,0.016924715909090948,0.01905602810650886,0.7640385199447984,False
llama33_70b,Llama-3.3-70B,26,80,0.3291139240506329,0.9933120388454861,0.9672840263429753,0.9650060096153846,0.02716702086630618,0.9930687120225695,0.9885982696280992,0.9881243065828402,0.004707423917099773,0.9491180206512239,0.022459596949206406,-0.0002433268229166119,0.02131424328512388,0.023118296967455598,0.8267228512001423,False
llama33_70b,Llama-3.3-70B,27,80,0.34177215189873417,0.992832505967882,0.9674586776859503,0.9666433986686391,0.02578146779058721,0.9926898193359375,0.9871319731404959,0.9868294656065089,0.005709099962435071,0.9497486888111888,0.020072367828152138,-0.0001426866319444997,0.01967329545454566,0.02018606693786973,0.7785579933304085,False
llama33_70b,Llama-3.3-70B,28,80,0.35443037974683544,0.991767103407118,0.9621006585743802,0.9624889053254437,0.02947232145720613,0.9914244927300347,0.9856333935950413,0.9850672614644971,0.006074165200265491,0.9503513576267483,0.02339815625694064,-0.0003426106770832993,0.02353273502066111,0.022578356139053346,0.7939027229638089,False
llama33_70b,Llama-3.3-70B,29,80,0.3670886075949367,0.9914329020182292,0.9585582386363636,0.9575305103550296,0.03338852752253263,0.9910247802734375,0.9845896823347107,0.9861697947485207,0.005645041731821898,0.9493466592001748,0.02774348579071073,-0.0004081217447916563,0.02603144369834709,0.02863928439349117,0.830928700643888,False
llama33_70b,Llama-3.3-70B,30,80,0.379746835443038,0.9903891330295138,0.9558206353305785,0.9618384800295858,0.03155957534943166,0.9901369222005209,0.9840905862603306,0.9865911612426035,0.004796048449053791,0.9500709544361887,0.026763526900377865,-0.0002522108289929603,0.028269950929752152,0.024752681213017658,0.8480319080357916,False
llama33_70b,Llama-3.3-70B,31,80,0.3924050632911392,0.9892757161458332,0.9520977530991734,0.9620647651627217,0.03219445701488566,0.9889420572916667,0.9811528279958677,0.9856559726331362,0.0055376569771647954,0.9525245164991258,0.026656800037720862,-0.00033365885416647423,0.029055074896694233,0.023591207470414544,0.8279934656265715,False
llama33_70b,Llama-3.3-70B,32,80,0.4050632911392405,0.9884836832682291,0.9510769628099174,0.9549264977810651,0.03548195297273793,0.9881567382812501,0.9792284349173552,0.9842654400887573,0.006409800778193753,0.9514214789117132,0.029072152194544176,-0.0003269449869790497,0.028151472107437847,0.029338942307692184,0.8193503953088874,False
llama33_70b,Llama-3.3-70B,33,80,0.4177215189873418,0.9870065646701389,0.944883458161157,0.9510447485207102,0.0390424613292053,0.9864554850260416,0.9768259297520661,0.9805940273668639,0.007745506466576679,0.9509483582823427,0.03129695486262862,-0.0005510796440972854,0.031942471590909016,0.02954927884615366,0.8016132640494482,False
llama33_70b,Llama-3.3-70B,34,80,0.43037974683544306,0.9848438178168404,0.9438901084710745,0.9468040403106509,0.03949674342597764,0.9845539008246527,0.9732919034090909,0.9753739829881658,0.010220957626024374,0.956305998688811,0.02927578579995327,-0.00028991699218772204,0.029401794938016423,0.028569942677514892,0.7412202440137916,False
llama33_70b,Llama-3.3-70B,35,80,0.4430379746835443,0.9823786078559028,0.9304648760330578,0.9330461815828403,0.05062307904795371,0.9820573594835069,0.9711018207644628,0.9680309264053253,0.01249098589861286,0.9585344733391608,0.03813209314934085,-0.0003212483723958881,0.040636944731405,0.03498474482248504,0.7532551134082436,False
llama33_70b,Llama-3.3-70B,36,80,0.45569620253164556,0.9809446207682291,0.9205891658057852,0.9327833764792899,0.05425834962569154,0.9806692165798612,0.9686799457644628,0.9660713295118343,0.01329357894171257,0.9570377376529721,0.04096477068397897,-0.0002754041883679115,0.04809077995867761,0.03328795303254439,0.7549947789894073,False
llama33_70b,Llama-3.3-70B,37,80,0.46835443037974683,0.9815705023871529,0.9252760201446282,0.9344745053624259,0.05169523963362588,0.9808865695529514,0.9679041838842976,0.967515486316568,0.013176734452518657,0.9576128168706293,0.03851850518110722,-0.0006839328342015394,0.04262816373966938,0.033040980954142096,0.745107391978358,False
llama33_70b,Llama-3.3-70B,38,80,0.4810126582278481,0.9811485460069445,0.9223995996900827,0.9397219397189348,0.05008777630243566,0.9810660807291665,0.9654529313016529,0.9676114090236687,0.014533910566505659,0.9586095252403848,0.03555386573593,-8.246527777799884e-05,0.04305333161157021,0.027889469304733905,0.7098311875786167,False
llama33_70b,Llama-3.3-70B,39,80,0.4936708860759494,0.9807112630208333,0.9216948605371901,0.9484090698964497,0.045659297804013455,0.9800732421875,0.9632602660123966,0.9672757951183432,0.014805211622130221,0.961915701486014,0.030854086181883233,-0.0006380208333333082,0.041565405475206485,0.018866725221893477,0.6757459633812231,False
llama33_70b,Llama-3.3-70B,40,80,0.5063291139240507,0.9798085530598958,0.9160808367768597,0.9397757951183431,0.05188023711229439,0.9795216878255208,0.9613533057851239,0.9651053994082841,0.0162923352288169,0.9610503851617133,0.03558790188347749,-0.0002868652343749334,0.045272469008264205,0.02532960428994102,0.685962591235806,False
llama33_70b,Llama-3.3-70B,41,80,0.5189873417721519,0.9801634385850695,0.9201717458677686,0.9471433524408285,0.04650588943077094,0.9791809760199651,0.9616848527892562,0.9668155972633138,0.01493075099368013,0.9615321787587412,0.03157513843709081,-0.0009824625651043695,0.041513106921487575,0.019672244822485307,0.678949243280119,False
llama33_70b,Llama-3.3-70B,42,80,0.5316455696202531,0.9795685492621529,0.917475464876033,0.944743897928994,0.048458867859639376,0.9786937798394096,0.9609342716942149,0.9664802144970414,0.014986536743781476,0.9615678949956293,0.0334723311158579,-0.0008747694227432268,0.04345880681818182,0.02173631656804731,0.690736960937886,False
llama33_70b,Llama-3.3-70B,43,80,0.5443037974683544,0.979636705186632,0.9171332644628098,0.9453335336538462,0.04840330612830401,0.9788086615668403,0.9606931172520661,0.9661956823224851,0.015364261779564736,0.9630938592657343,0.03303904434873928,-0.0008280436197917185,0.043559852789256226,0.02086214866863889,0.6825782573851825,False
llama33_70b,Llama-3.3-70B,44,80,0.5569620253164557,0.9797918023003471,0.9131007877066117,0.9442929456360947,0.05109493562899392,0.9787624782986111,0.9577805397727273,0.9653284485946746,0.017207984114910202,0.9626553622159092,0.03388695151408372,-0.0010293240017360539,0.04467975206611552,0.02103550295857992,0.6632154654257848,False
llama33_70b,Llama-3.3-70B,45,80,0.569620253164557,0.9780763414171006,0.908294486053719,0.9442002588757396,0.051828968952371324,0.9770004611545139,0.9537816373966943,0.962931536612426,0.01864387414995372,0.9608681845498251,0.0331850948024176,-0.0010758802625867592,0.04548715134297532,0.01873127773668648,0.640280821193131,False
llama33_70b,Llama-3.3-70B,46,80,0.5822784810126582,0.9761396620008681,0.9103299328512396,0.9413477718195267,0.050300809665485,0.9750467936197915,0.95192051911157,0.9605226053994084,0.018825231364302253,0.9618191378933566,0.03147557830118275,-0.0010928683810765838,0.04159058626033041,0.0191748335798817,0.6257469514010706,False
llama33_70b,Llama-3.3-70B,47,80,0.5949367088607594,0.9749898952907985,0.9082496126033058,0.9364254345414201,0.05265237171843551,0.9741874186197916,0.9521720041322314,0.9578034855769231,0.019199673765214476,0.9603494454763987,0.03345269795322103,-0.0008024766710068576,0.04392239152892552,0.021378051035502943,0.6353502579544394,False
llama33_70b,Llama-3.3-70B,48,80,0.6075949367088608,0.9738809882269965,0.9038804235537191,0.9329444803994082,0.0554685362504328,0.9729115125868056,0.9489117381198346,0.9561506102071006,0.020380338423337974,0.9603413871284967,0.035088197827094825,-0.0009694756401908977,0.04503131456611553,0.02320612980769232,0.6325783984757853,False
llama33_70b,Llama-3.3-70B,49,80,0.620253164556962,0.9737845865885417,0.9030455836776861,0.9313470784023669,0.05658825554851532,0.9725453694661458,0.9478935304752065,0.9554761464497041,0.020860531003690452,0.9603031441215035,0.03572772454482487,-0.0012392171223959414,0.044847946797520466,0.024129068047337277,0.6313628896758285,False
llama33_70b,Llama-3.3-70B,50,80,0.6329113924050633,0.9726132541232639,0.9022394757231406,0.9334999075443787,0.054743562489504294,0.9714179823133681,0.9455572055785124,0.9543333949704144,0.021472682038904733,0.9608391608391609,0.03327088045059956,-0.0011952718098958703,0.043317729855371856,0.020833487426035635,0.6077587745039139,False
llama33_70b,Llama-3.3-70B,51,80,0.6455696202531646,0.9715684000651043,0.9036964101239671,0.9324785040680473,0.05348094296909711,0.9705804443359376,0.9453867510330578,0.9538396819526627,0.020967227843077363,0.9593815559440559,0.03251371512601975,-0.0009879557291666563,0.04169034090909074,0.021361177884615334,0.6079495483990839,False
llama33_70b,Llama-3.3-70B,52,80,0.6582278481012658,0.9702764214409721,0.893487215909091,0.93413068602071,0.05646747047607159,0.9698505316840279,0.9427505165289256,0.9514485484467455,0.02275099919619239,0.9587426928540208,0.0337164712798792,-0.00042588975694424214,0.04926330061983464,0.017317862426035502,0.5970954780800168,False
llama33_70b,Llama-3.3-70B,53,80,0.6708860759493671,0.969315728081597,0.8872623966942148,0.9304837740384615,0.0604426427152589,0.9680527750651042,0.9393233471074379,0.9495913461538461,0.023595428434462162,0.9578669962849651,0.036847214280796736,-0.0012629530164928182,0.05206095041322312,0.019107572115384608,0.6096228196768532,False
llama33_70b,Llama-3.3-70B,54,80,0.6835443037974683,0.968780788845486,0.8873715134297522,0.9305833949704143,0.05980333464540277,0.9674985080295139,0.937681430785124,0.9471433524408284,0.025086116416537685,0.9580634014423077,0.03471721822886509,-0.0012822808159721477,0.050309917355371825,0.016559957470414055,0.5805231168916746,False
llama33_70b,Llama-3.3-70B,55,80,0.6962025316455697,0.9674055989583334,0.8837138429752065,0.9255135909763315,0.06279188198256447,0.9669177924262152,0.9355804493801654,0.9462765809911241,0.02598927724057043,0.9601462112106642,0.03680260474199404,-0.0004878065321182179,0.05186660640495888,0.02076299001479265,0.5861045023656575,False
llama33_70b,Llama-3.3-70B,56,80,0.7088607594936709,0.9667665608723958,0.8758064307851239,0.9216043361686391,0.06806117739551432,0.9662561713324653,0.9316535382231406,0.9436919840976331,0.02858341017207855,0.9570887510926572,0.03947776722343577,-0.0005103895399304337,0.055847107438016685,0.02208764792899398,0.5800335629521098,False
llama33_70b,Llama-3.3-70B,57,80,0.7215189873417721,0.9641826714409722,0.880547520661157,0.9147406619822485,0.0665385801192695,0.9637252468532986,0.9293020402892561,0.93896519045858,0.029591631479380598,0.9609054714816433,0.0369469486398889,-0.00045742458767361605,0.04875451962809907,0.024224528476331497,0.555271070913476,False
llama33_70b,Llama-3.3-70B,58,80,0.7341772151898734,0.9623137071397568,0.8797155862603305,0.9118934911242604,0.06650916844746135,0.9617295328776042,0.927642368285124,0.9378136556952663,0.029001520887409038,0.9610404829545454,0.037507647560052315,-0.0005841742621526258,0.0479267820247935,0.025920164571005877,0.5639470231789371,False
llama33_70b,Llama-3.3-70B,59,80,0.7468354430379747,0.9605759006076389,0.8810579158057851,0.9082401072485209,0.06592688908048583,0.9602845594618056,0.9264517691115701,0.9355279215976331,0.029294714107203967,0.9598913488854894,0.03663217497328186,-0.0002913411458332904,0.04539385330578505,0.027287814349112205,0.5556484688449357,False
llama33_70b,Llama-3.3-70B,60,80,0.759493670886076,0.9610153537326389,0.8773214746900826,0.9023356601331362,0.0711867863210296,0.9603087700737847,0.9252621384297519,0.9343345506656804,0.03051042552606853,0.9583718039772727,0.040676360794961064,-0.0007065836588542318,0.04794066373966932,0.03199889053254423,0.5714032462643237,False
llama33_70b,Llama-3.3-70B,61,80,0.7721518987341772,0.9578781467013888,0.8693859762396694,0.9014194249260356,0.0724754461185364,0.9564984130859374,0.9207896435950413,0.9311818139792899,0.030512684298771853,0.9592984456949301,0.04196276181976455,-0.0013797336154514062,0.05140366735537194,0.029762389053254346,0.5789928046959908,False
llama33_70b,Llama-3.3-70B,62,80,0.7848101265822784,0.956686740451389,0.8704325929752066,0.8949117048816568,0.07401459152295731,0.9556749131944444,0.920036479855372,0.9269755454881657,0.032168900522675514,0.9606937691215034,0.04184569100028179,-0.0010118272569445974,0.04960388688016537,0.03206384060650891,0.5653708294438455,False
llama33_70b,Llama-3.3-70B,63,80,0.7974683544303798,0.9545591905381946,0.8711186079545454,0.8947168546597632,0.07164145923104026,0.9535848659939237,0.9198011363636364,0.9246019785502959,0.03138330853695748,0.9607489483173077,0.040258150694082784,-0.0009743245442709325,0.04868252840909093,0.02988512389053266,0.5619392894308892,False
llama33_70b,Llama-3.3-70B,64,80,0.810126582278481,0.9534714762369793,0.8682638171487602,0.8903245192307693,0.07417730804721445,0.9521057807074652,0.918714165805785,0.9216232895710059,0.031937053019069794,0.9620784391389859,0.04224025502814466,-0.0013656955295140438,0.0504503486570248,0.03129877034023665,0.5694498242138741,False
llama33_70b,Llama-3.3-70B,65,80,0.8227848101265823,0.9519703504774305,0.8666202866735538,0.8864966253698225,0.07541189445574237,0.9510364447699654,0.9169456998966943,0.91942400147929,0.032851594081973245,0.9624383331512237,0.04256030037376912,-0.0009339057074650992,0.050325413223140436,0.0329273761094675,0.5643711868125373,False
llama33_70b,Llama-3.3-70B,66,80,0.8354430379746836,0.9506879340277777,0.8645874225206611,0.8869644508136094,0.07491199736064247,0.9495994737413195,0.9137393465909092,0.9172080713757396,0.034125764757995114,0.9644346864073426,0.040786232602647354,-0.0010884602864582593,0.04915192407024804,0.030243620562130147,0.5444552813922936,False
llama33_70b,Llama-3.3-70B,67,80,0.8481012658227848,0.9490352376302083,0.8628783574380166,0.8871609190088758,0.07401559940676206,0.9488140190972221,0.9120883910123966,0.9142485669378697,0.03564554012208898,0.9670192990603148,0.038370059284673075,-0.00022121853298617822,0.04921003357438003,0.027087647928993874,0.5184050334282315,False
llama33_70b,Llama-3.3-70B,68,80,0.8607594936708861,0.9481243896484375,0.8590405475206613,0.8879907082100591,0.0746087617830773,0.9474608696831598,0.9073017820247934,0.9113632581360946,0.038128349602715716,0.9644568810096154,0.03648041218036158,-0.0006635199652776924,0.04826123450413211,0.023372549926035546,0.48895614011699146,False
llama33_70b,Llama-3.3-70B,69,80,0.8734177215189873,0.9453441026475695,0.8548999225206612,0.8900931490384615,0.0728475668680082,0.9446860080295139,0.9033981146694215,0.9107026627218935,0.037635619333856285,0.9647925999781468,0.03521194753415191,-0.0006580946180556602,0.04849819214876039,0.020609513683432,0.4833647717836904,False
llama33_70b,Llama-3.3-70B,70,80,0.8860759493670886,0.9440072292751736,0.8557186208677685,0.8887751941568047,0.07176032176288694,0.9433793809678818,0.901652569731405,0.9117273021449704,0.03668944502969407,0.9655289827360141,0.03507087673319287,-0.0006278483072917895,0.04593394886363644,0.022952107988165715,0.4887224007868211,False
llama33_70b,Llama-3.3-70B,71,80,0.8987341772151899,0.9408587646484374,0.8558106275826446,0.8839807923446745,0.07096305468477793,0.9402393934461806,0.8972588455578512,0.9078307599852071,0.03769459067465142,0.9680717329545454,0.03326846401012651,-0.0006193712022568576,0.04144821797520659,0.0238499676405326,0.4688138660026261,False
llama33_70b,Llama-3.3-70B,72,80,0.9113924050632911,0.9375733100043402,0.8471245480371901,0.8842388590976332,0.0718916064369286,0.9367772081163195,0.894950284090909,0.9013228088017753,0.03864066166997726,0.9700475305944057,0.03325094476695134,-0.000796101888020706,0.04782573605371898,0.017083949704142065,0.4625149779637044,False
llama33_70b,Llama-3.3-70B,73,80,0.9240506329113924,0.9357245551215279,0.8464582257231404,0.8837694156804734,0.07061073441972088,0.935399441189236,0.8955058755165289,0.9007636834319527,0.037264661714995206,0.970686052229021,0.03334607270472567,-0.0003251139322918428,0.04904764979338849,0.016994267751479275,0.47225217212034043,False
llama33_70b,Llama-3.3-70B,74,80,0.9367088607594937,0.9336727566189236,0.8424664256198348,0.8789984744822485,0.07294030656788197,0.9328209771050345,0.8903037835743802,0.8985771079881658,0.03838053132376151,0.9682882156905596,0.03455977524412046,-0.0008517795138890394,0.04783735795454547,0.019578633505917264,0.4738090209691862,False
llama33_70b,Llama-3.3-70B,75,80,0.9493670886075949,0.9344561089409722,0.8438403925619835,0.8806797799556213,0.07219602268216985,0.9334638129340278,0.8879087035123967,0.8981434911242604,0.0404377156156992,0.9660077715253494,0.03175830706647065,-0.0009922960069443931,0.04406831095041319,0.017463711168639096,0.4398899812844393,False
llama33_70b,Llama-3.3-70B,76,80,0.9620253164556962,0.9305927191840279,0.8387722753099173,0.8720989737426036,0.07515709465776743,0.9293541802300349,0.8814304622933884,0.8905743805473373,0.043351758809672125,0.965286549388112,0.031805335848095306,-0.0012385389539929514,0.042658186983471125,0.018475406804733696,0.42318474380792537,False
llama33_70b,Llama-3.3-70B,77,80,0.9746835443037974,0.9268071831597222,0.832200090392562,0.862074010724852,0.07967013260101519,0.9257849121093751,0.8740434529958678,0.8844709227071005,0.04652772425789098,0.9615876311188812,0.03314240834312421,-0.0010222710503471344,0.04184336260330579,0.02239691198224847,0.4159953957789935,False
llama33_70b,Llama-3.3-70B,78,80,0.9873417721518988,0.9225910780164931,0.8385931043388429,0.8573576183431952,0.07461571667547406,0.9214189317491318,0.870088132747934,0.8770481231508878,0.04785080379972095,0.9577197607080419,0.02676491287575311,-0.0011721462673612848,0.03149502840909102,0.01969050480769252,0.358703421588265,False
llama33_70b,Llama-3.3-70B,79,80,1.0,0.9115381537543403,0.8304371126033058,0.8320037444526627,0.08031772522635605,0.9105715603298612,0.8576468879132232,0.8611261094674556,0.051185061639521745,0.9550126338505245,0.029132663586834306,-0.0009665934244791341,0.027209775309917417,0.029122365014792928,0.36271773764422427,False
