auc_eval_vs_lmsys,auc_eval_vs_wildchat,auc_lmsys_over_wildchat,ci_hi,ci_lo,layer,model
0.6035320000000001,0.5447660000000001,0.43959200000000004,0.47934029999999994,0.39936000000000005,0,llama31_8b
0.336558,0.34105399999999997,0.502492,0.5468162999999999,0.45899789999999996,1,llama31_8b
0.31761399999999995,0.302362,0.47067200000000003,0.5063324,0.4364833,2,llama31_8b
0.5371319999999999,0.49105,0.45852800000000005,0.5019624,0.41615189999999996,3,llama31_8b
0.613686,0.5878079999999999,0.473004,0.5118961,0.4301331,4,llama31_8b
0.566836,0.5903219999999999,0.5138199999999999,0.556589,0.46822280000000005,5,llama31_8b
0.442304,0.43315200000000004,0.494264,0.5388231,0.4528168000000001,6,llama31_8b
0.548528,0.507368,0.461904,0.49899319999999997,0.4235608,7,llama31_8b
0.316718,0.263178,0.44236400000000003,0.48268979999999995,0.3998088,8,llama31_8b
0.309196,0.34229,0.535116,0.5815883,0.4916758,9,llama31_8b
0.322426,0.41251399999999994,0.60258,0.6468987,0.558376,10,llama31_8b
0.359314,0.42280599999999996,0.560532,0.6062656000000001,0.5149736,11,llama31_8b
0.66359,0.650002,0.482024,0.5290513,0.436394,12,llama31_8b
0.6381680000000001,0.556118,0.427908,0.4747705,0.3834799,13,llama31_8b
0.537946,0.47982600000000003,0.44765600000000005,0.4955778,0.40205860000000004,14,llama31_8b
0.557228,0.52367,0.47487199999999996,0.5249149000000001,0.4279864,15,llama31_8b
0.475298,0.525516,0.545668,0.5941261999999999,0.4992474,16,llama31_8b
0.49230399999999996,0.529004,0.527532,0.5757383999999999,0.4805406,17,llama31_8b
0.511942,0.535456,0.517544,0.5675669,0.4703817,18,llama31_8b
0.392646,0.41818000000000005,0.521068,0.5691804,0.4747408,19,llama31_8b
0.48178,0.52793,0.533316,0.582791,0.4850683,20,llama31_8b
0.48490199999999994,0.529466,0.534932,0.584742,0.4878817,21,llama31_8b
0.53435,0.648234,0.587628,0.6349667,0.5421362000000001,22,llama31_8b
0.644474,0.7193280000000001,0.5748599999999999,0.6251617,0.5275145000000001,23,llama31_8b
0.5962480000000001,0.6384240000000001,0.546092,0.5960972000000001,0.49751570000000006,24,llama31_8b
0.609954,0.631294,0.5298200000000001,0.5805644000000001,0.480721,25,llama31_8b
0.608994,0.6293340000000001,0.5285960000000001,0.5801144,0.47991280000000003,26,llama31_8b
0.694412,0.70895,0.5342359999999999,0.5836356,0.4853521,27,llama31_8b
0.658342,0.68249,0.536524,0.5889516,0.4883521,28,llama31_8b
0.6420920000000001,0.6703140000000001,0.5361319999999999,0.5863936999999999,0.4854821,29,llama31_8b
0.66625,0.692758,0.5289159999999999,0.5799127,0.4803346,30,llama31_8b
0.6258900000000001,0.6571039999999999,0.531772,0.5811658000000001,0.48187360000000007,31,llama31_8b
0.44912199999999997,0.49957,0.54648,0.5948242,0.5014736000000001,0,llama31_70b
0.44623199999999996,0.48021600000000003,0.5317999999999999,0.5720972999999999,0.4912527,4,llama31_70b
0.540596,0.566368,0.521784,0.5655046,0.4757213,8,llama31_70b
0.51022,0.476212,0.46995600000000004,0.5162857000000001,0.4255972,12,llama31_70b
0.6029080000000001,0.636094,0.5229280000000001,0.5677538000000001,0.4772461,16,llama31_70b
0.56636,0.60527,0.541216,0.5823611,0.5004460000000001,20,llama31_70b
0.731814,0.7423519999999999,0.521296,0.5670644999999999,0.4763160000000001,24,llama31_70b
0.606888,0.6490419999999999,0.540132,0.586648,0.49094940000000004,28,llama31_70b
0.568692,0.610192,0.552012,0.5972139,0.5041289999999999,32,llama31_70b
0.6077640000000001,0.677142,0.575888,0.6227964,0.5294028,36,llama31_70b
0.573388,0.6479060000000001,0.574484,0.6214744999999999,0.5254059000000001,40,llama31_70b
0.6550579999999999,0.6941620000000001,0.54442,0.5922137,0.49518559999999995,44,llama31_70b
0.543894,0.612538,0.56314,0.6125524999999998,0.5149953,48,llama31_70b
0.5729839999999999,0.664072,0.572208,0.6206569,0.5210956,52,llama31_70b
0.579784,0.6638299999999999,0.559032,0.6076201,0.5103916,56,llama31_70b
0.513718,0.598054,0.5687,0.6173275,0.5178309000000001,60,llama31_70b
0.54014,0.638102,0.586516,0.6349362999999999,0.5378993,64,llama31_70b
0.5021,0.5861040000000001,0.579832,0.627822,0.5313405000000001,68,llama31_70b
0.472026,0.544826,0.571936,0.6201646999999999,0.5215818000000001,72,llama31_70b
0.530094,0.59738,0.559752,0.6120914,0.5102272999999999,76,llama31_70b
0.557904,0.601514,0.543264,0.5956412999999999,0.4952286,79,llama31_70b
0.470264,0.507514,0.5368280000000001,0.5850753,0.4947479,0,llama33_70b
0.41637,0.451466,0.529324,0.5653055,0.4925678,4,llama33_70b
0.523806,0.570994,0.54406,0.5877855999999999,0.4975928,8,llama33_70b
0.541148,0.521088,0.479328,0.5248708999999999,0.4339312,12,llama33_70b
0.5121279999999999,0.558868,0.5422720000000001,0.5885817999999999,0.49678659999999997,16,llama33_70b
0.661814,0.747594,0.603392,0.6441019,0.5613753000000001,20,llama33_70b
0.669144,0.7017939999999999,0.542812,0.587782,0.4979334,24,llama33_70b
0.621812,0.649804,0.53088,0.5747526999999999,0.48392759999999996,28,llama33_70b
0.636718,0.70341,0.5718639999999999,0.6169863000000001,0.5228877000000001,32,llama33_70b
0.530428,0.5969,0.556776,0.6036509,0.5074082,36,llama33_70b
0.49833400000000005,0.585622,0.5772440000000001,0.6270078,0.5284810000000001,40,llama33_70b
0.5351859999999999,0.6127400000000001,0.568184,0.6171705,0.5193636,44,llama33_70b
0.48081799999999997,0.542338,0.547804,0.5964548,0.4993973,48,llama33_70b
0.5509379999999999,0.6036699999999999,0.531776,0.5831135999999999,0.4842326,52,llama33_70b
0.53432,0.56758,0.51606,0.5652861,0.4663414000000001,56,llama33_70b
0.498798,0.547784,0.539408,0.5880156,0.4912124,60,llama33_70b
0.5135419999999999,0.541322,0.521564,0.571164,0.47514249999999997,64,llama33_70b
0.5280779999999999,0.57901,0.5425439999999999,0.5926925,0.49642690000000006,68,llama33_70b
0.533954,0.586996,0.541156,0.5883345999999999,0.49452969999999996,72,llama33_70b
0.5587380000000001,0.630868,0.5635079999999999,0.6111318,0.5210479,76,llama33_70b
0.557694,0.609726,0.551064,0.5963328,0.505021,79,llama33_70b
