benchmark_auc,casual_auc,layer,model,normalized_depth,pooled_auc,source_pair_auc_mean,source_pair_auc_min,srcpair::allenai/ai2_arc|allenai/WildChat-1M,srcpair::allenai/ai2_arc|lmsys/lmsys-chat-1m,srcpair::cais/mmlu|allenai/WildChat-1M,srcpair::cais/mmlu|lmsys/lmsys-chat-1m
0.535672,0.609872,0,llama31_8b,0.0,0.574149,0.574149,0.5198640000000001,0.5198640000000001,0.581492,0.5696680000000001,0.625572
0.40490000000000004,0.278604,1,llama31_8b,0.03225806451612903,0.338806,0.33880599999999994,0.328476,0.332804,0.328476,0.34930399999999995,0.34463999999999995
0.35231599999999996,0.230796,2,llama31_8b,0.06451612903225806,0.30998800000000004,0.309988,0.292404,0.292404,0.306316,0.31232000000000004,0.32891200000000004
0.538008,0.49139199999999994,3,llama31_8b,0.0967741935483871,0.514091,0.5140910000000001,0.486448,0.486448,0.53342,0.4956520000000001,0.5408440000000001
0.5684680000000001,0.6422399999999999,4,llama31_8b,0.12903225806451613,0.600747,0.600747,0.578772,0.5968439999999999,0.622352,0.578772,0.60502
0.5213800000000001,0.62188,5,llama31_8b,0.16129032258064516,0.5785790000000001,0.578579,0.549272,0.611264,0.5844,0.56938,0.549272
0.393704,0.478604,6,llama31_8b,0.1935483870967742,0.437728,0.437728,0.395536,0.4707680000000001,0.47872,0.395536,0.405888
0.49527599999999994,0.5557960000000001,7,llama31_8b,0.22580645161290322,0.527948,0.5279480000000001,0.498132,0.5166040000000001,0.557968,0.498132,0.539088
0.28612000000000004,0.26306399999999996,8,llama31_8b,0.25806451612903225,0.289948,0.28994800000000004,0.24973200000000004,0.276624,0.330388,0.24973200000000004,0.30304800000000004
0.340716,0.311088,9,llama31_8b,0.2903225806451613,0.325743,0.325743,0.292428,0.35996000000000006,0.325964,0.32462,0.292428
0.36885199999999996,0.36578,10,llama31_8b,0.3225806451612903,0.36747,0.36746999999999996,0.277996,0.46604,0.36685599999999996,0.35898800000000003,0.277996
0.39660000000000006,0.388344,11,llama31_8b,0.3548387096774194,0.3910600000000001,0.39106,0.35274,0.416044,0.35274,0.429568,0.365888
0.625564,0.681852,12,llama31_8b,0.3870967741935484,0.656796,0.656796,0.6425719999999999,0.6425719999999999,0.6561520000000001,0.657432,0.6710280000000001
0.606276,0.5884280000000001,13,llama31_8b,0.41935483870967744,0.597143,0.597143,0.5483279999999999,0.5483279999999999,0.6321800000000001,0.5639080000000001,0.644156
0.503748,0.514008,14,llama31_8b,0.45161290322580644,0.508886,0.508886,0.46286,0.49679199999999996,0.555072,0.46286,0.52082
0.5582,0.523236,15,llama31_8b,0.4838709677419355,0.540449,0.540449,0.5039279999999999,0.543412,0.582568,0.5039279999999999,0.531888
0.540408,0.45928,16,llama31_8b,0.5161290322580645,0.500407,0.500407,0.440808,0.49148400000000003,0.440808,0.559548,0.509788
0.597008,0.426868,17,llama31_8b,0.5483870967741935,0.510654,0.5106539999999999,0.477112,0.515272,0.477112,0.5427360000000001,0.507496
0.626928,0.42265199999999997,18,llama31_8b,0.5806451612903226,0.5236989999999999,0.5236990000000001,0.47955200000000003,0.5067240000000001,0.47955200000000003,0.564188,0.544332
0.458124,0.355036,19,llama31_8b,0.6129032258064516,0.40541299999999997,0.405413,0.34357999999999994,0.36738,0.34357999999999994,0.46898000000000006,0.44171200000000005
0.552216,0.45808799999999994,20,llama31_8b,0.6451612903225806,0.5048549999999999,0.504855,0.436164,0.48042,0.436164,0.57544,0.527396
0.5607800000000001,0.453704,21,llama31_8b,0.6774193548387096,0.507184,0.507184,0.435004,0.481328,0.435004,0.577604,0.5347999999999999
0.649732,0.532168,22,llama31_8b,0.7096774193548387,0.591292,0.591292,0.5291319999999999,0.643452,0.5291319999999999,0.6530159999999999,0.539568
0.7266719999999999,0.634876,23,llama31_8b,0.7419354838709677,0.681901,0.681901,0.63108,0.70948,0.63108,0.729176,0.657868
0.660552,0.5729799999999999,24,llama31_8b,0.7741935483870968,0.617336,0.617336,0.564852,0.613476,0.564852,0.6633720000000001,0.627644
0.660348,0.580484,25,llama31_8b,0.8064516129032258,0.620624,0.620624,0.58318,0.608284,0.58318,0.654304,0.6367279999999998
0.671088,0.566568,26,llama31_8b,0.8387096774193549,0.619164,0.619164,0.5622199999999999,0.588624,0.5622199999999999,0.670044,0.655768
0.748828,0.653256,27,llama31_8b,0.8709677419354839,0.7016810000000001,0.701681,0.6745319999999999,0.6927000000000001,0.6745319999999999,0.7252,0.714292
0.7109880000000001,0.63118,28,llama31_8b,0.9032258064516129,0.6704159999999999,0.670416,0.653004,0.6888239999999999,0.66368,0.676156,0.653004
0.6960639999999999,0.617556,29,llama31_8b,0.9354838709677419,0.6562029999999999,0.6562030000000001,0.6383840000000001,0.6697080000000001,0.6383840000000001,0.6709200000000001,0.6458
0.705604,0.6538520000000001,30,llama31_8b,0.967741935483871,0.679504,0.6795039999999999,0.6536519999999999,0.68148,0.6536519999999999,0.704036,0.6788479999999999
0.678996,0.6043719999999999,31,llama31_8b,1.0,0.641497,0.641497,0.594364,0.626348,0.594364,0.6878599999999999,0.657416
0.49334399999999995,0.45563200000000004,0,llama31_70b,0.0,0.47434600000000005,0.474346,0.44795199999999996,0.499884,0.44795199999999996,0.49925600000000003,0.45029199999999997
0.434792,0.468292,1,llama31_70b,0.012658227848101266,0.46365000000000006,0.46365,0.439272,0.439272,0.45052400000000004,0.47717999999999994,0.487624
0.44078,0.47056800000000004,2,llama31_70b,0.02531645569620253,0.4593419999999999,0.459342,0.41069600000000006,0.41069600000000006,0.460984,0.458572,0.5071159999999999
0.4151679999999999,0.389936,3,llama31_70b,0.0379746835443038,0.416211,0.416211,0.377876,0.377876,0.40127199999999996,0.43314400000000003,0.452552
0.474984,0.426556,4,llama31_70b,0.05063291139240506,0.4632240000000001,0.46322399999999997,0.4042319999999999,0.43973599999999996,0.4042319999999999,0.5206959999999999,0.488232
0.515296,0.43577599999999994,5,llama31_70b,0.06329113924050633,0.479359,0.479359,0.4463479999999999,0.47265599999999997,0.4463479999999999,0.512808,0.48562399999999994
0.507396,0.41791199999999995,6,llama31_70b,0.0759493670886076,0.4692510000000001,0.469251,0.458172,0.46340400000000004,0.48031999999999997,0.458172,0.475108
0.508632,0.41334400000000004,7,llama31_70b,0.08860759493670886,0.46031099999999997,0.46031099999999997,0.413728,0.413728,0.446616,0.47337999999999997,0.50752
0.558844,0.5492199999999999,8,llama31_70b,0.10126582278481013,0.553482,0.553482,0.514992,0.5401239999999999,0.514992,0.592612,0.5662
0.51124,0.5172439999999999,9,llama31_70b,0.11392405063291139,0.5141020000000001,0.5141020000000001,0.502708,0.518676,0.502708,0.525468,0.509556
0.460676,0.40736399999999995,10,llama31_70b,0.12658227848101267,0.436828,0.436828,0.37713599999999997,0.37713599999999997,0.44014,0.43723199999999995,0.49280399999999996
0.550528,0.399644,11,llama31_70b,0.13924050632911392,0.47239700000000007,0.472397,0.41734,0.41734,0.47617200000000004,0.473252,0.522824
0.5524120000000001,0.438588,12,llama31_70b,0.1518987341772152,0.49321600000000004,0.493216,0.46303199999999994,0.46303199999999994,0.50116,0.48939200000000005,0.51928
0.523116,0.429308,13,llama31_70b,0.16455696202531644,0.47546199999999994,0.475462,0.45853200000000005,0.467368,0.45853200000000005,0.491724,0.48422400000000004
0.6745999999999999,0.6976640000000001,14,llama31_70b,0.17721518987341772,0.683038,0.683038,0.653008,0.6693639999999998,0.653008,0.7106520000000001,0.6991280000000001
0.7462719999999999,0.715792,15,llama31_70b,0.189873417721519,0.725876,0.725876,0.704712,0.719724,0.704712,0.74604,0.733028
0.6577679999999999,0.591996,16,llama31_70b,0.20253164556962025,0.619501,0.619501,0.576496,0.6097239999999999,0.576496,0.6624639999999999,0.62932
0.527416,0.420008,17,llama31_70b,0.21518987341772153,0.467016,0.467016,0.396652,0.443768,0.396652,0.5396399999999999,0.488004
0.414556,0.38280400000000003,18,llama31_70b,0.22784810126582278,0.39959199999999995,0.399592,0.356292,0.390848,0.356292,0.444392,0.406836
0.584356,0.604248,19,llama31_70b,0.24050632911392406,0.590415,0.590415,0.529392,0.5800719999999999,0.529392,0.647168,0.605028
0.650596,0.538556,20,llama31_70b,0.25316455696202533,0.585815,0.585815,0.5353399999999999,0.576164,0.5353399999999999,0.634376,0.59738
0.682424,0.5641,21,llama31_70b,0.26582278481012656,0.6223139999999999,0.6223139999999999,0.555564,0.6403439999999999,0.555564,0.682812,0.610536
0.7496679999999999,0.48070799999999997,22,llama31_70b,0.27848101265822783,0.602142,0.6021420000000001,0.543024,0.6013000000000001,0.543024,0.6608240000000001,0.6034200000000001
0.8498640000000001,0.6154280000000001,23,llama31_70b,0.2911392405063291,0.735643,0.735643,0.690388,0.710196,0.690388,0.779036,0.7629520000000001
0.846292,0.6215,24,llama31_70b,0.3037974683544304,0.7370829999999999,0.737083,0.6916479999999999,0.705376,0.6916479999999999,0.779328,0.77198
0.8371760000000001,0.614476,25,llama31_70b,0.31645569620253167,0.7343660000000001,0.7343660000000001,0.683684,0.6954880000000001,0.683684,0.7824039999999999,0.7758879999999999
0.8282560000000001,0.61574,26,llama31_70b,0.3291139240506329,0.7290719999999999,0.7290719999999999,0.6777960000000001,0.7159439999999999,0.6777960000000001,0.776368,0.7461800000000001
0.800352,0.6126039999999999,27,llama31_70b,0.34177215189873417,0.706339,0.7063389999999999,0.6577839999999999,0.720728,0.6577839999999999,0.7540279999999999,0.6928160000000001
0.711816,0.555056,28,llama31_70b,0.35443037974683544,0.6279650000000001,0.627965,0.59726,0.6396680000000001,0.59726,0.658416,0.616516
0.735884,0.600816,29,llama31_70b,0.3670886075949367,0.665659,0.665659,0.627628,0.6722239999999999,0.627628,0.701396,0.661388
0.7366719999999999,0.5202680000000001,30,llama31_70b,0.379746835443038,0.627877,0.627877,0.578732,0.6098600000000001,0.578732,0.672704,0.650212
0.738652,0.5606279999999999,31,llama31_70b,0.3924050632911392,0.652116,0.6521159999999999,0.593116,0.625208,0.593116,0.7051879999999999,0.684952
0.7062039999999999,0.466916,32,llama31_70b,0.4050632911392405,0.589442,0.589442,0.47406400000000004,0.528188,0.47406400000000004,0.692196,0.6633200000000001
0.742176,0.536348,33,llama31_70b,0.4177215189873418,0.642025,0.642025,0.570968,0.574008,0.570968,0.710788,0.712336
0.7802239999999999,0.492504,34,llama31_70b,0.43037974683544306,0.6428509999999998,0.6428510000000001,0.593024,0.593024,0.59462,0.6932479999999999,0.690512
0.7741239999999999,0.477416,35,llama31_70b,0.4430379746835443,0.626861,0.626861,0.549368,0.604664,0.549368,0.706628,0.646784
0.80976,0.48707600000000006,36,llama31_70b,0.45569620253164556,0.6424529999999999,0.642453,0.5652200000000001,0.630748,0.5652200000000001,0.723536,0.650308
0.7599360000000001,0.5338319999999999,37,llama31_70b,0.46835443037974683,0.6417849999999999,0.641785,0.5556880000000001,0.60436,0.5556880000000001,0.7292959999999999,0.677796
0.749196,0.522724,38,llama31_70b,0.4810126582278481,0.628125,0.628125,0.545188,0.625132,0.545188,0.714028,0.628152
0.782732,0.517664,39,llama31_70b,0.4936708860759494,0.6400589999999999,0.640059,0.5656880000000001,0.63572,0.5656880000000001,0.717376,0.641452
0.7699440000000001,0.46609999999999996,40,llama31_70b,0.5063291139240507,0.610647,0.6106469999999999,0.538604,0.607664,0.538604,0.688148,0.6081719999999999
0.766188,0.47081600000000007,41,llama31_70b,0.5189873417721519,0.611491,0.611491,0.544412,0.607552,0.544412,0.683904,0.610096
0.774736,0.443964,42,llama31_70b,0.5316455696202531,0.604298,0.604298,0.5445880000000001,0.587916,0.5445880000000001,0.671224,0.613464
0.8039359999999999,0.524328,43,llama31_70b,0.5443037974683544,0.662005,0.662005,0.590356,0.6400480000000001,0.590356,0.7349600000000001,0.6826559999999999
0.8019999999999999,0.549948,44,llama31_70b,0.5569620253164557,0.67461,0.67461,0.625104,0.663152,0.625104,0.7251719999999999,0.685012
0.731184,0.488216,45,llama31_70b,0.569620253164557,0.608764,0.608764,0.5461560000000001,0.6030519999999999,0.5461560000000001,0.6762999999999999,0.609548
0.732472,0.49238000000000004,46,llama31_70b,0.5822784810126582,0.611076,0.611076,0.5493319999999999,0.595092,0.5493319999999999,0.675688,0.624192
0.69354,0.441608,47,llama31_70b,0.5949367088607594,0.565334,0.565334,0.501624,0.5532239999999999,0.501624,0.633348,0.57314
0.702424,0.45561199999999996,48,llama31_70b,0.6075949367088608,0.5782160000000001,0.578216,0.5054719999999999,0.5709759999999999,0.5054719999999999,0.6541,0.5823160000000001
0.697388,0.46840000000000004,49,llama31_70b,0.620253164556962,0.58098,0.58098,0.49595999999999996,0.6054919999999999,0.49595999999999996,0.6704840000000001,0.551984
0.715816,0.48812800000000006,50,llama31_70b,0.6329113924050633,0.600322,0.600322,0.52476,0.6234040000000001,0.52476,0.678052,0.575072
0.707532,0.48042,51,llama31_70b,0.6455696202531646,0.593148,0.5931479999999999,0.5242159999999999,0.6111679999999999,0.5242159999999999,0.6627559999999999,0.5744520000000001
0.73532,0.5075,52,llama31_70b,0.6582278481012658,0.6185279999999999,0.618528,0.552328,0.6420440000000001,0.552328,0.6861,0.59364
0.7419920000000001,0.517588,53,llama31_70b,0.6708860759493671,0.625472,0.625472,0.568324,0.646048,0.568324,0.6834279999999999,0.604088
0.761004,0.542064,54,llama31_70b,0.6835443037974683,0.646591,0.6465909999999999,0.588816,0.6733520000000001,0.588816,0.7042959999999999,0.6198999999999999
0.7736679999999999,0.5456759999999999,55,llama31_70b,0.6962025316455697,0.652866,0.6528660000000001,0.5914440000000001,0.677944,0.5914440000000001,0.7141559999999999,0.62792
0.7388680000000001,0.515652,56,llama31_70b,0.7088607594936709,0.621807,0.621807,0.55216,0.63444,0.55216,0.69322,0.607408
0.735624,0.5153,57,llama31_70b,0.7215189873417721,0.620575,0.620575,0.552508,0.6325599999999999,0.552508,0.68954,0.607692
0.73076,0.504572,58,llama31_70b,0.7341772151898734,0.611128,0.611128,0.536328,0.627212,0.536328,0.687792,0.5931799999999999
0.73854,0.527748,59,llama31_70b,0.7468354430379747,0.625783,0.6257830000000001,0.554164,0.65184,0.554164,0.698576,0.5985520000000001
0.66656,0.455024,60,llama31_70b,0.759493670886076,0.555886,0.555886,0.493272,0.5751919999999999,0.493272,0.620916,0.534164
0.693228,0.473128,61,llama31_70b,0.7721518987341772,0.5773789999999999,0.577379,0.523092,0.614572,0.523092,0.631344,0.540508
0.6966239999999999,0.467928,62,llama31_70b,0.7848101265822784,0.576975,0.576975,0.5274679999999999,0.616008,0.5274679999999999,0.625016,0.539408
0.6918320000000001,0.46836000000000005,63,llama31_70b,0.7974683544303798,0.575184,0.5751839999999999,0.526052,0.614232,0.526052,0.624116,0.5363359999999999
0.707692,0.48031599999999997,64,llama31_70b,0.810126582278481,0.589121,0.589121,0.531776,0.6288,0.531776,0.647404,0.548504
0.700028,0.46558,65,llama31_70b,0.8227848101265823,0.578099,0.578099,0.518972,0.6168560000000001,0.518972,0.6379440000000001,0.538624
0.686236,0.45351199999999997,66,llama31_70b,0.8354430379746836,0.565354,0.5653539999999999,0.491784,0.589228,0.491784,0.640748,0.539656
0.6760959999999999,0.437628,67,llama31_70b,0.8481012658227848,0.55345,0.55345,0.48332,0.562992,0.48332,0.625576,0.5419120000000001
0.661284,0.43589599999999995,68,llama31_70b,0.8607594936708861,0.5441020000000001,0.5441020000000001,0.476488,0.5606559999999999,0.476488,0.6115520000000001,0.527712
0.639608,0.42290799999999995,69,llama31_70b,0.8734177215189873,0.529654,0.5296540000000001,0.466388,0.5455920000000001,0.466388,0.5934360000000001,0.5132
0.634164,0.40581599999999995,70,llama31_70b,0.8860759493670886,0.519167,0.5191669999999999,0.453824,0.5301239999999999,0.453824,0.58562,0.5071000000000001
0.608856,0.377668,71,llama31_70b,0.8987341772151899,0.492572,0.492572,0.41459599999999996,0.49121200000000004,0.41459599999999996,0.5732280000000001,0.491252
0.6253,0.39185200000000003,72,llama31_70b,0.9113924050632911,0.508426,0.508426,0.439336,0.5102960000000001,0.439336,0.579356,0.5047159999999999
0.652416,0.403936,73,llama31_70b,0.9240506329113924,0.526948,0.526948,0.47163199999999994,0.521468,0.47163199999999994,0.583248,0.531444
0.6596439999999999,0.420132,74,llama31_70b,0.9367088607594937,0.5377179999999999,0.5377180000000001,0.49007599999999996,0.5513,0.49007599999999996,0.586412,0.5230840000000001
0.66268,0.45004,75,llama31_70b,0.9493670886075949,0.5541860000000001,0.554186,0.5071559999999999,0.5868279999999999,0.5071559999999999,0.603588,0.519172
0.668332,0.465356,76,llama31_70b,0.9620253164556962,0.5637369999999999,0.5637369999999999,0.524112,0.588796,0.524112,0.605964,0.536076
0.698516,0.49563999999999997,77,llama31_70b,0.9746835443037974,0.5919909999999999,0.5919909999999999,0.5442119999999999,0.6381479999999999,0.565552,0.620052,0.5442119999999999
0.67402,0.46749999999999997,78,llama31_70b,0.9873417721518988,0.56655,0.56655,0.512456,0.6198919999999999,0.559608,0.574244,0.512456
0.6723399999999999,0.492676,79,llama31_70b,1.0,0.579709,0.579709,0.5383960000000001,0.6211880000000001,0.577412,0.5818400000000001,0.5383960000000001
0.5076320000000001,0.467808,0,llama33_70b,0.0,0.48888899999999996,0.488889,0.46946799999999994,0.510108,0.47106,0.50492,0.46946799999999994
0.446504,0.452224,1,llama33_70b,0.012658227848101266,0.45688599999999996,0.456886,0.426636,0.426636,0.44075200000000003,0.47376,0.48639599999999994
0.434192,0.42489199999999994,2,llama33_70b,0.02531645569620253,0.43974699999999994,0.439747,0.37645199999999995,0.37645199999999995,0.435,0.44400399999999995,0.503532
0.400036,0.33153599999999994,3,llama33_70b,0.0379746835443038,0.398743,0.39874299999999996,0.37681200000000004,0.37681200000000004,0.395956,0.401968,0.42023599999999994
0.462716,0.36797599999999997,4,llama33_70b,0.05063291139240506,0.433918,0.433918,0.39783599999999997,0.43498000000000003,0.39783599999999997,0.46795200000000003,0.43490400000000007
0.475584,0.37758400000000003,5,llama33_70b,0.06329113924050633,0.42803099999999994,0.428031,0.392408,0.43451599999999996,0.392408,0.464048,0.421152
0.432864,0.31163199999999996,6,llama33_70b,0.0759493670886076,0.376039,0.376039,0.36213999999999996,0.367676,0.36213999999999996,0.39115199999999994,0.383188
0.589484,0.479628,7,llama33_70b,0.08860759493670886,0.522583,0.522583,0.484056,0.520804,0.561676,0.484056,0.523796
0.571588,0.53234,8,llama33_70b,0.10126582278481013,0.5474,0.5474,0.519356,0.568672,0.519356,0.5733159999999999,0.5282560000000001
0.553452,0.532036,9,llama33_70b,0.11392405063291139,0.540622,0.540622,0.510892,0.57348,0.510892,0.566408,0.511708
0.536076,0.47538,10,llama33_70b,0.12658227848101267,0.504491,0.504491,0.49658,0.506956,0.49658,0.511632,0.502796
0.547136,0.456984,11,llama33_70b,0.13924050632911392,0.49810099999999996,0.498101,0.484348,0.487376,0.510864,0.484348,0.509816
0.560604,0.5036120000000001,12,llama33_70b,0.1518987341772152,0.531118,0.531118,0.512892,0.529284,0.550364,0.512892,0.531932
0.490012,0.418304,13,llama33_70b,0.16455696202531644,0.46122299999999994,0.46122300000000005,0.44718,0.47584400000000004,0.45441600000000004,0.467452,0.44718
0.584176,0.61844,14,llama33_70b,0.17721518987341772,0.602303,0.6023029999999999,0.5555640000000001,0.649356,0.559284,0.6450079999999999,0.5555640000000001
0.7277,0.6993400000000001,15,llama33_70b,0.189873417721519,0.7138249999999999,0.7138250000000002,0.629896,0.734976,0.629896,0.7865200000000001,0.703908
0.558276,0.5179239999999999,16,llama33_70b,0.20253164556962025,0.5354979999999999,0.535498,0.465412,0.51412,0.465412,0.603616,0.558844
0.5814360000000001,0.497524,17,llama33_70b,0.21518987341772153,0.5356799999999999,0.5356799999999999,0.417824,0.550896,0.417824,0.651872,0.5221279999999999
0.4698,0.41134799999999994,18,llama33_70b,0.22784810126582278,0.441774,0.441774,0.33187600000000006,0.46874000000000005,0.33187600000000006,0.553468,0.413012
0.631796,0.6524840000000001,19,llama33_70b,0.24050632911392406,0.638456,0.6384559999999999,0.5458999999999999,0.664976,0.5458999999999999,0.722852,0.620096
0.704916,0.736316,20,llama33_70b,0.25316455696202533,0.704704,0.704704,0.644148,0.73452,0.644148,0.7606680000000001,0.6794800000000001
0.6652679999999999,0.5322960000000001,21,llama33_70b,0.26582278481012656,0.58992,0.58992,0.525388,0.605484,0.525388,0.651736,0.577072
0.722672,0.518224,22,llama33_70b,0.27848101265822783,0.605232,0.605232,0.5415679999999999,0.60698,0.5415679999999999,0.667108,0.605272
0.814784,0.539312,23,llama33_70b,0.2911392405063291,0.6730510000000001,0.673051,0.617696,0.6528679999999999,0.617696,0.725984,0.6956559999999999
0.803448,0.56454,24,llama33_70b,0.3037974683544304,0.685469,0.685469,0.6381119999999999,0.675852,0.6381119999999999,0.727736,0.7001759999999999
0.8423959999999999,0.5858080000000001,25,llama33_70b,0.31645569620253167,0.717452,0.717452,0.6710240000000001,0.7119,0.6710240000000001,0.760496,0.726388
0.8060640000000001,0.624604,26,llama33_70b,0.3291139240506329,0.7199990000000001,0.7199990000000001,0.683888,0.737436,0.683888,0.754008,0.704664
0.7236360000000001,0.5796079999999999,27,llama33_70b,0.34177215189873417,0.6549679999999999,0.654968,0.6251359999999999,0.677956,0.6251359999999999,0.684448,0.632332
0.75646,0.510532,28,llama33_70b,0.35443037974683544,0.6358079999999999,0.635808,0.609836,0.637776,0.609836,0.661832,0.6337879999999999
0.709224,0.531104,29,llama33_70b,0.3670886075949367,0.6242539999999999,0.624254,0.594276,0.631524,0.594276,0.653708,0.6175080000000001
0.7178359999999999,0.5744319999999999,30,llama33_70b,0.379746835443038,0.648099,0.648099,0.5862999999999999,0.628736,0.5862999999999999,0.707052,0.6703079999999999
0.7686639999999999,0.679348,31,llama33_70b,0.3924050632911392,0.7256530000000001,0.7256529999999999,0.661524,0.7094239999999999,0.661524,0.7854559999999999,0.746208
0.7744520000000001,0.5543440000000001,32,llama33_70b,0.4050632911392405,0.670064,0.670064,0.577184,0.648208,0.577184,0.758612,0.6962519999999999
0.762296,0.581548,33,llama33_70b,0.4177215189873418,0.672739,0.6727390000000001,0.590384,0.6624720000000002,0.590384,0.755344,0.6827559999999999
0.735936,0.465676,34,llama33_70b,0.43037974683544306,0.603343,0.603343,0.534608,0.598124,0.534608,0.676732,0.603908
0.7563599999999999,0.479644,35,llama33_70b,0.4430379746835443,0.6132529999999999,0.6132529999999999,0.525544,0.599872,0.525544,0.703244,0.6243519999999999
0.703552,0.43687600000000004,36,llama33_70b,0.45569620253164556,0.5636639999999999,0.5636639999999999,0.49346,0.55236,0.49346,0.64144,0.567396
0.6582239999999999,0.45198800000000006,37,llama33_70b,0.46835443037974683,0.546695,0.546695,0.472132,0.5339280000000001,0.472132,0.628484,0.552236
0.6578560000000001,0.410016,38,llama33_70b,0.4810126582278481,0.522649,0.522649,0.464548,0.53974,0.464548,0.585656,0.500652
0.689396,0.417208,39,llama33_70b,0.4936708860759494,0.543167,0.5431670000000001,0.47510800000000003,0.562092,0.47510800000000003,0.6163240000000001,0.519144
0.691604,0.407068,40,llama33_70b,0.5063291139240507,0.5419780000000001,0.541978,0.47852399999999995,0.5620160000000001,0.47852399999999995,0.609228,0.518144
0.698852,0.431924,41,llama33_70b,0.5189873417721519,0.559156,0.559156,0.5094120000000001,0.578384,0.5094120000000001,0.61192,0.5369079999999999
0.7091879999999999,0.410984,42,llama33_70b,0.5316455696202531,0.552655,0.5526549999999999,0.5030399999999999,0.567788,0.5030399999999999,0.605496,0.5342959999999999
0.678852,0.431204,43,llama33_70b,0.5443037974683544,0.551624,0.551624,0.490948,0.571152,0.490948,0.6137319999999999,0.530664
0.699716,0.45326399999999994,44,llama33_70b,0.5569620253164557,0.573963,0.573963,0.514336,0.5911000000000001,0.514336,0.63438,0.556036
0.675676,0.43338400000000005,45,llama33_70b,0.569620253164557,0.551402,0.5514020000000001,0.4902160000000001,0.5758719999999999,0.4902160000000001,0.614852,0.524668
0.693312,0.44374,46,llama33_70b,0.5822784810126582,0.5640510000000001,0.564051,0.508016,0.581564,0.508016,0.622936,0.543688
0.67726,0.39636,47,llama33_70b,0.5949367088607594,0.534017,0.534017,0.48123199999999994,0.540964,0.48123199999999994,0.590032,0.5238400000000001
0.6571959999999999,0.36704400000000004,48,llama33_70b,0.6075949367088608,0.511578,0.511578,0.458252,0.515428,0.458252,0.569248,0.503384
0.7061040000000001,0.41492,49,llama33_70b,0.620253164556962,0.558338,0.5583379999999999,0.512836,0.5830279999999999,0.512836,0.6073839999999999,0.530104
0.7128760000000001,0.432632,50,llama33_70b,0.6329113924050633,0.571576,0.5715760000000001,0.524564,0.589892,0.524564,0.621248,0.5506
0.712692,0.438412,51,llama33_70b,0.6455696202531646,0.573278,0.5732780000000001,0.533,0.5940559999999999,0.533,0.616384,0.549672
0.71572,0.446296,52,llama33_70b,0.6582278481012658,0.5773039999999999,0.577304,0.544328,0.5931120000000001,0.544328,0.614228,0.557548
0.659504,0.407972,53,llama33_70b,0.6708860759493671,0.532862,0.5328620000000002,0.502048,0.542064,0.502048,0.5673560000000001,0.5199800000000001
0.701392,0.458204,54,llama33_70b,0.6835443037974683,0.5769540000000001,0.576954,0.542604,0.600956,0.542604,0.6129119999999999,0.551344
0.6933320000000001,0.433776,55,llama33_70b,0.6962025316455697,0.56019,0.56019,0.5335319999999999,0.5834079999999999,0.546516,0.577304,0.5335319999999999
0.68,0.428552,56,llama33_70b,0.7088607594936709,0.55095,0.5509499999999999,0.526156,0.576216,0.542484,0.558944,0.526156
0.6905319999999999,0.4399519999999999,57,llama33_70b,0.7215189873417721,0.5645399999999999,0.56454,0.523892,0.605644,0.55264,0.5759839999999999,0.523892
0.650636,0.395448,58,llama33_70b,0.7341772151898734,0.5223460000000001,0.522346,0.49613999999999997,0.547644,0.505096,0.540504,0.49613999999999997
0.65536,0.42116800000000004,59,llama33_70b,0.7468354430379747,0.537509,0.537509,0.5031,0.572624,0.525288,0.5490240000000001,0.5031
0.63708,0.410548,60,llama33_70b,0.759493670886076,0.5232910000000001,0.523291,0.49214,0.554636,0.5054559999999999,0.540932,0.49214
0.621232,0.41938000000000003,61,llama33_70b,0.7721518987341772,0.519654,0.5196540000000001,0.49208799999999997,0.547088,0.520144,0.519296,0.49208799999999997
0.640072,0.453728,62,llama33_70b,0.7848101265822784,0.54651,0.5465099999999999,0.5150600000000001,0.579448,0.5412039999999999,0.5503279999999999,0.5150600000000001
0.636012,0.49130000000000007,63,llama33_70b,0.7974683544303798,0.5628150000000001,0.562815,0.5228079999999999,0.60404,0.5689879999999999,0.555424,0.5228079999999999
0.6085240000000001,0.448164,64,llama33_70b,0.810126582278481,0.527432,0.5274319999999999,0.501116,0.5547799999999999,0.5259679999999999,0.5278639999999999,0.501116
0.6029320000000001,0.434812,65,llama33_70b,0.8227848101265823,0.517904,0.517904,0.488836,0.54694,0.5067240000000001,0.529116,0.488836
0.589232,0.412192,66,llama33_70b,0.8354430379746836,0.500315,0.500315,0.475676,0.5242559999999999,0.47597199999999995,0.5253559999999999,0.475676
0.613772,0.431884,67,llama33_70b,0.8481012658227848,0.523389,0.523389,0.504808,0.542772,0.5049319999999999,0.541044,0.504808
0.6417080000000001,0.4643280000000001,68,llama33_70b,0.8607594936708861,0.553544,0.553544,0.522092,0.5857800000000001,0.534064,0.57224,0.522092
0.6626000000000001,0.486744,69,llama33_70b,0.8734177215189873,0.5759259999999999,0.5759259999999999,0.5367359999999999,0.61636,0.5601079999999999,0.5905,0.5367359999999999
0.655876,0.48761599999999994,70,llama33_70b,0.8860759493670886,0.572847,0.572847,0.542068,0.6043120000000001,0.550388,0.59462,0.542068
0.656652,0.46052799999999994,71,llama33_70b,0.8987341772151899,0.558073,0.558073,0.5343519999999999,0.581792,0.537932,0.5782160000000001,0.5343519999999999
0.661228,0.45963600000000004,72,llama33_70b,0.9113924050632911,0.560475,0.5604750000000001,0.533172,0.58426,0.533172,0.589732,0.5347359999999999
0.6564160000000001,0.46353599999999995,73,llama33_70b,0.9240506329113924,0.559631,0.559631,0.531044,0.567208,0.531044,0.588152,0.55212
0.6681520000000001,0.48094799999999993,74,llama33_70b,0.9367088607594937,0.573829,0.573829,0.53226,0.595164,0.53226,0.6131880000000001,0.554704
0.686488,0.493004,75,llama33_70b,0.9493670886075949,0.587397,0.5873970000000001,0.545848,0.620824,0.545848,0.627008,0.5559080000000001
0.695916,0.501908,76,llama33_70b,0.9620253164556962,0.594803,0.594803,0.554732,0.629272,0.554732,0.6324639999999999,0.562744
0.678184,0.50592,77,llama33_70b,0.9746835443037974,0.589709,0.589709,0.544376,0.638644,0.545968,0.629848,0.544376
0.686728,0.496484,78,llama33_70b,0.9873417721518988,0.587477,0.587477,0.5573520000000001,0.607448,0.5573520000000001,0.6171840000000001,0.567924
0.678896,0.49698,79,llama33_70b,1.0,0.58371,0.58371,0.5462239999999999,0.598784,0.5462239999999999,0.620668,0.569164
