analysis	model	layer	normalized_depth	task	fold_seed	normalization	ridge_fraction	penalty	RR_auc	RT_auc	TT_auc	TR_auc	direction_cosine_mean
fold_seed	8b	23	0.75	purpose_benchmark	20260822	none	0.1	0.020785274894271455	0.8908352556708958	0.8714677047289504	0.8728613994617455	0.850658400615148	0.5156590541398113
fold_seed	8b	23	0.75	purpose_benchmark	20260825	none	0.1	0.01847846981930029	0.8953287197231834	0.8744473279507882	0.8729094579008074	0.8568339100346021	0.5155827467512157
fold_seed	8b	23	0.75	purpose_benchmark	20260826	none	0.1	0.021217800845828527	0.8970828527489427	0.8615916955017301	0.8638023836985774	0.856857939254133	0.5158870135656405
fold_seed	8b	23	0.75	purpose_benchmark	20260827	none	0.1	0.019703960015378663	0.8958093041138023	0.8746395617070357	0.8742310649750096	0.8559928873510189	0.5154102748861685
fold_seed	8b	23	0.75	purpose_benchmark	20260828	none	0.1	0.021313917723952303	0.8966743560169166	0.8746155324875048	0.8755767012687428	0.85500768935025	0.5156961987725198
fold_seed	8b	23	0.75	purpose_benchmark	20260829	none	0.1	0.027104959630911196	0.8948241061130334	0.8652681660899654	0.8805507497116494	0.855896770472895	0.5156262251094879
fold_seed	8b	23	0.75	purpose_benchmark	20260830	none	0.1	0.020472895040369088	0.8970347943098809	0.8738946559015763	0.8795415224913494	0.8617358708189158	0.5159284450952173
fold_seed	8b	23	0.75	purpose_benchmark	20260831	none	0.1	0.020088427527873876	0.8966983852364475	0.8737745098039216	0.8728613994617455	0.8556084198385236	0.5160374501626822
ridge_normalization	8b	23	0.75	purpose_benchmark	20260822	none	0.01	0.02150615148019991	0.8925173010380623	0.8722126105344098	0.8746155324875048	0.8519079200307574	0.5090274485861965
ridge_normalization	8b	23	0.75	purpose_benchmark	20260822	none	0.1	0.020785274894271455	0.8908352556708958	0.8714677047289504	0.8728613994617455	0.850658400615148	0.5156590541398113
ridge_normalization	8b	23	0.75	purpose_benchmark	20260822	none	1.0	0.01666426374471358	0.8820405613225683	0.8667099192618224	0.8631535947712419	0.8451557093425606	0.5454254118230653
ridge_normalization	8b	23	0.75	purpose_benchmark	20260822	l2	0.01	0.021337946943483288	0.8937187620146098	0.876898308342945	0.8766099577085736	0.8507545174932718	0.5071859895822567
ridge_normalization	8b	23	0.75	purpose_benchmark	20260822	l2	0.1	0.020472895040369088	0.8920607458669743	0.8761774317570166	0.8745915032679739	0.8495290272971934	0.5137263314322035
ridge_normalization	8b	23	0.75	purpose_benchmark	20260822	l2	1.0	0.01646001537870051	0.8834342560553633	0.8714917339484813	0.8648596693579392	0.8438821607074202	0.542677117505426
fold_seed	8b	23	0.75	purpose_casual	20260822	none	0.1	0.00784554017685496	1.0	0.974745290272972	0.9893069973087274	0.9988706266820454	0.3126325487872528
fold_seed	8b	23	0.75	purpose_casual	20260825	none	0.1	0.0074370434448289835	1.0	0.9750336409073433	0.9890907343329489	0.9991830065359477	0.3127286892619397
fold_seed	8b	23	0.75	purpose_casual	20260826	none	0.1	0.0071366782006919705	1.0	0.9761630142252979	0.9895713187235678	0.9991349480968859	0.312344293977321
fold_seed	8b	23	0.75	purpose_casual	20260827	none	0.1	0.008121876201460987	1.0	0.9740724721261054	0.9892589388696655	0.9989427143406382	0.3124879264317437
fold_seed	8b	23	0.75	purpose_casual	20260828	none	0.1	0.0074370434448288725	1.0	0.9759948096885813	0.9900038446751249	0.9991349480968859	0.31247206159028557
fold_seed	8b	23	0.75	purpose_casual	20260829	none	0.1	0.007485101883890732	1.0	0.9753460207612457	0.9895713187235678	0.9992550941945406	0.3125930568286249
fold_seed	8b	23	0.75	purpose_casual	20260830	none	0.1	0.007413014225297998	1.0	0.975682429834679	0.9894992310649751	0.9989907727797002	0.31250514214455255
fold_seed	8b	23	0.75	purpose_casual	20260831	none	0.1	0.007461072664359802	1.0	0.9757304882737409	0.9893790849673203	0.9987264513648597	0.3125204461247509
ridge_normalization	8b	23	0.75	purpose_casual	20260822	none	0.01	0.00783352556708966	1.0	0.9748414071510957	0.9893790849673203	0.9988706266820454	0.31181983518719986
ridge_normalization	8b	23	0.75	purpose_casual	20260822	none	0.1	0.00784554017685496	1.0	0.974745290272972	0.9893069973087274	0.9988706266820454	0.3126325487872528
ridge_normalization	8b	23	0.75	purpose_casual	20260822	none	1.0	0.00779748173779321	1.0	0.9746011149557863	0.9889946174548251	0.9987985390234525	0.3150157369249142
ridge_normalization	8b	23	0.75	purpose_casual	20260822	l2	0.01	0.006307670126874332	1.0	0.9777249134948097	0.9880334486735871	0.9976931949250288	0.31325540089082043
ridge_normalization	8b	23	0.75	purpose_casual	20260822	l2	0.1	0.006319684736639741	1.0	0.9777249134948097	0.9879853902345251	0.9976211072664359	0.31396911311669384
ridge_normalization	8b	23	0.75	purpose_casual	20260822	l2	1.0	0.006319684736639741	1.0	0.9774365628604383	0.9878412149173394	0.9977652825836217	0.3157526721742715
fold_seed	8b	23	0.75	format_evaluation	20260822	none	0.1	0.0	1.0	1.0	1.0	1.0	0.4444796152191996
fold_seed	8b	23	0.75	format_evaluation	20260825	none	0.1	0.0	1.0	1.0	1.0	1.0	0.444454980551804
fold_seed	8b	23	0.75	format_evaluation	20260826	none	0.1	0.0	1.0	1.0	1.0	1.0	0.4444792126780551
fold_seed	8b	23	0.75	format_evaluation	20260827	none	0.1	0.0	1.0	1.0	1.0	1.0	0.44446120544362133
fold_seed	8b	23	0.75	format_evaluation	20260828	none	0.1	0.0	1.0	1.0	1.0	1.0	0.44438054719730513
fold_seed	8b	23	0.75	format_evaluation	20260829	none	0.1	0.0	1.0	1.0	1.0	1.0	0.4444800070090194
fold_seed	8b	23	0.75	format_evaluation	20260830	none	0.1	0.0	1.0	1.0	1.0	1.0	0.44444252361781034
fold_seed	8b	23	0.75	format_evaluation	20260831	none	0.1	0.0	1.0	1.0	1.0	1.0	0.4444344943652293
ridge_normalization	8b	23	0.75	format_evaluation	20260822	none	0.01	0.0	1.0	1.0	1.0	1.0	0.4423560703395653
ridge_normalization	8b	23	0.75	format_evaluation	20260822	none	0.1	0.0	1.0	1.0	1.0	1.0	0.4444796152191996
ridge_normalization	8b	23	0.75	format_evaluation	20260822	none	1.0	0.0	1.0	1.0	1.0	1.0	0.45099163682553706
ridge_normalization	8b	23	0.75	format_evaluation	20260822	l2	0.01	0.0	1.0	1.0	1.0	1.0	0.45577837402240523
ridge_normalization	8b	23	0.75	format_evaluation	20260822	l2	0.1	0.0	1.0	1.0	1.0	1.0	0.45801029282268957
ridge_normalization	8b	23	0.75	format_evaluation	20260822	l2	1.0	0.0	1.0	1.0	1.0	1.0	0.46505064574119687
fold_seed	8b	23	0.75	format_deployment	20260822	none	0.1	-8.410226835831036e-05	0.9991589773164168	0.998534217608612	0.9983419838523645	0.9991349480968859	0.5212316182676446
fold_seed	8b	23	0.75	format_deployment	20260825	none	0.1	0.0001321607074202813	0.9992791234140715	0.9981497500961168	0.9982458669742407	0.9991109188773548	0.521022830264657
fold_seed	8b	23	0.75	format_deployment	20260826	none	0.1	2.4029219530929957e-05	0.9988946559015763	0.9984861591695502	0.9982458669742407	0.998606305267205	0.521137817731754
fold_seed	8b	23	0.75	format_deployment	20260827	none	0.1	-0.00010813148788924032	0.9989667435601691	0.9987024221453287	0.9983179546328336	0.9987985390234525	0.5209974660490815
fold_seed	8b	23	0.75	format_deployment	20260828	none	0.1	-6.0073048827380404e-05	0.9988465974625144	0.9981497500961168	0.9980536332179931	0.9988706266820454	0.5210739214768451
fold_seed	8b	23	0.75	format_deployment	20260829	none	0.1	-3.6043829296394936e-05	0.9987985390234525	0.9982698961937716	0.9982458669742407	0.9988465974625144	0.520844513415115
fold_seed	8b	23	0.75	format_deployment	20260830	none	0.1	-6.0073048827380404e-05	0.9992791234140715	0.998606305267205	0.9983419838523645	0.9991349480968859	0.5210911167372869
fold_seed	8b	23	0.75	format_deployment	20260831	none	0.1	-0.00022827758554394562	0.9989907727797002	0.998558246828143	0.9982218377547097	0.9991109188773548	0.5210242464111177
ridge_normalization	8b	23	0.75	format_deployment	20260822	none	0.01	-0.00010813148788929583	0.9991589773164168	0.998606305267205	0.9983660130718954	0.9991349480968859	0.5203615362497975
ridge_normalization	8b	23	0.75	format_deployment	20260822	none	0.1	-8.410226835831036e-05	0.9991589773164168	0.998534217608612	0.9983419838523645	0.9991349480968859	0.5212316182676446
ridge_normalization	8b	23	0.75	format_deployment	20260822	none	1.0	-0.00013216070742017028	0.999038831218762	0.9983900422914264	0.9981978085351788	0.9991109188773548	0.5230461732947593
ridge_normalization	8b	23	0.75	format_deployment	20260822	l2	0.01	-2.4029219530929957e-05	0.9994473279507882	0.9988225682429834	0.9985101883890811	0.9991830065359477	0.542985890387915
ridge_normalization	8b	23	0.75	format_deployment	20260822	l2	0.1	-3.6043829296394936e-05	0.9994473279507882	0.9988225682429834	0.9984861591695502	0.9991830065359477	0.5440894621631935
ridge_normalization	8b	23	0.75	format_deployment	20260822	l2	1.0	-0.0001201460976547053	0.9992550941945406	0.9986783929257977	0.9982939254133025	0.9991109188773548	0.5470057128783377
fold_seed	70b	59	0.75	purpose_benchmark	20260822	none	0.1	0.009311322568242963	0.9200067281814687	0.9033304498269896	0.9055651672433679	0.903618800461361	0.4530664570736536
fold_seed	70b	59	0.75	purpose_benchmark	20260825	none	0.1	0.009155132641291808	0.9200307574009996	0.9053969627066513	0.9090494040753556	0.9053729334871203	0.45315133209588343
fold_seed	70b	59	0.75	purpose_benchmark	20260826	none	0.1	0.0058991733948480785	0.9205834294502114	0.9046520569011919	0.9028258362168397	0.906958861976163	0.4528806118262395
fold_seed	70b	59	0.75	purpose_benchmark	20260827	none	0.1	0.010188389081122629	0.9191657054978855	0.9034265667051135	0.9097222222222222	0.905084582852749	0.4527243699807005
fold_seed	70b	59	0.75	purpose_benchmark	20260828	none	0.1	0.009803921568627416	0.9210159554017685	0.9068387158785083	0.9087370242214533	0.9033064206074587	0.4528614976404402
fold_seed	70b	59	0.75	purpose_benchmark	20260829	none	0.1	0.00950355632449057	0.9208477508650519	0.9060697808535179	0.9086889657823913	0.9044598231449442	0.4530861268373328
fold_seed	70b	59	0.75	purpose_benchmark	20260830	none	0.1	0.009972126105344148	0.9209198385236448	0.9070309496347558	0.9096981930026913	0.9036428296808919	0.45293731557319256
fold_seed	70b	59	0.75	purpose_benchmark	20260831	none	0.1	0.008073817762399071	0.9199826989619377	0.9030661284121492	0.9075595924644367	0.9083285274894272	0.4529490898945384
ridge_normalization	70b	59	0.75	purpose_benchmark	20260822	none	0.01	0.00950355632449057	0.9206555171088043	0.9035947712418301	0.9065984236831988	0.9046520569011919	0.4497374279423503
ridge_normalization	70b	59	0.75	purpose_benchmark	20260822	none	0.1	0.009311322568242963	0.9200067281814687	0.9033304498269896	0.9055651672433679	0.903618800461361	0.4530664570736536
ridge_normalization	70b	59	0.75	purpose_benchmark	20260822	none	1.0	0.007689350249903859	0.9150326797385621	0.9025855440215301	0.8992935409457901	0.8963619761630143	0.46784215772559967
ridge_normalization	70b	59	0.75	purpose_benchmark	20260822	l2	0.01	0.010104286812764318	0.9253412149173394	0.9044598231449442	0.9049163783160323	0.9055891964628989	0.45211542042650804
ridge_normalization	70b	59	0.75	purpose_benchmark	20260822	l2	0.1	0.00968377547097271	0.9243319876970396	0.9044357939254133	0.9040032679738562	0.9045319108035371	0.45535944430467684
ridge_normalization	70b	59	0.75	purpose_benchmark	20260822	l2	1.0	0.007100634371395631	0.9189494425221069	0.9032583621683967	0.8966503267973857	0.8981401384083045	0.4696675326798987
fold_seed	70b	59	0.75	purpose_casual	20260822	none	0.1	0.010176374471357108	1.0	0.975682429834679	0.9922385620915033	0.99620338331411	0.27099555003284104
fold_seed	70b	59	0.75	purpose_casual	20260825	none	0.1	0.010488754325259586	1.0	0.9744088811995386	0.9923106497500961	0.9969242599000384	0.2709896383378559
fold_seed	70b	59	0.75	purpose_casual	20260826	none	0.1	0.00950355632449057	1.0	0.9767877739331027	0.9927912341407151	0.9969963475586313	0.2709642874977741
fold_seed	70b	59	0.75	purpose_casual	20260827	none	0.1	0.009059015763168088	1.0	0.9763071895424836	0.991878123798539	0.9974529027297193	0.27099444596290717
fold_seed	70b	59	0.75	purpose_casual	20260828	none	0.1	0.008890811226451356	1.0	0.977556708958093	0.9928633217993079	0.9975249903883122	0.2710096878981131
fold_seed	70b	59	0.75	purpose_casual	20260829	none	0.1	0.008950884275278737	1.0	0.9773404459823145	0.9924788542868128	0.9972366397539408	0.27099089204757804
fold_seed	70b	59	0.75	purpose_casual	20260830	none	0.1	0.009047001153402512	1.0	0.9766676278354479	0.9926710880430604	0.9979094579008074	0.27095829250264003
fold_seed	70b	59	0.75	purpose_casual	20260831	none	0.1	0.009888023836985782	1.0	0.9757785467128027	0.9923106497500961	0.9967560553633218	0.27097465755811345
ridge_normalization	70b	59	0.75	purpose_casual	20260822	none	0.01	0.010116301422529728	1.0	0.9758266051518647	0.9922625913110342	0.99620338331411	0.2700766871894294
ridge_normalization	70b	59	0.75	purpose_casual	20260822	none	0.1	0.010176374471357108	1.0	0.975682429834679	0.9922385620915033	0.99620338331411	0.27099555003284104
ridge_normalization	70b	59	0.75	purpose_casual	20260822	none	1.0	0.010236447520184544	1.0	0.9752499038831218	0.9919021530180699	0.996179354094579	0.27498811420298785
ridge_normalization	70b	59	0.75	purpose_casual	20260822	l2	0.01	0.008001730103806226	1.0	0.9818819684736639	0.9931036139946174	0.995218185313341	0.26846384890297725
ridge_normalization	70b	59	0.75	purpose_casual	20260822	l2	0.1	0.007953671664744255	1.0	0.9818339100346021	0.9930074971164936	0.9952662437524029	0.26930668806487795
ridge_normalization	70b	59	0.75	purpose_casual	20260822	l2	1.0	0.008109861591695522	1.0	0.9812331795463284	0.9929354094579008	0.9954825067281815	0.27290689424240766
fold_seed	70b	59	0.75	format_evaluation	20260822	none	0.1	0.0	1.0	1.0	1.0	1.0	0.35757490281747795
fold_seed	70b	59	0.75	format_evaluation	20260825	none	0.1	0.0	1.0	1.0	1.0	1.0	0.35751617358387255
fold_seed	70b	59	0.75	format_evaluation	20260826	none	0.1	0.0	1.0	1.0	1.0	1.0	0.35757612529689586
fold_seed	70b	59	0.75	format_evaluation	20260827	none	0.1	0.0	1.0	1.0	1.0	1.0	0.35764546177037454
fold_seed	70b	59	0.75	format_evaluation	20260828	none	0.1	0.0	1.0	1.0	1.0	1.0	0.3575854339461394
fold_seed	70b	59	0.75	format_evaluation	20260829	none	0.1	0.0	1.0	1.0	1.0	1.0	0.3576090244497351
fold_seed	70b	59	0.75	format_evaluation	20260830	none	0.1	0.0	1.0	1.0	1.0	1.0	0.357610486378786
fold_seed	70b	59	0.75	format_evaluation	20260831	none	0.1	0.0	1.0	1.0	1.0	1.0	0.35755047337036616
ridge_normalization	70b	59	0.75	format_evaluation	20260822	none	0.01	0.0	1.0	1.0	1.0	1.0	0.3557833989750809
ridge_normalization	70b	59	0.75	format_evaluation	20260822	none	0.1	0.0	1.0	1.0	1.0	1.0	0.35757490281747795
ridge_normalization	70b	59	0.75	format_evaluation	20260822	none	1.0	0.0	1.0	1.0	1.0	1.0	0.3646495918890318
ridge_normalization	70b	59	0.75	format_evaluation	20260822	l2	0.01	0.0	1.0	1.0	1.0	1.0	0.3689209549026824
ridge_normalization	70b	59	0.75	format_evaluation	20260822	l2	0.1	0.0	1.0	1.0	1.0	1.0	0.37044239647111804
ridge_normalization	70b	59	0.75	format_evaluation	20260822	l2	1.0	0.0	1.0	1.0	1.0	1.0	0.37607717888742276
fold_seed	70b	59	0.75	format_deployment	20260822	none	0.1	0.0016219723183390489	0.9978373702422145	0.9964436755094195	0.9988225682429834	0.9969723183391004	0.4189069621309292
fold_seed	70b	59	0.75	format_deployment	20260825	none	0.1	0.001189446366782032	0.9969482891195693	0.9961312956555171	0.998606305267205	0.9970444059976932	0.41900556361196173
fold_seed	70b	59	0.75	format_deployment	20260826	none	0.1	0.0015018262206843436	0.9972846981930027	0.9966118800461361	0.9986543637062668	0.9963235294117647	0.41883528353693683
fold_seed	70b	59	0.75	format_deployment	20260827	none	0.1	0.00159794309880823	0.996683967704729	0.9958429450211457	0.9984861591695502	0.9961312956555171	0.4187803328280665
fold_seed	70b	59	0.75	format_deployment	20260828	none	0.1	0.0016339869281045694	0.9964917339484813	0.9959630911188004	0.9982939254133025	0.9955545943867743	0.41891362689166345
fold_seed	70b	59	0.75	format_deployment	20260829	none	0.1	0.0017180891964628797	0.9966118800461361	0.995746828143022	0.9986303344867359	0.9960592079969243	0.4188941840517738
fold_seed	70b	59	0.75	format_deployment	20260830	none	0.1	0.0017421184159938097	0.9974769319492502	0.9961553248750481	0.9986543637062668	0.9964917339484813	0.4189150011559497
fold_seed	70b	59	0.75	format_deployment	20260831	none	0.1	0.0015258554402152735	0.9972126105344098	0.9959150326797386	0.9986783929257977	0.9969242599000384	0.4189441852664676
ridge_normalization	70b	59	0.75	format_deployment	20260822	none	0.01	0.001549884659746259	0.9978613994617455	0.9965397923875432	0.9987985390234525	0.9970203767781622	0.41802022995708843
ridge_normalization	70b	59	0.75	format_deployment	20260822	none	0.1	0.0016219723183390489	0.9978373702422145	0.9964436755094195	0.9988225682429834	0.9969723183391004	0.4189069621309292
ridge_normalization	70b	59	0.75	format_deployment	20260822	none	1.0	0.001585928489042543	0.9977412533640907	0.9962754709727029	0.9987024221453287	0.9969963475586313	0.4218808417743702
ridge_normalization	70b	59	0.75	format_deployment	20260822	l2	0.01	0.0013336216839676673	0.998101691657055	0.9975490196078431	0.9986783929257977	0.9965638216070742	0.44352354031714947
ridge_normalization	70b	59	0.75	format_deployment	20260822	l2	0.1	0.0013095924644366819	0.9980055747789311	0.9975009611687813	0.9986783929257977	0.9965638216070742	0.444613980728345
ridge_normalization	70b	59	0.75	format_deployment	20260822	l2	1.0	0.001201460976547497	0.9978373702422145	0.9974529027297193	0.998534217608612	0.9965157631680123	0.4486380450981671
fold_seed	405b	94	0.75	purpose_benchmark	20260822	none	0.1	0.007004517493271856	0.96659938485198	0.9357939254133025	0.924115724721261	0.9409121491733948	0.45490254618582826
fold_seed	405b	94	0.75	purpose_benchmark	20260825	none	0.1	0.00776143790849676	0.9649894271434064	0.9357939254133025	0.9267108804306036	0.9403835063437139	0.4547663264801959
fold_seed	405b	94	0.75	purpose_benchmark	20260826	none	0.1	0.005803056516724359	0.9660467128027682	0.935577662437524	0.9243079584775087	0.9431708958093041	0.4546914255327743
fold_seed	405b	94	0.75	purpose_benchmark	20260827	none	0.1	0.01030853517877739	0.9660467128027682	0.9338956170703575	0.9290176855055747	0.9405517108804307	0.4546449509609115
fold_seed	405b	94	0.75	purpose_benchmark	20260828	none	0.1	0.007581218762014619	0.9663110342176087	0.9369232987312572	0.9269271434063822	0.9411524413687044	0.45475222887375805
fold_seed	405b	94	0.75	purpose_benchmark	20260829	none	0.1	0.007965686274509831	0.9648692810457516	0.9359140715109573	0.9278162245290273	0.940840061514802	0.454625442971787
fold_seed	405b	94	0.75	purpose_benchmark	20260830	none	0.1	0.00859044598231451	0.9654459823144944	0.9365868896578239	0.9288494809688581	0.9405276816608996	0.4547602445223638
fold_seed	405b	94	0.75	purpose_benchmark	20260831	none	0.1	0.006127450980392191	0.9657343329488658	0.9371155324875048	0.9266147635524798	0.9429786620530565	0.45474793246401257
ridge_normalization	405b	94	0.75	purpose_benchmark	20260822	none	0.01	0.007136678200692026	0.9669598231449442	0.9359621299500193	0.9247404844290658	0.9414648212226067	0.45368182014391356
ridge_normalization	405b	94	0.75	purpose_benchmark	20260822	none	0.1	0.007004517493271856	0.96659938485198	0.9357939254133025	0.924115724721261	0.9409121491733948	0.45490254618582826
ridge_normalization	405b	94	0.75	purpose_benchmark	20260822	none	1.0	0.006608035371011178	0.9649653979238755	0.935097078046905	0.9201989619377162	0.9368512110726643	0.4588894975586271
ridge_normalization	405b	94	0.75	purpose_benchmark	20260822	l2	0.01	0.008698577470203805	0.9711889657823913	0.9393262206843521	0.9238994617454825	0.9383650519031141	0.4557272834179833
ridge_normalization	405b	94	0.75	purpose_benchmark	20260822	l2	0.1	0.008638504421376425	0.970924644367551	0.9391820453671664	0.9232747020376778	0.9377402921953095	0.4568841839457553
ridge_normalization	405b	94	0.75	purpose_benchmark	20260822	l2	1.0	0.008254036908881213	0.969939446366782	0.9387495194156094	0.919357939254133	0.9340397923875432	0.46054903290385846
fold_seed	405b	94	0.75	purpose_casual	20260822	none	0.1	0.0070766051518646456	1.0	0.9847414455978469	0.9958189158016147	0.9969242599000384	0.31635214146183055
fold_seed	405b	94	0.75	purpose_casual	20260825	none	0.1	0.006884371395617095	1.0	0.9847414455978469	0.9959150326797386	0.9974048442906575	0.3163647532961117
fold_seed	405b	94	0.75	purpose_casual	20260826	none	0.1	0.007929642445213325	1.0	0.9830834294502114	0.9962514417531718	0.9973087274125336	0.3163831287461564
fold_seed	405b	94	0.75	purpose_casual	20260827	none	0.1	0.006584006151480193	1.0	0.9849817377931565	0.9957227989234909	0.9975730488273741	0.3164604856981619
fold_seed	405b	94	0.75	purpose_casual	20260828	none	0.1	0.006692137639369489	1.0	0.9855344098423683	0.9963475586312956	0.9974288735101884	0.3162561344773046
fold_seed	405b	94	0.75	purpose_casual	20260829	none	0.1	0.006319684736639686	1.0	0.9861351403306421	0.9959150326797386	0.997140522875817	0.3163565472913854
fold_seed	405b	94	0.75	purpose_casual	20260830	none	0.1	0.0067762399077277435	1.0	0.9846933871587851	0.9959871203383314	0.9977412533640907	0.31645110649298963
fold_seed	405b	94	0.75	purpose_casual	20260831	none	0.1	0.007761437908496649	1.0	0.9837322183775471	0.9958429450211457	0.9965878508266052	0.3163710538987071
ridge_normalization	405b	94	0.75	purpose_casual	20260822	none	0.01	0.007052575932333716	1.0	0.9847895040369089	0.9958189158016147	0.9969242599000384	0.3156915599820245
ridge_normalization	405b	94	0.75	purpose_casual	20260822	none	0.1	0.0070766051518646456	1.0	0.9847414455978469	0.9958189158016147	0.9969242599000384	0.31635214146183055
ridge_normalization	405b	94	0.75	purpose_casual	20260822	none	1.0	0.007028546712802675	1.0	0.9845492118415994	0.9957227989234909	0.9971164936562861	0.3189434304995413
ridge_normalization	405b	94	0.75	purpose_casual	20260822	l2	0.01	0.005959246443675514	1.0	0.9888985005767013	0.9959630911188004	0.9951460976547482	0.3162685438845694
ridge_normalization	405b	94	0.75	purpose_casual	20260822	l2	0.1	0.005995290272971909	1.0	0.9888504421376394	0.9959630911188004	0.9951220684352172	0.316983523887575
ridge_normalization	405b	94	0.75	purpose_casual	20260822	l2	1.0	0.005791041906958838	1.0	0.9889946174548251	0.9958669742406767	0.9952902729719338	0.31989044154607515
fold_seed	405b	94	0.75	format_evaluation	20260822	none	0.1	0.0	1.0	1.0	1.0	1.0	0.36757133132283315
fold_seed	405b	94	0.75	format_evaluation	20260825	none	0.1	0.0	1.0	1.0	1.0	1.0	0.3675399278080055
fold_seed	405b	94	0.75	format_evaluation	20260826	none	0.1	0.0	1.0	1.0	1.0	1.0	0.3676679345099879
fold_seed	405b	94	0.75	format_evaluation	20260827	none	0.1	0.0	1.0	1.0	1.0	1.0	0.3676031759386648
fold_seed	405b	94	0.75	format_evaluation	20260828	none	0.1	0.0	1.0	1.0	1.0	1.0	0.367535297359073
fold_seed	405b	94	0.75	format_evaluation	20260829	none	0.1	0.0	1.0	1.0	1.0	1.0	0.36757814351303414
fold_seed	405b	94	0.75	format_evaluation	20260830	none	0.1	0.0	1.0	1.0	1.0	1.0	0.36761611043809456
fold_seed	405b	94	0.75	format_evaluation	20260831	none	0.1	0.0	1.0	1.0	1.0	1.0	0.36751903760003957
ridge_normalization	405b	94	0.75	format_evaluation	20260822	none	0.01	0.0	1.0	1.0	1.0	1.0	0.36637490353647395
ridge_normalization	405b	94	0.75	format_evaluation	20260822	none	0.1	0.0	1.0	1.0	1.0	1.0	0.36757133132283315
ridge_normalization	405b	94	0.75	format_evaluation	20260822	none	1.0	0.0	1.0	1.0	1.0	1.0	0.3722786504401878
ridge_normalization	405b	94	0.75	format_evaluation	20260822	l2	0.01	0.0	1.0	1.0	1.0	1.0	0.3822401286658243
ridge_normalization	405b	94	0.75	format_evaluation	20260822	l2	0.1	0.0	1.0	1.0	1.0	1.0	0.3834747606538867
ridge_normalization	405b	94	0.75	format_evaluation	20260822	l2	1.0	0.0	1.0	1.0	1.0	1.0	0.388411806806719
fold_seed	405b	94	0.75	format_deployment	20260822	none	0.1	0.0008890811226451301	0.9991830065359477	0.9967560553633218	0.9977412533640907	0.9983900422914264	0.4332116289328187
fold_seed	405b	94	0.75	format_deployment	20260825	none	0.1	0.0008650519031141446	0.9989427143406382	0.9963715878508266	0.9975249903883122	0.9983660130718954	0.43327882061819223
fold_seed	405b	94	0.75	format_deployment	20260826	none	0.1	0.0012975778546712724	0.9991589773164168	0.9965157631680123	0.9980536332179931	0.998101691657055	0.4331774777857711
fold_seed	405b	94	0.75	format_deployment	20260827	none	0.1	0.0009851980007688499	0.9989667435601691	0.9965157631680123	0.9976211072664359	0.998101691657055	0.43322574302884986
fold_seed	405b	94	0.75	format_deployment	20260828	none	0.1	0.0012735486351403424	0.9983419838523645	0.9960592079969243	0.9971164936562861	0.9968521722414456	0.4331749084664101
fold_seed	405b	94	0.75	format_deployment	20260829	none	0.1	0.001165417147250991	0.998582276047674	0.995746828143022	0.9972606689734718	0.9977652825836217	0.43313778591172375
fold_seed	405b	94	0.75	format_deployment	20260830	none	0.1	0.0008530372933487351	0.9991349480968859	0.9968041138023837	0.9977412533640907	0.9983660130718954	0.433308080344348
fold_seed	405b	94	0.75	format_deployment	20260831	none	0.1	0.0008169934640522847	0.9989427143406382	0.9967320261437909	0.997645136485967	0.9982218377547097	0.4332097961016876
ridge_normalization	405b	94	0.75	format_deployment	20260822	none	0.01	0.0009131103421761155	0.9992550941945406	0.9967560553633218	0.9977412533640907	0.9984140715109573	0.43263635782748155
ridge_normalization	405b	94	0.75	format_deployment	20260822	none	0.1	0.0008890811226451301	0.9991830065359477	0.9967560553633218	0.9977412533640907	0.9983900422914264	0.4332116289328187
ridge_normalization	405b	94	0.75	format_deployment	20260822	none	1.0	0.0008530372933487351	0.9991589773164168	0.9967079969242599	0.9975490196078431	0.9982939254133025	0.43514001018686227
ridge_normalization	405b	94	0.75	format_deployment	20260822	l2	0.01	0.0008650519031142556	0.9992791234140715	0.9968762014609766	0.997645136485967	0.9983179546328336	0.44701666823911357
ridge_normalization	405b	94	0.75	format_deployment	20260822	l2	0.1	0.0008650519031142001	0.9992550941945406	0.9969002306805075	0.997645136485967	0.9982698961937716	0.44761080488039295
ridge_normalization	405b	94	0.75	format_deployment	20260822	l2	1.0	0.0008290080738178052	0.9991349480968859	0.9969002306805075	0.9975249903883122	0.998101691657055	0.4496262871467779
